timestamp,cpu_cores_busy,rss_mb,network_recv_mb_s,network_send_mb_s,disk_read_mb_s,disk_write_mb_s,num_fds,active_read_tasks,active_rechunk_tasks,active_compute_tasks,active_store_tasks,active_other_tasks,sources_started,sources_finished
1788474638.506182,0.0,1711.01171875,0.0,0.0,0.0,0.0,18.0,0,0,0,0,0,0,0
1788474639.5076602,1.0684206657105983,1776.67578125,0.13175180883055937,0.07701361550899606,0.0,0.0,50.0,16,0,0,0,0,0,0
1788474640.5082216,2.5685578170635335,1906.8671875,3.832630671207739,0.23700376895049133,0.0,0.0,84.0,16,0,0,0,0,1,0
1788474641.507525,1.0507320019983835,1922.1796875,4.15758143733976,0.17543330576883712,0.0,0.0,95.0,16,0,0,0,0,1,1
1788474642.5075214,3.8300136971963386,1996.75390625,14.461846572804115,0.2836800230027068,0.0,0.015625055879554317,98.0,16,0,0,0,0,3,2
1788474643.5075192,2.4700053000563993,2032.44921875,7.443410632776188,0.1540435281733879,0.0,0.0,98.0,16,0,0,0,0,4,3
1788474644.5075157,1.720006151221324,2037.65234375,4.615065866944314,0.1467996125207395,0.0,0.0,98.0,16,0,0,0,0,4,4
1788474645.5080464,3.0983556414466324,2065.0390625,17.142508691704812,0.284850578930688,0.0,0.0,98.0,16,0,0,0,0,5,5
1788474646.5078344,3.12066143703879,2230.47265625,10.443743822159266,0.24454340913074427,0.0,0.0,98.0,14,0,2,0,0,7,6
1788474647.5075154,3.2310307119113193,2336.8125,11.797785147792755,0.23953163464716862,0.0,0.0,98.0,15,1,0,0,0,8,7
1788474648.507517,2.6999954938963784,2312.8515625,5.569679501591561,0.21487867733222454,0.0,0.003906243480752858,98.0,16,0,0,0,0,9,8
1788474649.507523,2.659984145258988,2329.875,11.573306719620707,0.2627605035275011,0.0,0.0,98.0,16,0,0,0,0,10,9
1788474650.507523,3.0200000000000102,2376.4453125,10.602376937866211,0.22502517700195312,0.0,0.0,98.0,15,0,1,0,0,11,10
1788474651.5075226,3.0100014352805213,2405.31640625,11.455172278963222,0.2620955763318903,0.0,0.0,98.0,16,0,0,0,0,12,11
1788474652.5080264,2.548716011778631,2444.34375,5.8612516344300385,0.2292126831056113,0.0,0.0,98.0,14,1,1,0,0,13,13
1788474653.5085838,3.458072392164982,2533.39453125,14.462711853906052,0.24253581792299653,0.0,0.0039040737808943436,98.0,14,0,2,0,0,14,14
1788474654.507524,2.812981114638929,2568.1015625,5.367880876182229,0.2354294022782151,0.0,0.0,98.0,16,0,0,0,0,16,15
1788474655.5080502,3.3982118955484744,2586.84375,13.963676015623454,0.24308383797873995,0.0,0.0,98.0,16,0,0,0,0,17,16
1788474656.5080788,2.3699321956959905,2627.45703125,10.367642374733695,0.21941892379025105,0.0,0.0,97.0,15,0,1,0,0,18,17
1788474657.5086663,2.258673112261631,2657.6875,5.487153924162594,0.2031506149494087,0.0,0.0,96.0,15,0,1,0,0,19,18
1788474658.5075161,3.243730715983854,2727.69921875,13.887464792766645,0.24136933461909355,0.0,0.0039107478732444126,97.0,16,0,0,0,0,20,19
1788474659.5072904,2.4705578084575044,2742.25,8.909621575267739,0.19574007173727398,0.0,0.0,97.0,15,1,0,0,0,21,20
1788474660.5078666,1.6290612409068845,2750.5625,3.5839256409944813,0.07074094275030435,0.0,0.0,97.0,16,0,0,0,0,21,20
1788474661.508434,3.228168220433089,2760.078125,13.929165026482814,0.2560602609107572,0.07417665947686317,0.0,96.0,16,0,0,0,0,22,21
1788474662.5079622,2.441151809556747,2787.234375,4.169918124191231,0.21220301384076853,0.0,0.0,96.0,16,0,0,0,0,23,22
1788474663.5085247,2.598538505474491,2803.55859375,8.936853876520464,0.19959858582878826,0.0,0.0,96.0,15,0,1,0,0,24,23
1788474664.5081975,3.3510961780443793,2818.41796875,9.378807955864774,0.26439827786379555,0.0,0.003907528192682352,95.0,15,0,1,0,0,25,25
1788474665.50753,3.1020708557119296,2841.796875,15.360022559921212,0.26456660902625884,0.0,0.0,94.0,16,0,0,0,0,26,26
1788474666.5075126,2.120036898301505,2852.78515625,5.726897731670001,0.16846759274822964,0.0,4.250073970651592,95.0,15,0,1,0,0,27,27
1788474667.5080023,2.33885463537668,2859.61328125,6.43172198368204,0.17669798429971895,0.0,0.07027808399569341,95.0,16,0,0,0,0,28,27
1788474668.5085542,2.558587815572462,2861.61328125,8.98378051474294,0.22015246082620318,0.0,0.0,95.0,15,0,1,0,0,29,28
1788474669.5081804,2.380890072735317,2869.84765625,8.92263095029117,0.1720251406241652,0.0,0.27353976019477494,94.0,15,0,1,0,0,30,29
1788474670.5077734,2.6210667230836013,2875.203125,11.106557582329044,0.24123663686254607,0.0,0.0,94.0,15,0,1,0,0,31,30
1788474671.5075238,3.070766537801039,2939.70703125,9.742867656334921,0.23396324146123168,0.0,0.0,94.0,15,0,1,0,0,32,31
1788474672.508055,2.798513439192154,2993.9453125,8.982014673068143,0.22852202723582235,0.0,0.0,93.0,16,0,0,0,0,33,32
1788474673.5084498,2.259108056320861,2993.9453125,9.404187837824955,0.1781790102860847,0.0,0.0,93.0,14,1,1,0,0,34,33
1788474674.507979,2.8013190758645248,3058.015625,7.972014600953313,0.21210358251940628,0.0,0.0,91.0,15,1,0,0,0,35,34
1788474675.5075216,2.8212901388373712,3145.5234375,12.277289352650257,0.2684695540916318,0.0,0.003908037093912631,94.0,15,0,1,0,0,36,36
1788474676.5075216,2.5600000000000307,3126.39453125,7.381401062011719,0.2069530487060547,0.0,0.0,95.0,15,0,1,0,0,37,36
1788474677.5075269,2.5599865723360296,3129.09375,9.9479668485473,0.22281148389514788,0.0,0.011718688533032482,94.0,16,0,0,0,0,38,38
1788474678.5075197,3.1200223161386544,3130.59765625,7.262475460592227,0.2186685943741396,0.0,0.0,96.0,15,0,1,0,0,39,39
1788474679.5080745,3.448087001215964,3167.58984375,17.138662894116734,0.29715645716766614,0.0,0.0,96.0,16,0,0,0,0,40,40
1788474680.5085287,2.9186743748940884,3168.59375,7.613695123383987,0.20119207599049524,0.0,0.0039044766359349592,95.0,15,0,0,0,0,42,41
1788474681.5075202,2.302321916032998,3182.96875,13.040693792042813,0.24103822510055908,0.0,0.0,96.0,15,0,1,0,0,43,42
1788474682.5080438,3.5081632407958923,3191.5625,10.845197664720601,0.26423924699154056,0.0,0.0,96.0,15,0,1,0,0,44,43
1788474683.5085857,2.178819242444504,3193.5625,8.73329382494352,0.19251785443231473,0.0,0.0,97.0,16,0,0,0,0,45,44
1788474684.5075147,2.3024658862975067,3193.85546875,6.490369496292435,0.2085076848316822,0.0,0.0,97.0,15,0,1,0,0,46,45
1788474685.5080636,2.68852443140957,3198.9453125,8.17012795578141,0.16607896952918622,0.0,0.0039041072714474504,96.0,16,0,0,0,0,46,46
1788474686.5075295,0.9905289995572678,3201.32421875,2.5577834689546726,0.0968592082563625,0.0,0.0,96.0,16,0,0,0,0,47,46
1788474687.5075169,2.8300357608545443,3259.51953125,11.140720953514704,0.2288637470671164,0.0,0.0,96.0,14,0,2,0,0,48,47
1788474688.5080612,2.8184658819178754,3243.234375,9.86695140598777,0.2165550243566975,0.0,0.0,96.0,14,1,1,0,0,49,48
1788474689.5086265,2.948333335319021,3247.19140625,12.56705558567199,0.25861997891187666,0.0,0.0,97.0,16,0,0,0,0,50,49
1788474690.5075288,3.043340611499622,3247.2109375,10.803707186672076,0.22518270997923479,0.0,0.0,97.0,15,1,0,0,0,51,50
1788474691.508092,2.448621072060553,3251.22265625,6.824114189692485,0.19459828349456448,0.0,0.00390405145417815,94.0,15,0,1,0,0,52,51
1788474692.5075164,2.1212208526464242,3251.2578125,11.216359207899062,0.20093752460107495,0.0,0.0,93.0,16,0,0,0,0,53,52
1788474693.5075154,3.6000034332308077,3256.03515625,9.818330591517059,0.20840473976587273,0.0,0.003906253725293851,91.0,15,1,0,0,0,54,53
1788474694.508044,2.2887902050293487,3258.03515625,6.980127586636645,0.2158816791337396,0.0,0.0,92.0,15,0,1,0,0,55,54
1788474695.5085983,2.768465375423952,3259.04296875,7.84306642307433,0.1949278814019538,0.0,0.0,92.0,15,0,1,0,0,56,55
1788474696.50752,2.712925529997848,3308.05078125,9.042425845169474,0.26369397350362705,0.0,0.08603027222663906,94.0,15,0,1,0,0,57,56
1788474697.5075166,2.9000096798266557,3424.94921875,11.682379616097123,0.21431803714097022,0.0,4.160170136065937,94.0,16,0,0,0,0,58,57
1788474698.5075207,2.5499896645964695,3432.51953125,9.219678703656683,0.2354269022328048,0.0,0.06249974668128643,94.0,15,0,1,0,0,59,58
1788474699.5080643,2.158826474103696,3433.88671875,8.35098737449316,0.16584345744062315,0.0,0.0,93.0,16,0,0,0,0,60,59
1788474700.5085187,2.428896246851332,3432.71875,8.457583390726393,0.17911686974674765,0.0,0.0,93.0,15,0,1,0,0,61,60
1788474701.5080514,3.3315568378930576,3497.4921875,13.282479682010827,0.3063412735214477,0.0,0.003908076245651597,95.0,15,0,1,0,0,62,61
1788474702.5086052,3.0483117036610707,3514.28125,8.756342653278454,0.22564121138237922,0.0,0.0,93.0,15,1,0,0,0,63,62
1788474703.5076828,2.3721882048045178,3518.2890625,9.763562016831187,0.20921073826464318,0.0,0.0,94.0,16,0,0,0,0,64,63
1788474704.5075214,3.1905149790384293,3600.30078125,10.544630697961454,0.2693010131802375,0.0,0.0,95.0,15,1,0,0,0,65,65
1788474705.5080497,2.398732664207492,3563.30859375,8.852554974121414,0.21232545061145902,0.003904187278983539,0.0,95.0,15,0,1,0,0,66,65
1788474706.5085194,3.1685117988005427,3577.5546875,10.176861663466209,0.2732776744321272,0.0,0.0,95.0,15,0,1,0,0,67,67
1788474707.5075274,2.6826613602447527,3626.08203125,10.413257972341277,0.2339595569888665,0.0,0.003910129081513447,95.0,16,0,0,0,0,68,68
1788474708.507533,2.5499854088664615,3642.08203125,11.503086072429243,0.23915249355796686,0.0,0.0,95.0,15,0,1,0,0,69,68
1788474709.507524,2.4600222875706774,3662.171875,7.210861685930268,0.19211657057516143,0.0,0.0,97.0,15,0,1,0,0,70,69
1788474710.5080705,3.218241374676074,3707.40625,12.393020438469655,0.25323476455679794,0.0,0.0,96.0,16,0,0,0,0,71,70
1788474711.5085223,2.1890109978101586,3731.53125,9.030173259180511,0.18755354548247116,0.0,0.0,96.0,15,0,1,0,0,72,72
1788474712.5081959,1.5004897524049383,3732.59375,2.736044322175278,0.047176500470434195,0.0,0.0195376269844393,96.0,15,0,1,0,0,72,72
1788474713.507522,2.581739500958834,3816.50390625,7.250756892914623,0.22876989930520927,0.0,0.0,95.0,15,0,1,0,0,73,72
1788474714.5080748,3.588017067060101,3863.28125,13.960745571080741,0.2898388275141292,0.0,0.0,95.0,15,0,1,0,0,74,74
1788474715.5085416,3.0485768524463643,3872.125,10.104794219236073,0.23819294410120245,0.0,0.0,96.0,16,0,0,0,0,76,75
1788474716.5075233,1.891926521819686,3873.125,7.032018124916916,0.18670306415247803,0.0,0.0,94.0,15,0,1,0,0,76,76
1788474717.50805,2.7485524291239507,3913.3671875,10.6956751950965,0.24696694612884554,0.03123355033095334,0.0039041937913691675,94.0,15,0,1,0,0,78,77
1788474718.5086186,1.119363498224438,3924.36328125,1.9627663617675744,0.05501289230629194,0.0,0.0,94.0,14,0,2,0,0,78,77
1788474719.5081487,2.801316403062402,3960.3671875,11.810135311293259,0.22757352529009503,0.0,0.0,95.0,16,0,0,0,0,79,78
1788474720.507517,2.041289218697647,4016.3671875,4.509581060464185,0.1542894155172599,0.0,0.0,94.0,15,0,1,0,0,80,79
1788474721.5080786,2.9883221295797533,3995.12890625,9.848772559314446,0.2714912028830553,0.0,0.0,95.0,16,0,0,0,0,81,80
1788474722.5086384,3.098265569792267,4000.65234375,10.988537529440135,0.20185423999893248,0.0,0.0,97.0,16,0,0,0,0,82,81
1788474723.507307,2.6735593880708346,4132.4140625,10.932093813861991,0.2090767585324395,0.0,0.003911457438071773,96.0,14,1,1,0,0,82,82
1788474724.507845,2.3387420553977294,4057.54296875,7.472188649751224,0.21457193510875575,0.0,0.0,94.0,15,0,1,0,0,84,83
1788474725.5083973,2.6485369062396016,4072.7890625,11.048312439936797,0.27916459456310205,0.0,0.0,94.0,16,0,0,0,0,85,84
1788474726.5080352,3.5612897489377606,4173.91796875,10.189130136651414,0.23765683191482512,0.0,0.07815330383027033,94.0,16,0,0,0,0,86,85
1788474727.5076535,2.6610157313789853,4177.15625,10.627856063260383,0.22832812150061665,0.0,0.0,94.0,16,0,0,0,0,87,86
1788474728.5081875,2.19882570038583,4200.51171875,6.068029311738421,0.18249206966494336,0.0,0.07808329901938357,96.0,14,0,2,0,0,88,87
1788474729.5075204,2.9019358674424285,4320.5703125,9.360175555039167,0.2189418314085677,0.0,4.323196483555075,93.0,16,0,0,0,0,89,88
1788474730.5080605,3.278229696687967,4340.578125,10.875362230431573,0.2610322861366035,0.0,0.0,94.0,16,0,0,0,0,90,89
1788474731.5085204,2.6787680093073454,4359.234375,9.278427580165353,0.25484476195673594,0.0,0.0,96.0,16,0,0,0,0,91,90
1788474732.508214,2.59079373596927,4361.56640625,9.095617262883856,0.2233521956375585,0.0,0.0,95.0,15,0,1,0,0,92,91
1788474733.5077724,2.8612633943095966,4387.19921875,8.615687430649176,0.23460161261238052,0.0,0.003907975571336297,96.0,16,0,0,0,0,93,93
1788474734.508488,2.2983555400429108,4387.19921875,7.889370917767472,0.21072187987291846,0.0,0.011710371297773215,95.0,16,0,0,0,0,94,93
1788474735.5080109,2.7813269031365633,4387.19921875,10.56835538843447,0.24608908277860642,0.0,0.0,94.0,15,0,1,0,0,95,95
1788474736.5075269,3.561723837707175,4465.19921875,10.964485622838584,0.2756594630980704,0.0,0.0,95.0,16,0,0,0,0,97,96
1788474737.5081623,2.4884188946832344,4488.2109375,8.993243457361729,0.1995096937813932,0.0,0.0,96.0,15,0,1,0,0,97,97
1788474738.5077236,2.5211059844521415,4509.4140625,10.850603368329459,0.17952115987161726,0.0,0.003907964385621439,95.0,16,0,0,0,0,98,98
1788474739.508274,1.0794057779451984,4519.28125,0.20873404338212745,0.07458014355862692,0.0,0.0,96.0,16,0,0,0,0,99,98
1788474740.5079706,2.9508956170369243,4519.28125,10.666038958452727,0.24733229971350082,0.0,0.0,95.0,15,0,1,0,0,100,99
1788474741.5076954,3.3909329644778223,4546.96875,16.444242633819442,0.27835398208983697,0.0,0.0,96.0,16,0,0,0,0,101,100
1788474742.5082102,2.4187549562572257,4562.96875,8.758955339294067,0.21978127770934713,0.0,0.0,96.0,16,0,0,0,0,102,101
1788474743.5075278,2.641802644531391,4568.96484375,7.604672568533693,0.18603812244091653,0.0,0.0,96.0,15,0,1,0,0,103,102
1788474744.50809,2.4086458809405826,4674.74609375,8.462647694763124,0.1869257042859301,0.0,0.003904055175279782,96.0,15,1,0,0,0,104,103
1788474745.5075262,2.371337101995048,4678.74609375,9.572539104218835,0.23852541747387068,0.0,0.0,96.0,15,0,1,0,0,104,104
1788474746.5081367,2.6783646173989464,4681.7421875,7.086845061730601,0.19788389667049094,0.0,0.011711599014979038,96.0,15,0,1,0,0,105,105
1788474747.5076754,2.501153882208365,4718.74609375,9.699707253822362,0.21359951855382958,0.0,0.0,96.0,16,0,0,0,0,106,106
1788474748.507521,1.9002935863123116,4718.74609375,6.117649134788357,0.1436646210371094,0.0,0.0,97.0,15,0,1,0,0,107,106
1788474749.5075214,1.7199991798404495,4759.76953125,3.301135396415998,0.16250602602671335,0.0,0.003906248137355739,96.0,15,1,0,0,0,108,107
1788474750.5080597,3.1383104932084747,4770.01953125,13.907626290282378,0.24750164539449196,0.0,0.0,96.0,15,0,1,0,0,109,108
1788474751.5075364,3.361759305399754,4854.79296875,11.624392400102192,0.26366871662926705,0.0,0.0,96.0,13,2,1,0,0,110,109
1788474752.5082445,2.7780328660935374,4927.03125,7.451070385207161,0.19669147165517428,0.0,0.0,95.0,15,0,1,0,0,111,110
1788474753.507367,3.052679088526944,4967.03515625,11.477811294406584,0.25452826465181905,0.0,0.003909681209691256,94.0,15,1,0,0,0,112,111
1788474754.5079281,2.198765970445996,4987.03515625,9.55716095998292,0.22387147106102046,0.0,0.0,95.0,16,0,0,0,0,113,112
1788474755.507529,3.0112018088884454,4989.03515625,10.23727540946852,0.2268857495176059,0.0,0.003907809656468613,95.0,16,0,0,0,0,114,113
1788474756.5075145,2.0100292329271814,5053.796875,6.536311796908286,0.1790253926632291,0.0,0.0,94.0,15,1,0,0,0,115,114
1788474757.50803,3.0184441098771977,5151.80078125,11.079020299461499,0.28439930169814315,0.0,0.08979746291284142,95.0,15,1,0,0,0,116,116
1788474758.508597,2.758436078787948,5151.80078125,7.384905503919525,0.19643899633091094,0.0,0.0,94.0,14,1,1,0,0,117,116
1788474759.507513,2.1623436580346898,5227.80078125,6.867664433124777,0.17144856576441886,0.0,0.0,95.0,15,1,0,0,0,118,117
1788474760.5080361,3.038410636678508,5204.546875,11.768982613598292,0.2425498594304108,0.0,4.310245352196046,96.0,15,1,0,0,0,119,118
1788474761.5086067,2.008853877227725,5204.04296875,6.451909203833396,0.21218591668638456,0.0,0.0,97.0,16,0,0,0,0,120,119
1788474762.50815,2.47112824692553,5247.8046875,8.237001862184067,0.18842335479842162,0.0,0.0,97.0,15,0,1,0,0,121,120
1788474763.507701,2.82126725852848,5269.8046875,13.350799776739926,0.26085936046483893,0.0,0.0,94.0,16,0,0,0,0,122,121
1788474764.5075228,2.5404524512246014,5270.80859375,7.40752540146706,0.23781815771193762,0.0,0.0,93.0,14,0,2,0,0,123,122
1788474765.5080655,2.9484000781588704,5332.81640625,13.886826892374266,0.22432838168222696,0.0,0.019520657297132427,92.0,16,0,0,0,0,124,123
1788474766.507664,1.1604659234560024,5332.96484375,0.7812451402702845,0.04480157991900053,0.0,0.0,92.0,16,0,0,0,0,124,123
1788474767.5082064,2.07887241488834,5399.96484375,5.895580185670281,0.16670530925308447,0.0,0.0,93.0,14,0,2,0,0,125,124
1788474768.5075204,2.251544402419567,5478.2734375,7.594865424114508,0.16720510699577973,0.0,0.0,93.0,16,0,0,0,0,126,125
1788474769.5080519,2.4187146103700523,5481.2734375,8.768844186379566,0.20476998512819988,0.0,0.0,94.0,16,0,0,0,0,127,126
1788474770.5077333,2.5007965717839964,5481.28515625,8.154096096130473,0.19775395376258537,0.0,0.003907494643412494,95.0,15,0,1,0,0,128,127
1788474771.5082788,2.468653345381175,5483.296875,12.181122205827966,0.22885808293968057,0.0,0.0,95.0,16,0,0,0,0,128,128
1788474772.5075223,3.252460493360861,5483.296875,8.576748376512212,0.24329757289858037,0.0,0.0,95.0,14,0,2,0,0,130,129
1788474773.507529,2.099985981081158,5491.29296875,6.226206223064841,0.17614247036238428,0.0,0.0,97.0,15,0,1,0,0,130,130
1788474774.508071,3.138299275814537,5588.296875,12.317086997331396,0.24064946264538933,0.0,0.0,94.0,15,0,1,0,0,131,131
1788474775.5077732,2.1206314918359093,5610.30078125,7.223321420777929,0.16939820727369423,0.0,0.003907413568388681,94.0,15,0,1,0,0,132,132
1788474776.5075397,3.3607844467099635,5646.3046875,10.05048452004078,0.2649515599196342,0.0,0.0,95.0,16,0,0,0,0,134,133
1788474777.5075214,2.2200407560200905,5649.30078125,8.849029868912675,0.20483583744990436,0.0,0.011718965139464316,96.0,16,0,0,0,0,134,134
1788474778.507518,3.0200100803712098,5693.30078125,11.798864646936668,0.2449673246246683,0.0,0.0,97.0,14,2,0,0,0,135,135
1788474779.5080569,3.7679697199899547,5791.3046875,9.84117101514477,0.25432425193563113,0.0,0.0,96.0,15,0,1,0,0,137,136
1788474780.5086005,2.0888645050354993,5771.43359375,6.219973197248048,0.19057214153225577,0.0,0.0039041277381794337,95.0,16,0,0,0,0,138,137
1788474781.5075254,3.864154079137537,5801.0703125,16.310924042823096,0.3175553935216401,0.07038816934957438,0.0,94.0,15,0,1,0,0,139,139
1788474782.5081713,2.5383605340274347,5920.8359375,9.248986362443958,0.2005111730652252,0.0,0.0,94.0,14,1,1,0,0,140,139
1788474783.5077345,2.3010050395088646,5947.83984375,9.52849679139181,0.23555649268498394,0.0,0.0,94.0,12,0,4,0,0,141,140
1788474784.5082695,6.056759565242674,6344.84765625,13.801052674722177,0.21340682866012733,0.0,0.0,94.0,6,1,9,0,0,142,141
1788474785.5085459,4.898646371091854,6596.84765625,9.176409850355014,0.14010753997830513,0.0,0.0,93.0,4,1,11,0,0,142,142
1788474786.5085344,9.880113068920863,8043.3359375,1.64024608893687,0.054394390804948484,0.0,0.003906294703995178,94.0,2,1,0,0,0,142,142
1788474787.5075257,3.4434736005793285,8542.359375,1.4125567740705234,0.03948761751883559,0.0,0.17595874821273996,95.0,2,0,1,0,5,143,142
1788474788.5080895,2.228743300937023,8910.359375,3.4370220763181467,0.06265731226360716,0.0,0.0,94.0,1,0,1,0,0,143,143
1788474789.5075278,1.9110734770564584,8689.4609375,0.005511518749755483,0.006979094206321261,0.0,0.0,94.0,0,0,3,0,0,143,143
1788474790.5075145,4.150055409217553,9233.45703125,0.0019569658255782683,0.0017853021566678938,0.0,0.0,95.0,0,0,2,0,2,143,143
1788474791.5075357,2.1099552283251226,9965.45703125,0.0168834918425622,0.019092154693182064,0.0,0.0039061671140496372,94.0,0,0,2,0,0,143,143
1788474792.5081198,1.9988324309692114,11935.9609375,0.0,0.0,0.01951984795868426,4.3060784596857475,94.0,0,0,2,0,0,143,143
1788474793.5077333,1.9907693856177626,12594.0703125,0.0,0.0,0.0,0.0,94.0,0,0,2,0,0,143,143
1788474794.508296,1.1493532958559238,7784.05078125,0.0007853857254238128,0.0004117556230377271,0.0,0.0,94.0,0,0,1,0,0,143,143
1788474795.5078957,1.000400465102469,9262.05078125,0.00038734682925374917,0.00039497927909126144,0.0,0.0,94.0,0,0,1,0,0,143,143
1788474796.5084603,1.0094301008036186,3790.0390625,0.014611577936040749,0.017444298720509965,0.0,0.06246473396062404,94.0,0,0,0,0,0,143,143
1788474797.5079603,1.3506752886964064,3794.66015625,0.63005953665933,0.1279717342201852,0.0,0.0,71.0,16,0,0,0,0,144,143
1788474798.508024,3.569772756260407,3794.69140625,17.8270197357489,0.32494669895920225,0.0,0.0,82.0,16,0,0,0,0,145,144
1788474799.5085702,3.238231223170222,3794.69140625,6.357574176207139,0.2316125334944163,0.0,0.0,82.0,16,0,0,0,0,146,145
1788474800.5081115,2.911335480085323,3796.67578125,14.223775516532376,0.20392617081466852,0.0,0.0,82.0,16,0,0,0,0,147,147
1788474801.5076876,1.1704961829694238,3461.65234375,1.6420267876692953,0.06313329959074791,0.0,0.01172371978134423,82.0,16,0,0,0,0,148,147
1788474802.5075293,2.8404496714071534,3357.64453125,13.393462481281178,0.26295914766169726,0.0,0.003906868496103623,82.0,14,0,2,0,0,149,148
1788474803.5082352,3.7973192543239014,3357.64453125,8.72796166074813,0.24308591427989418,0.0,0.0,82.0,16,0,0,0,0,150,149
1788474804.5075192,3.0321709464436846,3357.64453125,11.365085924394359,0.2549738136201623,0.0,0.0,82.0,16,0,0,0,0,151,151
1788474805.5075195,3.4099991869928075,3357.65625,7.999798774767214,0.22620863289627244,0.0,0.0,82.0,15,0,1,0,0,153,152
1788474806.5080378,3.9579485082490966,3357.65625,20.212865169315794,0.28382181438816073,0.0,0.0,82.0,16,0,0,0,0,154,153
1788474807.5079603,3.080238675491626,3357.65625,9.056790222364013,0.21743838011587563,0.0,0.0039065527032920285,82.0,15,0,1,0,0,155,154
1788474808.5085022,3.4081530351999603,3176.64453125,12.555787252324931,0.22761026427014208,0.0,0.0,82.0,16,0,0,0,0,156,155
1788474809.5080624,2.871263017718132,3236.6484375,9.505743526651065,0.22380183085869176,0.0,0.0,82.0,15,1,0,0,0,158,157
1788474810.508617,3.288176503527908,3236.66796875,12.167309484038384,0.2471049389629298,0.0,0.0,82.0,15,1,0,0,0,159,158
1788474811.5083237,2.6107656196861915,3236.66796875,6.3496012710484,0.1831687206092714,0.0,0.011722187588389806,82.0,16,0,0,0,0,160,159
1788474812.5075238,3.8730980691962653,3236.66796875,18.539279766945388,0.3062676257811775,0.0,0.0039093770885782675,85.0,16,0,0,0,0,161,161
1788474813.508046,3.5881265075083286,3236.6796875,13.24698379170803,0.2483158560455466,0.0,0.0,86.0,15,0,1,0,0,162,162
1788474814.5085194,2.9386085709043535,3263.8828125,12.411972480452972,0.22514554523162125,0.0,0.003904401268739768,86.0,14,0,2,0,0,164,163
1788474815.5080633,4.061852589608119,3305.17578125,10.754971089290096,0.2116978115829368,0.0,0.0,86.0,16,0,0,0,0,165,164
1788474816.5075178,3.191741100224863,3305.17578125,11.934958263518078,0.28061152438349474,0.0,0.0,86.0,15,1,0,0,0,166,165
1788474817.5080204,2.738623605117905,3305.17578125,12.206224746283253,0.24677462556107455,0.0,0.07808575516417358,86.0,16,0,0,0,0,167,167
1788474818.5085723,3.158256834847258,3351.796875,15.274353950167981,0.25055979587377364,0.0,6.558879898318146,86.0,15,0,1,0,0,168,167
1788474819.508291,3.5409962023541035,3354.8046875,9.318224788964027,0.23298905541548498,0.0,0.0,82.0,16,0,0,0,0,170,169
1788474820.507525,2.66203922558586,3359.4921875,14.48458074520453,0.23822723009354843,0.0,0.0,82.0,15,1,0,0,0,171,170
1788474821.5075314,3.029980495101689,3364.0,11.218030241294738,0.26246760210388737,0.121092970488023,0.0,82.0,15,0,1,0,0,172,171
1788474822.5072098,3.060984494228956,3363.50390625,8.553552327654364,0.19100419632454915,0.3907506758360154,0.0,83.0,15,0,1,0,0,173,172
1788474823.5079103,1.0992300181881567,3363.50390625,0.2753732093598606,0.05690022162172207,0.0,4.5007535900955915,83.0,15,0,1,0,0,173,173
1788474824.5084503,3.0383592310765883,3399.81640625,10.849553528132148,0.22295927935415813,0.0,0.0,84.0,16,0,0,0,0,174,174
1788474825.5075207,3.3631263422033273,3399.81640625,7.4495329210422385,0.243938235087062,0.0,0.0,85.0,15,1,0,0,0,176,175
1788474826.5075243,2.7699900937434476,3400.8125,13.902378908232778,0.2573242521610779,0.0,0.05468730442295877,86.0,15,0,1,0,0,177,176
1788474827.5075169,3.3600248338626457,3436.81640625,12.98065528877114,0.23597891696606302,0.0,0.0,85.0,15,0,1,0,0,178,177
1788474828.507065,2.2810305769308017,3436.81640625,7.466368858572721,0.173044185335925,0.0,1.3443573849784216,86.0,15,0,1,0,0,179,178
1788474829.5085335,2.9956011992011358,3436.81640625,8.545970289465709,0.23233438789961963,0.0,0.0,86.0,15,0,1,0,0,180,179
1788474830.5082219,2.6308197978678396,3436.81640625,8.2008396380918,0.17460923535122969,0.0,0.0,85.0,16,0,0,0,0,181,180
1788474831.5078053,2.431012558684304,3436.8203125,12.148039489981889,0.23944528363001386,0.0,0.0,86.0,15,0,1,0,0,182,181
1788474832.5083811,2.5685210946933092,3438.8203125,8.029863328948162,0.15171280231056689,0.0,0.0,85.0,15,0,1,0,0,183,182
1788474833.50752,2.402068584376973,3515.828125,7.406572470608673,0.1974175148161688,0.30104049641443464,0.22675777651996376,85.0,15,0,1,0,0,184,183
1788474834.5080862,2.888364480580941,3495.82421875,12.996610891612153,0.2658950088867888,0.19520196803234177,0.1327373382619924,84.0,16,0,0,0,0,185,184
1788474835.5077133,3.9914883727586346,3495.95703125,11.246026226286391,0.2540801480654655,0.0,0.13676974961481037,85.0,15,0,1,0,0,186,186
1788474836.5083296,2.2386203113782703,3522.828125,7.367708795729408,0.20102890498176149,0.0,0.0,86.0,15,0,1,0,0,187,187
1788474837.507904,2.811196380982357,3522.828125,9.62763245676406,0.17880038229999673,0.0,0.01563165247432391,83.0,16,0,0,0,0,188,188
1788474838.5075185,2.9011184474301044,3534.828125,12.046307296490294,0.2470978634942222,0.0,0.0,85.0,16,0,0,0,0,189,188
1788474839.507524,3.0099834943722703,3604.83984375,11.153528086865903,0.22510309758871924,0.0,0.003906228579698245,84.0,16,0,0,0,0,190,190
1788474840.508061,3.268245218221781,3604.83984375,13.954061377948966,0.23176147297927158,0.0,0.0,84.0,15,0,1,0,0,192,191
1788474841.5077684,2.7107930142946755,3653.83984375,7.060190881302681,0.21650353666293273,0.0,0.0,84.0,14,0,2,0,0,193,192
1788474842.5075164,3.4708746897095715,3637.83984375,11.221570301010171,0.2454670569131749,0.0,0.0,83.0,16,0,0,0,0,194,193
1788474843.5080569,2.558617080468738,3637.83984375,8.801175054586233,0.2078954460677539,0.0,0.0,83.0,15,0,1,0,0,195,195
1788474844.507913,2.77039829019759,3642.8359375,9.75040709864628,0.19850246834478663,0.0,0.003906811668261519,82.0,16,0,0,0,0,196,195
1788474845.5075436,2.7510166348896217,3646.8359375,11.143043450677048,0.2694190978054043,0.0,0.0,83.0,14,0,2,0,0,197,196
1788474846.5085251,3.5764894278111155,3700.8203125,10.620944397905784,0.29358084860951295,0.0,0.0,83.0,15,0,1,0,0,199,198
1788474847.5080528,2.070978137896277,3700.8203125,5.149583178586192,0.08207573700785936,0.0,0.015632383287261024,83.0,15,1,0,0,0,199,198
1788474848.507526,1.951028006528525,3710.82421875,5.458083716634217,0.13505136096661954,0.0,0.0,83.0,15,0,1,0,0,200,199
1788474849.507521,3.010015070513717,3750.828125,9.504354379520885,0.23700069833151458,0.0,0.15234451275700758,83.0,16,0,0,0,0,201,200
1788474850.5075266,3.379980659595639,3768.703125,17.18596256658993,0.29014421380492894,0.0,0.003906227648386106,81.0,15,0,1,0,0,202,202
1788474851.5075154,3.260036530904034,3856.703125,9.363934541922443,0.2443321904213309,0.0,0.0,83.0,16,0,0,0,0,203,203
1788474852.5075166,2.9799964475674243,3860.703125,18.123760552691756,0.25288647069159664,0.0,0.0,83.0,16,0,0,0,0,204,203
1788474853.5080626,3.0983083900897004,3934.83203125,6.1509385944887685,0.17032479196224368,0.0,0.0,81.0,14,2,0,0,0,206,205
1788474854.5086088,2.6485533152472196,3954.83203125,12.873941850476399,0.21574538405540683,0.0,4.173501612616896,81.0,15,0,1,0,0,206,206
1788474855.5075223,3.283567508968891,4014.70703125,12.972470175406773,0.240806903137588,0.0,0.3167503908947247,81.0,13,1,2,0,0,208,207
1788474856.5080693,2.828453027905025,4025.8359375,6.106777918685564,0.18158422608026786,0.0,0.0,81.0,16,0,0,0,0,209,208
1788474857.5086327,2.1587837776978414,4026.21875,11.048083633988592,0.19478695831715978,0.0,0.05465670733465391,81.0,16,0,0,0,0,210,208
1788474858.507515,3.273658989272507,4036.83984375,11.493458111674196,0.24577813336592183,0.0,0.0,82.0,15,0,1,0,0,211,210
1788474859.5075269,3.619956846751614,4106.71484375,9.175185499364146,0.23142157290490978,0.0,0.0,79.0,14,1,1,0,0,212,211
1788474860.5075197,2.5900185252560175,4114.71484375,8.782849189156455,0.20899254555138744,0.0,0.00390627793987708,82.0,16,0,0,0,0,213,212
1788474861.507523,3.2799890518554773,4122.83984375,15.863426664358782,0.30213350537560574,0.0,0.0,80.0,16,0,0,0,0,214,214
1788474862.5080507,3.2682755914011365,4124.9296875,9.103117656856865,0.19734842013031284,0.0,0.0,82.0,15,0,1,0,0,215,215
1788474863.508525,3.21847375290527,4186.484375,10.988966690362185,0.2311640297758045,0.0,0.0,82.0,15,0,1,0,0,217,216
1788474864.5080688,3.5816335642358195,4242.71875,13.690172505379389,0.2555639490686818,0.0,0.0,81.0,15,0,1,0,0,218,217
1788474865.5086093,2.8284712256744124,4268.72265625,11.80011013753848,0.23212284505611844,0.0,0.12883661446452355,82.0,16,0,0,0,0,219,218
1788474866.507824,3.172491518750809,4293.8515625,12.147239925459495,0.2990276806784045,0.0,0.003909320187735176,82.0,16,0,0,0,0,220,220
1788474867.5083506,2.9484471512421546,4356.4921875,9.16020324493216,0.2321155683301827,0.0,0.011712581374107503,82.0,16,0,0,0,0,222,221
1788474868.5078807,2.7312834929857908,4433.25390625,9.574312918367887,0.19718853440315928,0.0,0.0,82.0,15,0,1,0,0,223,222
1788474869.5075147,3.3312191346577156,4505.8828125,13.548651022748928,0.24330460371177137,0.0,0.0,82.0,15,0,1,0,0,224,223
1788474870.5075238,2.6299761726630733,4506.75,7.771288082850659,0.19445052406313076,0.0,0.0,81.0,16,0,0,0,0,225,224
1788474871.5080614,1.5591617417985182,4511.7421875,5.353781514807727,0.07092382115919257,0.0,0.003904150996089892,81.0,16,0,0,0,0,225,224
1788474872.5085146,2.3489353832808684,4533.74609375,9.571821205112714,0.17177997738432702,0.0,0.0,82.0,13,1,2,0,0,226,225
1788474873.5080404,3.151494484550876,4576.75,13.915749174382173,0.22685890731016156,0.0,0.003908103279452999,82.0,15,1,0,0,0,227,227
1788474874.508513,2.7886822204205926,4647.63671875,14.050682913414386,0.22620574479432526,0.0,0.0,83.0,15,1,0,0,0,228,228
1788474875.507516,2.492485173462853,4669.5078125,4.137206506159009,0.18178945624972256,0.0,0.0,84.0,14,1,1,0,0,229,228
1788474876.508029,2.728600018682336,4693.5078125,10.314847576145205,0.23514889706933662,0.0,0.0039042468216037535,86.0,16,0,0,0,0,230,230
1788474877.5085478,2.2688229373188777,4697.75,7.885274325148696,0.16047925880738143,0.0,0.0,86.0,16,0,0,0,0,231,230
1788474878.5074654,2.9632074360275733,4742.12890625,11.76191117208511,0.2244594206260782,0.0,0.0,86.0,15,0,1,0,0,232,231
1788474879.5081851,2.8179716643202664,4786.74609375,9.195873655661002,0.19913073165920278,0.0,0.0,86.0,15,1,0,0,0,233,233
1788474880.5075214,2.7518265450242394,4830.75,8.439063633240448,0.20606462572050235,0.0,0.0,86.0,15,0,1,0,0,234,234
1788474881.5080743,2.6585301181449625,4854.75390625,6.236189431359453,0.21852522849920042,0.0,0.0,86.0,16,0,0,0,0,235,235
1788474882.5085802,2.8385639017583375,4945.28125,8.849987108077206,0.183986087208496,0.0,0.015617098931328706,85.0,15,1,0,0,0,236,236
1788474883.5075223,2.682838075767033,4931.40234375,11.567314189209347,0.23780325246600906,0.0,0.0,84.0,16,0,0,0,0,237,237
1788474884.5080562,2.4986661640307273,4997.40625,7.3920767641365765,0.2128380431226369,0.0,0.0,85.0,15,0,1,0,0,239,238
1788474885.5075264,2.9015371359624895,4988.27734375,7.31807249953603,0.1997251007971695,0.0,0.0,86.0,15,0,1,0,0,240,239
1788474886.5081124,3.068201932823498,5044.27734375,13.335637331828682,0.25659305912510644,0.0,4.591059488243555,86.0,15,0,1,0,0,241,240
1788474887.5086439,3.0483799841440087,5105.515625,9.368029275594878,0.2236408006323315,0.0,0.003904175184610725,85.0,14,0,2,0,0,242,241
1788474888.5075219,3.203594426004527,5067.88671875,10.985308853021222,0.22600831869787985,0.0,0.050838290451733076,84.0,16,0,0,0,0,243,242
1788474889.5079525,2.618872355586602,5085.76171875,6.153791011198467,0.20410141774167026,0.0,0.0,84.0,15,0,1,0,0,244,244
1788474890.5075254,2.581102150428674,5143.28125,12.62539293259198,0.2224241165143674,0.0,0.0,84.0,16,0,0,0,0,245,245
1788474891.5075243,3.5200041961718624,5229.28125,14.652473750679196,0.2907127031239308,0.0,0.0,85.0,14,0,2,0,0,247,246
1788474892.5081851,3.008012015984566,5257.515625,7.691083030185777,0.21858836961732406,0.0,0.0039036700788834893,86.0,15,0,1,0,0,248,247
1788474893.507749,2.941282597988003,5258.75390625,13.17114305988706,0.22337545244753992,0.0,0.0,86.0,15,0,1,0,0,249,248
1788474894.5075188,3.360774027755468,5297.8984375,15.506020263570454,0.26358190062427594,0.0,0.0,87.0,15,0,1,0,0,250,250
1788474895.507517,2.8700047898372527,5359.28515625,9.212603685432862,0.18221694839445085,0.0,0.05078133475049573,87.0,16,0,0,0,0,251,250
1788474896.5075305,1.2799829103845073,5361.28515625,0.3589124443300051,0.06076064047911958,0.0,0.08203015477927503,87.0,16,0,0,0,0,251,251
1788474897.5075843,2.23987930948153,5366.28125,5.901936092959163,0.13296936724734357,0.0,0.0,86.0,16,0,0,0,0,252,251
1788474898.5075226,2.890178469711208,5371.51953125,15.13965348488154,0.2568355847397918,0.0,0.003906491227442719,84.0,16,0,0,0,0,253,253
1788474899.5075254,3.5799897575671866,5446.28125,10.71490941550422,0.24954342972727853,0.0,0.0,84.0,14,1,1,0,0,254,254
1788474900.5080867,2.9783284508768824,5536.52734375,7.898332434999468,0.1942831653186893,0.0,0.0,82.0,15,0,1,0,0,256,255
1788474901.507523,2.8015790302341657,5538.90625,12.36482774085507,0.24979269741456223,0.023450717328969403,0.0,83.0,14,1,1,0,0,257,256
1788474902.50803,2.24886010251571,5589.2890625,5.655773121438937,0.15125046765941527,0.0,0.0,83.0,16,0,0,0,0,258,257
1788474903.5080204,3.2500309947108716,5627.2890625,13.225282910184003,0.24625631576839227,0.0,0.015625149013033038,81.0,15,0,1,0,0,259,258
1788474904.508523,2.9685080683212504,5645.2890625,11.592099155183046,0.21506372586867067,0.0,0.0,81.0,15,0,1,0,0,260,259
1788474905.5080464,3.01143524624281,5737.76953125,9.983821310710933,0.2043820762086728,0.0,0.0,82.0,14,1,1,0,0,261,261
1788474906.5085275,2.768667914425996,5719.76953125,7.752127696587631,0.24018080595340396,0.0,0.0,82.0,15,1,0,0,0,262,261
1788474907.508069,2.9513531332195693,5817.7734375,11.190463843815722,0.2395183071385926,0.0,0.0,82.0,14,0,2,0,0,263,263
1788474908.5095286,4.70313531056128,6118.06640625,10.29525291006198,0.22013767175043675,0.0,0.0039005567530531427,81.0,7,0,9,0,0,264,264
1788474909.507539,9.609118331068252,6636.46875,5.796116015469813,0.07940928231738534,0.0,0.0,82.0,2,2,12,0,0,264,264
1788474910.5084193,6.714089980076235,9698.94140625,0.17554280661534694,0.017778006458319635,0.0,0.0,82.0,0,1,2,0,0,265,265
1788474911.5075326,5.114534949177754,8237.85546875,0.014122133305970407,0.014122133305970407,0.0,0.0,83.0,0,0,5,0,11,265,265
1788474912.5081089,2.8483586114015247,8533.8515625,0.0004880000362187527,0.00041175003055957257,0.0,0.0,82.0,0,0,2,0,0,265,265
1788474913.5077133,2.000791385867394,9289.8515625,0.000797587203304835,0.0006067768675859749,0.0,0.0,82.0,0,0,2,0,0,265,265
1788474914.5082996,2.0088222851756075,10041.8515625,0.0030652195513542224,0.005083918248421462,0.0,0.0039039612196352285,82.0,0,0,2,0,0,265,265
1788474915.508137,1.990323629549835,11105.8359375,0.0016138793625176519,0.001356345421690367,0.0,0.0,82.0,0,0,2,0,0,265,265
1788474916.507523,2.00122860996012,14373.8359375,0.014884550026969779,0.01470514911627159,0.0,0.0,82.0,0,0,2,0,0,265,265
1788474917.508077,1.619103265551238,3429.8125,0.0,0.0,0.0,4.786411563381735,82.0,0,0,0,0,0,265,265
1788474918.5086021,1.1693857963300975,3429.890625,0.4583040133139299,0.10970457096818854,0.0,0.05465879122803798,64.0,16,0,0,0,0,265,265
1788474919.5082636,3.481178568259956,3429.890625,15.864821445096025,0.3680979488104131,0.0,0.0039075729259383275,96.0,16,0,0,0,0,266,266
1788474920.50782,3.8016867969343435,3429.890625,8.838674729745879,0.2625113805959914,0.0,0.0,98.0,16,0,0,0,0,268,267
1788474921.508359,3.4381466175311837,3429.890625,13.99378968275244,0.24751767219142323,0.0,0.0,98.0,16,0,0,0,0,269,268
1788474922.507887,3.6017002502669393,3429.890625,14.529250124751808,0.3029412803018087,0.0,0.0,98.0,16,0,0,0,0,270,270
1788474923.5084395,3.7979010737684464,3429.890625,13.138949374044172,0.246556397025989,0.0,0.0,98.0,16,0,0,0,0,272,271
1788474924.5075235,3.663355649090689,3429.890625,16.440558582800655,0.29151535081334706,0.0,0.003909831421929133,98.0,14,0,2,0,0,273,272
1788474925.508236,4.256967358954288,3431.30859375,12.729563728232394,0.27871684886350534,0.0,0.0,98.0,16,0,0,0,0,274,274
1788474926.5078132,1.900803500319951,3432.5546875,4.9395689620422605,0.1298480559833666,0.0,0.10942125413026164,98.0,16,0,0,0,0,275,274
1788474927.50753,2.960838631700185,3432.5546875,7.4963993364361965,0.20686286761444234,0.0,0.08986920466784129,98.0,16,0,0,0,0,276,275
1788474928.5075145,3.170049126909513,3432.5546875,13.611545741670897,0.2333829807981853,0.0,0.0,98.0,16,0,0,0,0,277,276
1788474929.5075288,3.339952221600369,3432.5546875,16.77972059649568,0.2843072275081514,0.0,0.0039061941214448724,98.0,15,0,1,0,0,278,277
1788474930.5075204,2.780023198321301,3432.5703125,7.866182164281786,0.18430863637978395,0.0,0.0,98.0,16,0,0,0,0,279,278
1788474931.5075178,2.9400077104770106,3432.75390625,13.387835327670242,0.23646988896579232,0.0,0.0,98.0,15,0,1,0,0,280,279
1788474932.5075243,3.1199799157481896,3433.76171875,7.618918011001039,0.23979986319629995,0.0,0.0,98.0,16,0,0,0,0,281,280
1788474933.5080645,3.4381425211541217,3376.75390625,11.009878067088122,0.20539249911237034,0.0,0.0,98.0,16,0,0,0,0,282,281
1788474934.508523,3.3084831302025006,3380.75390625,15.580454536897074,0.2883047080150812,0.0,0.007808919774835822,98.0,15,0,1,0,0,283,282
1788474935.5080633,3.131439431959343,3382.75390625,9.309952160779472,0.22226250698887695,0.0,0.00390804641568409,98.0,16,0,0,0,0,284,284
1788474936.5075207,3.9721554531601684,3382.75390625,12.643453717389292,0.26172725945532804,0.0,0.0,98.0,15,0,1,0,0,286,285
1788474937.5082102,3.497588389963204,3388.75390625,11.084184774787738,0.2467037517428302,0.0,0.0,98.0,16,0,0,0,0,287,286
1788474938.5078921,3.2410308110956105,3388.76171875,14.854827962041226,0.2795288303994543,0.0,0.0,98.0,16,0,0,0,0,288,288
1788474939.5085864,3.3876480409872687,3388.78125,14.94799505195825,0.26651952151140185,0.0,0.015614159480951182,98.0,14,0,2,0,0,289,289
1788474940.50752,3.844099525732693,3392.78515625,13.602266057986586,0.26478299482723766,0.0,0.003910420253227398,98.0,16,0,0,0,0,291,289
1788474941.507522,3.4899925112883947,3393.2890625,16.37459579196879,0.30394202817004834,0.0,0.0,98.0,15,0,1,0,0,292,291
1788474942.5082405,3.6973439937941763,3392.7890625,13.03419493929098,0.2613917414386381,0.0,4.422604249333562,98.0,15,0,1,0,0,293,293
1788474943.5075262,2.9521086973326023,3392.7890625,12.840129143455933,0.2563610214281556,0.0,0.0,97.0,15,0,1,0,0,294,294
1788474944.5080798,4.007781260469825,3394.54296875,12.46850017132811,0.27580060744035806,0.0,0.0,98.0,16,0,0,0,0,296,295
1788474945.508008,4.040289947336673,3393.91796875,12.752315150942906,0.28543136473674435,0.0,0.003906530348213867,98.0,14,0,2,0,0,297,296
1788474946.5085247,2.648631576388805,3393.2890625,9.262324462625859,0.22637592396087095,0.0,0.0,97.0,16,0,0,0,0,298,297
1788474947.5080469,3.6717543305584774,3414.921875,16.448193115950673,0.2934541898242015,0.0,1.274046227607757,97.0,15,0,1,0,0,299,299
1788474948.5077684,3.5009749266420167,3423.29296875,10.684135215266092,0.22909345177451912,0.0,0.0,98.0,16,0,0,0,0,300,300
1788474949.5083292,1.089389113617999,3423.29296875,0.03755085001010328,0.03400993552962168,0.0,4.801994731043002,98.0,15,0,1,0,0,301,300
1788474950.5075245,3.6629474371911015,3424.390625,11.666487311047264,0.2851205544164552,0.0,0.0,97.0,16,0,0,0,0,302,301
1788474951.5081294,3.8076968462708614,3424.390625,14.701191682029412,0.2942050937836339,0.0,0.003903888662925281,96.0,16,0,0,0,0,303,303
1788474952.5078187,3.4710783231389915,3424.390625,14.72348897603411,0.25466914985233724,0.0,0.011722391671263613,97.0,15,0,1,0,0,305,304
1788474953.507518,3.841154827174473,3425.78125,14.62067715499221,0.3014641156792334,0.0,0.0,98.0,15,0,1,0,0,306,305
1788474954.5080545,2.0788847992900115,3475.16015625,7.4183608741839135,0.1528053731704632,0.0,0.0,98.0,16,0,0,0,0,306,306
1788474955.5085278,4.058079469740948,3474.4140625,16.381740151834155,0.2844341750532435,0.0,0.0,96.0,15,0,1,0,0,308,307
1788474956.5075278,3.093092868683784,3480.6640625,10.901384450527551,0.2287519898045636,0.0,0.09384383703530456,95.0,16,0,0,0,0,309,308
1788474957.5075197,3.19002585908865,3492.421875,12.496615620835092,0.25011074632772806,0.0,0.0,97.0,16,0,0,0,0,310,309
1788474958.5080667,2.888420229910023,3501.421875,9.641961417319457,0.21808617361014804,0.0,0.0,97.0,14,0,2,0,0,311,310
1788474959.5085273,3.9781675577826414,3501.421875,17.50164385415882,0.29933588101336533,0.0,0.0,97.0,15,0,1,0,0,312,312
1788474960.5080965,3.321430946760531,3509.421875,10.727423776331861,0.2451445999842099,0.0,0.0,97.0,15,0,1,0,0,313,313
1788474961.507522,4.552614795933536,3515.421875,16.149304312250187,0.3225433843166396,0.0,0.003908494845410011,98.0,16,0,0,0,0,315,314
1788474962.5080404,3.408233437658881,3518.42578125,9.949301295038364,0.26835837099586846,0.0,0.0,98.0,16,0,0,0,0,316,315
1788474963.5085952,3.9078319347115205,3580.68359375,13.357036155906965,0.2835036008645983,0.0,0.0,98.0,15,0,1,0,0,317,317
1788474964.5081282,3.671714918500226,3579.55859375,14.486320185957979,0.2789732238162651,0.0,0.0,97.0,15,0,1,0,0,319,318
1788474965.5078044,3.641178913346354,3581.6796875,9.138359520966882,0.25066480703543526,0.0,0.0,96.0,15,0,1,0,0,320,319
1788474966.5083463,2.9384076021957304,3584.4296875,15.888578715462625,0.29069691798816033,0.0,0.0,97.0,16,0,0,0,0,321,320
1788474967.5078864,3.2915137982646705,3585.55859375,10.490552968186291,0.2276380333343272,0.0,0.003908047347863681,97.0,16,0,0,0,0,322,321
1788474968.508607,3.3276024592800684,3584.43359375,11.309808196933,0.25447534930572463,0.0,0.0,96.0,16,0,0,0,0,323,323
1788474969.5075214,4.434814078450072,3592.4453125,17.848278811795737,0.31856212934849826,0.0,0.0,96.0,15,0,1,0,0,325,324
1788474970.5080612,3.458133369934707,3634.4375,11.47404641125796,0.2923932127395529,0.0,0.011712427869630613,97.0,16,0,0,0,0,326,326
1788474971.50852,2.5088491473771115,3634.4375,10.24171327201477,0.1804401476754838,0.0,0.0,98.0,15,0,1,0,0,327,326
1788474972.5080583,1.2405726214874357,3634.4375,2.1437850875686486,0.02517240852902226,0.0,0.003908053873133275,98.0,15,0,1,0,0,327,326
1788474973.5086117,2.998340809579126,3642.4375,10.151212462395378,0.24325547314806542,0.0,0.0,96.0,16,0,0,0,0,328,327
1788474974.5081477,3.801763876081148,3642.44140625,13.834045661176836,0.29423918472611355,0.0,0.0,97.0,15,0,1,0,0,329,328
1788474975.5075388,3.141913177073887,3666.44140625,15.930181904932308,0.25761078308582336,0.0,0.0,97.0,15,0,1,0,0,330,330
1788474976.5081396,3.5978383653926334,3677.82421875,13.825850214352567,0.2852518952426883,0.0,0.0,96.0,15,0,1,0,0,332,331
1788474977.5078585,3.340939122969064,3677.94921875,9.900032076315398,0.20870162468326128,0.0,0.003907348338053361,97.0,15,0,1,0,0,333,332
1788474978.507521,3.2611009499898196,3681.40625,10.36740595026626,0.25918937019066574,0.0,0.0,96.0,16,0,0,0,0,334,334
1788474979.5080602,3.7179948748570046,3766.7890625,14.020837989918423,0.2876570986849724,0.0,0.0,98.0,15,1,0,0,0,335,334
1788474980.5085223,3.19852210620841,3750.7890625,12.923656929223815,0.24302888155640212,0.0,4.911792980481106,95.0,16,0,0,0,0,336,335
1788474981.5075202,3.11311957396721,3750.91796875,13.285646336448691,0.28103570773115016,0.0,0.0,97.0,16,0,0,0,0,337,337
1788474982.50809,3.1881833080992394,3751.04296875,10.129716391044951,0.23827612878136933,0.0,0.003904025406665342,95.0,16,0,0,0,0,338,337
1788474983.508532,3.508449167071393,3794.66796875,16.20539550703286,0.28832374758052487,0.0,0.0,97.0,15,1,0,0,0,340,339
1788474984.5082326,3.3610064659406667,3796.2890625,12.260084787963315,0.2665936569292791,0.0,0.0,98.0,16,0,0,0,0,341,340
1788474985.5075214,3.402419809888418,3814.671875,12.86446635798117,0.26823428699448215,0.0,0.02736321078724345,97.0,15,0,1,0,0,342,342
1788474986.5075262,3.4699834538293084,3774.28515625,15.113386567179836,0.30627676831832734,0.0,0.08203085884638382,98.0,15,1,0,0,0,343,343
1788474987.507518,3.340027075033465,3808.28515625,13.603230121093778,0.2865585668066195,0.0,0.08984447830015711,98.0,15,1,0,0,0,345,344
1788474988.507522,3.789984638753173,3804.41015625,12.535084463015586,0.2393293217185809,0.0,0.003906234167580402,98.0,16,0,0,0,0,346,345
1788474989.5070782,3.611603318543126,3808.41015625,14.422880030302148,0.27570375451824974,0.0,0.0,97.0,16,0,0,0,0,347,346
1788474990.508647,4.163468374751446,3886.2890625,14.82152518374704,0.3001863417318831,0.0,0.0,97.0,15,0,1,0,0,348,348
1788474991.5075135,3.3137559499231957,3963.15625,12.320711293575682,0.26894917115203304,0.0,0.0,98.0,15,0,1,0,0,350,349
1788474992.5075254,3.569957442790888,3972.30078125,13.589727524190852,0.29203066789307724,0.0,0.0,94.0,16,0,0,0,0,351,350
1788474993.5073004,3.5808059217428734,4047.0625,14.6177175343877,0.28376480912681,0.0,0.003907129366426922,96.0,15,0,1,0,0,352,351
1788474994.5080423,2.8478869857075333,4051.06640625,10.205849503599357,0.2526192304980016,0.0,0.0039033538729542176,98.0,15,0,1,0,0,353,352
1788474995.5077534,1.94056075087293,4051.4453125,1.8966004084813783,0.03996478016699848,0.0,0.0,98.0,15,1,0,0,0,353,353
1788474996.5075202,2.750641376320372,4051.06640625,10.125139805490916,0.24277721312390213,0.0,0.0,98.0,16,0,0,0,0,354,354
1788474997.5080283,3.6081667987235564,4093.06640625,14.39248028385999,0.2603371671430631,0.0,0.0,97.0,16,0,0,0,0,355,355
1788474998.5085838,3.7978902139190143,4119.44921875,15.661577349847521,0.3313264868940203,0.0,0.003904081223189823,97.0,14,0,2,0,0,357,356
1788474999.5083168,3.7409989544935507,4148.43359375,11.31516861649763,0.28603371566809377,0.0,0.0,97.0,16,0,0,0,0,358,357
1788475000.5079422,2.560959221586438,4148.43359375,8.014057656426012,0.16489292306474082,0.0,0.0,98.0,16,0,0,0,0,359,358
1788475001.5084715,3.3182436893011182,4208.30859375,10.932731946725433,0.25240127305360344,0.0,0.0,97.0,15,0,1,0,0,360,359
1788475002.5080056,3.2515147828781106,4212.30859375,12.762370508187532,0.2556847591446325,0.0,0.0,97.0,15,0,1,0,0,361,361
1788475003.5085275,3.917955225947299,4250.3125,17.660473161756734,0.28499987966142204,0.0,0.0,98.0,15,1,0,0,0,362,362
1788475004.5075374,2.792765263113393,4250.3125,6.271062785088175,0.20124620807221505,0.0,0.003910121616142234,98.0,16,0,0,0,0,363,363
1788475005.5082974,4.056916425332025,4296.31640625,11.79377399647218,0.2766814088031615,0.0,0.0,97.0,16,0,0,0,0,365,364
1788475006.5075216,3.272538881664481,4298.31640625,12.349222271268536,0.2719709857911502,0.0,0.015637131506424404,98.0,15,0,1,0,0,366,365
1788475007.5080442,4.077868850583843,4334.31640625,16.490322402308973,0.32194097170591846,0.0,0.0,98.0,16,0,0,0,0,367,367
1788475008.5075254,3.501816738420201,4334.62890625,12.008179139568258,0.26706436444688714,0.0,0.0,97.0,16,0,0,0,0,368,367
1788475009.5075192,2.9900185347752433,4378.72265625,9.9988450932437,0.23615029809659732,0.0,0.003906274214537043,98.0,15,1,0,0,0,369,369
1788475010.5080478,3.748018894698955,4408.9921875,15.261450139293954,0.31448335418790946,0.0,0.0,98.0,15,0,1,0,0,371,370
1788475011.507518,3.711966473938057,4408.86328125,13.411091672348013,0.29070519135837514,0.0,4.783784286662332,94.0,15,0,1,0,0,372,371
1788475012.5080457,3.5981015685151694,4465.49609375,11.170392971123434,0.2726375229744095,0.0,0.0,96.0,15,0,1,0,0,373,373
1788475013.507782,3.4909205241438834,4514.4921875,13.034274079115749,0.2800354288063669,0.0,0.0,97.0,15,0,1,0,0,374,374
1788475014.5083203,3.3881759783366525,4531.4921875,12.071400351049263,0.23189649050818265,0.0,0.0039041482051260057,98.0,15,0,1,0,0,375,375
1788475015.5079083,3.4814343067364972,4533.49609375,13.176555893083393,0.3045182722984628,0.0,0.0,98.0,15,0,1,0,0,377,376
1788475016.5085702,3.1579099373851207,4616.2578125,12.286727915598464,0.2612015973009807,0.0,0.1132063243969617,98.0,15,0,1,0,0,378,377
1788475017.5078385,3.2523797878191036,4622.2578125,15.27160848771305,0.2555237298791406,0.0,0.0,97.0,16,0,0,0,0,379,378
1788475018.5085285,2.2684348177045552,4622.38671875,7.719412808259224,0.12953403675499703,0.0,0.0,97.0,15,0,1,0,0,380,379
1788475019.508118,2.3509652047353202,4650.2578125,5.704642151304375,0.15260285904962623,0.0,0.003907854396169234,97.0,15,0,1,0,0,380,380
1788475020.507532,3.231893996105791,4672.515625,16.92516375840143,0.27900452449827595,0.0,0.0,95.0,14,0,2,0,0,382,381
1788475021.508262,3.5773883716596777,4699.50390625,10.64532852269733,0.26287628955873754,0.0,0.0,96.0,16,0,0,0,0,383,382
1788475022.5075197,2.822094550212513,4699.50390625,8.998508538503733,0.21787792539161302,0.0,0.01563660544222394,98.0,16,0,0,0,0,384,383
1788475023.5081785,4.077314067180879,4724.265625,11.657179644737623,0.2758107030457222,0.0,0.0,98.0,15,0,1,0,0,385,384
1788475024.5077527,2.851214091388653,4730.265625,10.112757059122943,0.2427085584367199,0.0,0.0,97.0,16,0,0,0,0,386,385
1788475025.5082772,3.22830668575559,4742.265625,14.075048182963725,0.25921671944075353,0.0,0.003904202164468329,98.0,15,0,1,0,0,387,386
1788475026.5078309,3.3014735122715906,4809.40234375,12.216167608681548,0.25261232621065766,0.0,0.0,97.0,16,0,0,0,0,388,388
1788475027.508375,3.4481239750595454,4832.26953125,12.818245116387464,0.29197733586300867,0.0,0.0,94.0,15,0,1,0,0,389,389
1788475028.5075204,2.692300549786249,4905.28515625,13.651363966096518,0.2634430360415394,0.0,0.0,97.0,15,0,1,0,0,390,390
1788475029.5075336,3.9599480731144263,4929.0234375,11.984008998752849,0.28738121844124453,0.0,0.0,98.0,15,0,1,0,0,391,391
1788475030.5082476,3.6773741208334854,4972.6484375,8.92498151787614,0.24954143128712059,0.0,0.0039034626792134658,96.0,16,0,0,0,0,393,392
1788475031.5078025,2.7212112859418314,4974.26953125,11.059543649672017,0.2262731676111054,0.0,0.0,98.0,15,0,1,0,0,394,393
1788475032.5085065,2.5881777932587062,4976.26953125,9.695236674809285,0.21565703505884914,0.0,0.0,98.0,15,0,1,0,0,395,394
1788475033.5075264,4.043963645588604,4994.3046875,12.61742358884185,0.315994991161505,0.0,0.0,97.0,16,0,0,0,0,396,395
1788475034.5075216,3.1000147820222996,5068.30859375,10.180188084545538,0.21223169437262712,0.0,0.0,97.0,15,0,1,0,0,397,397
1788475035.5075173,3.530015149181502,5008.9375,14.642783062480717,0.25576987358515846,0.0,0.0039062667638782855,98.0,16,0,0,0,0,398,397
1788475036.5080466,2.818508193924241,5176.078125,11.822859109110302,0.2386260629034887,0.0,0.01171255067289023,97.0,14,1,1,0,0,399,399
1788475037.5086186,3.3181021578130943,5124.3203125,12.030201803653963,0.2538869202800389,0.0,0.0,96.0,16,0,0,0,0,400,400
1788475038.5075305,2.943202623551874,5128.3125,10.251675760309709,0.25512800316964773,0.0,0.0,96.0,16,0,0,0,0,402,401
1788475039.50823,4.037175914255958,5241.58203125,15.527616017962288,0.31754882615662966,0.0,0.0,97.0,14,0,2,0,0,403,402
1788475040.5079763,3.250824660644275,5257.95703125,12.265770621285688,0.24282130285888717,0.0,0.003907241178658985,97.0,14,1,1,0,0,404,403
1788475041.5085242,3.6180177391135833,5262.33984375,12.604119237421132,0.3021110889238484,0.0,0.027328776948588405,97.0,16,0,0,0,0,405,405
1788475042.5080485,2.6412563005256575,5262.33984375,12.223805067803923,0.1737763127670217,0.0,4.99456313931058,98.0,16,0,0,0,0,406,405
1788475043.5076559,1.8507267348604044,5266.84375,2.310070201306713,0.0871332904170315,0.0,0.0,98.0,15,0,1,0,0,406,406
1788475044.5075192,3.200437224037771,5321.33984375,10.323041702007115,0.23903202184403338,0.0,0.0,96.0,15,0,1,0,0,407,407
1788475045.5080886,3.19817913728223,5374.3359375,9.248490954304009,0.25839208595722535,0.0,0.0039040272671904443,95.0,16,0,0,0,0,409,408
1788475046.508554,3.5683393196219995,5458.5859375,10.807339685662647,0.27423398381795583,0.0,0.12103742002394516,97.0,15,0,1,0,0,410,409
1788475047.5075,2.5827223146805407,5466.5859375,7.913511666077549,0.22508122541846634,0.0,0.06647631926714899,96.0,15,0,1,0,0,411,410
1788475048.507758,2.9592366089792925,5469.5859375,9.880849104230219,0.20490033574979752,0.0,0.0,98.0,15,1,0,0,0,412,411
1788475049.5082974,3.0983283240802715,5481.5859375,11.772382521237002,0.28420754392816794,0.0,0.0,98.0,16,0,0,0,0,413,412
1788475050.507997,3.5010517418846656,5493.71875,11.198656632270017,0.23369561588192253,0.0,0.0,97.0,15,0,1,0,0,414,414
1788475051.5085185,3.368243725531986,5591.625,11.751536223954728,0.2654837100806364,0.0,0.0039042142590083,97.0,16,0,0,0,0,415,414
1788475052.507515,1.9819889334251553,5600.12890625,8.377619123194105,0.11415397502920578,0.0,0.0,97.0,15,0,1,0,0,416,415
1788475053.5080357,3.5581472507484393,5670.12890625,12.22749594422765,0.28499450016299344,0.0,0.0,98.0,16,0,0,0,0,417,417
1788475054.5075178,4.732450676648559,5678.7421875,12.634394145985862,0.2910452247209773,0.0,0.0,95.0,16,0,0,0,0,419,418
1788475055.5078025,2.7092287590174404,5686.60546875,11.842770512582772,0.2320020174005565,0.0,0.003905138317310603,97.0,15,0,1,0,0,420,419
1788475056.5083618,2.9383564891044593,5711.6015625,13.659440744403273,0.247797648124099,0.0,0.0039040663386272385,97.0,16,0,0,0,0,420,420
1788475057.5075223,3.853234681919959,5810.109375,12.719061807781506,0.26457203820861164,0.0,0.011728595825648811,96.0,16,0,0,0,0,422,421
1788475058.508059,3.328213813473121,5909.734375,14.926641495226441,0.2510907160754476,0.0,0.0,97.0,13,0,3,0,0,423,422
1788475059.5085232,3.8582090156188418,6139.609375,12.747428120958446,0.24564307521165918,0.0,0.0,97.0,10,0,6,0,0,424,423
1788475060.5080757,6.242793723063274,6488.74609375,10.216991732950866,0.17336688271495246,0.0,0.0,96.0,6,4,6,0,0,424,424
1788475061.5075576,9.474908794596152,6818.75,6.158400107248557,0.13612360873264695,0.0,0.00390827481297698,96.0,4,1,10,0,0,425,425
1788475062.5075312,2.970078601533147,7641.71484375,6.129250609115985,0.04912983260426976,0.0,0.0,96.0,0,0,4,0,0,425,425
1788475063.508152,4.936934943534676,8580.203125,0.0013343156438025327,0.0008005893862815197,0.0,0.0,97.0,0,0,5,0,11,425,425
1788475064.5079083,3.270796974780118,8817.6953125,0.000953906748937944,0.0007783879071333624,0.0,0.0,96.0,0,0,2,0,0,425,425
1788475065.5084882,2.008835209076532,9549.6953125,0.0009512154207460274,0.0008749656876200934,0.0,0.0,96.0,0,0,2,0,0,425,425
1788475066.5080552,1.9908619798079308,10281.6953125,0.01662401895962493,0.01626528209502329,0.0,0.0,96.0,0,0,2,0,0,425,425
1788475067.5086462,2.008812712022282,11273.69140625,0.001130389634155495,0.02403650605713948,0.0,0.015615770460374052,96.0,0,0,2,0,0,425,425
1788475068.5082247,1.9908391865927906,14625.6953125,0.0015036245365573485,0.001328074463761313,0.0,0.0,96.0,0,0,2,0,0,425,425
1788475069.5078003,1.8007642174498726,9153.68359375,0.007042058673963464,0.003427052534463726,0.0,0.0,96.0,0,0,1,0,0,425,425
1788475070.5083773,0.9994233597444102,3681.671875,0.22290243532812737,0.0528812473729509,0.0,0.0,72.0,16,0,0,0,0,426,425
1788475071.5080872,2.030589186439462,3681.671875,1.3361678400662804,0.28836511143222165,0.0,0.0,87.0,16,0,0,0,0,427,426
1788475072.5069828,1.7919789806934403,3681.671875,5.891188618106621,0.21853643912936382,0.0,0.03128454924395036,98.0,16,0,0,0,0,427,427
1788475073.5077116,3.107734941073816,3681.671875,13.968242426610434,0.23963437979244578,0.0,4.9104835157138025,98.0,16,0,0,0,0,428,428
1788475074.5082483,1.8989808545341185,3682.4375,2.595709099487556,0.15044721205846223,0.0,0.0,98.0,16,0,0,0,0,429,429
1788475075.5079813,1.0402777841372683,3682.4375,0.04486137503147966,0.036711005288582614,0.0,0.0,98.0,16,0,0,0,0,429,429
1788475076.508534,3.498066778470875,3682.4375,19.053861891778674,0.2999345664203257,0.0,0.08198594012041113,98.0,15,0,1,0,0,431,430
1788475077.507522,4.784841534488739,3682.4375,17.308526369550794,0.31942740676744485,0.0,0.02737144575495339,98.0,14,0,2,0,0,432,432
1788475078.5081027,4.957122146504739,3682.46484375,15.846607568400131,0.29264245405778155,0.0,0.0,98.0,15,1,0,0,0,434,433
1788475079.50753,2.0411689395412393,3682.46484375,5.348800616044936,0.17932861980074916,0.0,0.0,98.0,15,0,1,0,0,435,434
1788475080.5075233,4.310028772546149,3682.46484375,20.193979604584914,0.30946556688210314,0.0,0.0,98.0,14,0,2,0,0,436,436
1788475081.5081005,3.0182578272343132,3722.46875,5.977068309217306,0.24807439134086698,0.0,0.0,98.0,15,0,1,0,0,438,437
1788475082.507529,2.5714695674307024,3742.46875,9.990065142189462,0.21630632549815632,0.0,0.0039084836567223466,98.0,16,0,0,0,0,439,438
1788475083.507534,3.3899830270664335,3782.47265625,14.245761117700702,0.2580992173949324,0.0,0.0,98.0,13,2,1,0,0,440,439
1788475084.5082662,3.8771612067064543,3742.46875,12.946353375621669,0.2899288245629709,0.0,0.0,98.0,16,0,0,0,0,441,441
1788475085.507524,3.4925921915751483,3742.46875,13.369090552065034,0.26452242333980963,0.0,0.0,98.0,15,0,1,0,0,443,442
1788475086.5082567,3.0877377371631405,3742.63671875,7.697492028950461,0.2545475424294744,0.0,0.0,98.0,15,0,1,0,0,444,443
1788475087.5075278,3.022202719142996,3742.64453125,11.10638814653491,0.2786292480495662,0.0,0.0,98.0,15,1,0,0,0,445,444
1788475088.5075343,3.4499777914523655,3742.64453125,12.500762576916319,0.25766683649907457,0.0,0.003906224854452355,98.0,15,0,1,0,0,446,445
1788475089.5085104,3.8262652373595105,3742.64453125,13.518535403265721,0.27606720468140467,0.0,0.0,98.0,16,0,0,0,0,448,447
1788475090.507521,3.7236843514582314,3760.65234375,18.027080627585526,0.28766484477658816,0.0,0.0,98.0,16,0,0,0,0,449,449
1788475091.5075266,2.869983577822131,3760.65234375,12.270963072034423,0.26040691142895833,0.0,0.0,98.0,16,0,0,0,0,450,450
1788475092.5078607,2.8790383308644207,3760.65234375,7.349852289424542,0.21806108866090443,0.0,0.01561978261102723,98.0,15,0,1,0,0,451,451
1788475093.5085282,2.9480319763342036,3760.65234375,13.436305605007643,0.2585163484154789,0.0,0.0039036440364594253,98.0,14,0,2,0,0,453,452
1788475094.5080884,2.521108991167218,3760.66015625,5.957639657298974,0.1941848447414751,0.0,6.838945831074317,98.0,15,1,0,0,0,454,453
1788475095.5085328,2.8287428720681937,3760.66015625,12.969596069556795,0.24601398228097635,0.0,0.0,98.0,14,1,1,0,0,454,454
1788475096.507526,1.8718846914893759,3760.66015625,4.47000618842452,0.08912285943875548,0.0,0.0,98.0,15,0,1,0,0,455,454
1788475097.508114,1.958847847547364,3760.66015625,2.645943750564422,0.1310836354902376,0.0,0.0,98.0,15,0,1,0,0,456,455
1788475098.5075197,2.831683088765369,3780.6640625,10.688449455378594,0.24954655636907294,0.0,0.0039085731680173555,98.0,15,0,1,0,0,457,456
1788475099.5076652,2.539630647970339,3820.6640625,11.682692899067776,0.2357197310838792,0.0,0.0,98.0,15,1,0,0,0,458,457
1788475100.5075133,2.890438978583532,3820.6640625,7.6243306872004855,0.21965311027318096,0.0,0.0,97.0,15,0,1,0,0,459,458
1788475101.5075169,2.5699908089965815,3820.6640625,12.551616603315104,0.24875933375596848,0.0,0.0,97.0,16,0,0,0,0,460,459
1788475102.508072,2.53859098438935,3820.6640625,12.03957459219679,0.22009840271913286,0.0,0.0,97.0,15,0,1,0,0,461,460
1788475103.5075269,2.7014723696322736,3845.66796875,6.036257477902051,0.24238063863275397,0.0,0.04299218180837964,98.0,15,0,1,0,0,462,461
1788475104.5080676,2.478659706064873,3883.66796875,7.629792125572967,0.2345342817899943,0.0,6.266142937616703,96.0,15,1,0,0,0,463,462
1788475105.5085242,2.408900164648077,3883.66796875,9.611483099428318,0.23097078584316025,0.0,0.0,98.0,16,0,0,0,0,464,463
1788475106.5082614,1.95051247233026,3883.66796875,3.8900906753359368,0.15159489096876325,0.0,0.10158919126719868,97.0,15,0,1,0,0,465,464
1788475107.507532,3.2423655029389935,3883.66796875,12.491776665830002,0.2929669568271377,0.0,0.0,95.0,14,0,2,0,0,466,465
1788475108.5070894,3.1613989344648736,3883.66796875,12.123624192834354,0.25878818294228095,0.0,0.02735585509945502,97.0,16,0,0,0,0,467,467
1788475109.5076585,3.318111645579979,3905.66796875,12.522204756080445,0.27057412613890325,0.0,0.07808056394907321,97.0,15,0,1,0,0,468,468
1788475110.507524,2.730367147223987,3905.66796875,13.67804012647422,0.21905220638380063,0.0,0.0,95.0,15,0,1,0,0,470,469
1788475111.5075188,2.7900146342091086,3907.671875,12.90358063668585,0.28823622255251313,0.0,0.0,97.0,15,0,1,0,0,471,470
1788475112.508054,2.7285395499971594,3911.67578125,12.368244478975463,0.2625195130570381,0.0,0.0,98.0,16,0,0,0,0,472,471
1788475113.5086095,2.6885064935374943,3911.67578125,5.940650530877842,0.2101531846713342,0.0,0.0,98.0,16,0,0,0,0,473,472
1788475114.5081325,1.890902103211401,3911.67578125,6.568818141245993,0.2436856305472195,0.0,0.00781622893192596,98.0,16,0,0,0,0,474,473
1788475115.507526,2.641602229135356,3921.67578125,12.709554936351317,0.2365727045441533,0.0,0.0,98.0,14,1,1,0,0,475,475
1788475116.5080655,2.508646481755197,3921.67578125,5.889266154930923,0.2203391486422116,0.0,0.0,98.0,16,0,0,0,0,476,475
1788475117.5075169,3.501921157976043,3921.67578125,19.58534667079198,0.31171637997396473,0.0,0.0,97.0,14,0,2,0,0,477,477
1788475118.508057,2.8284718996705998,3921.67578125,7.190444577357223,0.23763216150332295,0.0,0.0,98.0,14,1,1,0,0,479,478
1788475119.5085201,3.0885699646778706,3921.67578125,15.709965526329963,0.2872720045488277,0.0,0.0,98.0,15,0,1,0,0,480,479
1788475120.5080562,2.921355399515095,3921.6796875,5.918722590007819,0.21045435528168158,0.0,0.00390806319498478,98.0,16,0,0,0,0,481,480
1788475121.5086398,1.0593816932713134,3921.6796875,1.3548000930243198,0.03568092658322436,0.0,0.0,98.0,16,0,0,0,0,481,480
1788475122.5082088,2.1309185554382064,3921.6796875,12.408463120775787,0.19488533799435945,0.0,0.0,97.0,16,0,0,0,0,482,481
1788475123.5072381,3.0930020741089232,3941.80859375,13.84815975627131,0.2729242025443454,0.0,5.079148581952364,96.0,13,0,3,0,0,483,482
1788475124.5078187,2.2586887199799563,3939.68359375,4.06548227087746,0.16519206936623887,0.0,0.0,95.0,16,0,0,0,0,484,483
1788475125.5084045,2.5185246622335473,3939.68359375,8.718793374223598,0.26718033264224483,0.0,0.0039039630800991524,98.0,15,1,0,0,0,485,485
1788475126.507937,3.131464081064087,3997.6875,14.32776278086025,0.28907844610996764,0.0,0.0,95.0,15,0,1,0,0,486,485
1788475127.5084567,2.0289454505247453,3988.08203125,5.711301174983629,0.19602505335418888,0.0,0.011712662314451812,96.0,14,0,2,0,0,487,486
1788475128.508052,2.961198089875631,4078.0859375,9.608159314717549,0.23498315010207252,0.0,0.0,97.0,15,0,1,0,0,488,487
1788475129.5077605,2.09060959232617,4022.2109375,8.877228939770063,0.17948997407872636,0.0,0.0,98.0,15,0,1,0,0,489,489
1788475130.5082946,2.958420033246441,4068.0859375,11.984508204846655,0.29354821491208005,0.0,0.0039041649509691783,98.0,16,0,0,0,0,490,490
1788475131.5078664,2.2509638622037214,4078.0859375,6.671513089539721,0.17663508334390776,0.0,0.0,98.0,15,0,1,0,0,491,490
1788475132.5075204,3.2011074082492734,4143.32421875,12.399359576879991,0.2714142375132159,0.0,0.12895085995144595,97.0,15,0,1,0,0,492,492
1788475133.5077586,2.7493451605283337,4145.328125,8.48706851447917,0.23893578127729986,0.0,0.0,95.0,15,0,1,0,0,493,493
1788475134.5082917,2.9184441659079505,4114.15625,11.387870007196405,0.2507093939292846,0.0,0.02342501203372302,94.0,15,0,1,0,0,495,494
1788475135.5075355,3.092338623550787,4201.15625,12.88271140112027,0.27625567507775944,0.0,4.831779099298233,97.0,14,0,2,0,0,496,495
1788475136.5075202,3.2400494392309542,4276.39453125,6.258317120622568,0.2656395437552453,0.0,0.003906309605554284,97.0,16,0,0,0,0,497,497
1788475137.5080643,3.2082544811427924,4280.39453125,14.640639796253431,0.2668321345017116,0.0,0.0,96.0,15,0,1,0,0,498,498
1788475138.507516,3.2417776700594843,4323.6328125,12.894609833387564,0.2696791319855611,0.0,0.0,98.0,14,0,2,0,0,500,499
1788475139.5080597,2.6085813679455034,4390.3984375,6.928818551274429,0.2000731547198496,0.0,0.03904126807868779,98.0,15,1,0,0,0,501,500
1788475140.5085323,2.548795577803755,4386.3984375,10.423288593770778,0.2337400262994467,0.0,0.0,98.0,16,0,0,0,0,502,501
1788475141.5077305,2.1517252569292626,4394.40234375,9.02088289956838,0.21757786616418603,0.0,0.00390938455110678,98.0,15,0,1,0,0,503,502
1788475142.5075233,2.480513927126359,4456.40234375,5.934582985070712,0.18129099413726454,0.0,0.0,98.0,14,1,1,0,0,504,503
1788475143.5080886,2.588536724907364,4458.40625,12.60826535292821,0.25248750498906875,0.0,0.0,98.0,15,1,0,0,0,505,504
1788475144.5078082,2.2206226187226243,4509.64453125,8.980862019952646,0.20147727424490738,0.0,0.0,96.0,14,0,2,0,0,505,505
1788475145.5075178,3.1809237206203784,4596.76953125,7.538570875961046,0.22143500037919567,0.0,0.0,97.0,15,0,1,0,0,507,506
1788475146.507514,2.3800090790140076,4634.64453125,10.870293122456063,0.20702822505273838,0.0,0.003906264901218037,97.0,14,1,1,0,0,507,507
1788475147.5080616,1.0594198114142195,4634.64453125,0.9777951251500917,0.05446788960875718,0.0,0.0,97.0,14,1,1,0,0,508,507
1788475148.5086296,3.0682574965102782,4634.64453125,6.695523086549721,0.24546415910077618,0.0,0.0,96.0,16,0,0,0,0,509,508
1788475149.5082095,2.190920391495011,4638.64453125,5.333731182657204,0.19616929299694552,0.0,0.0,97.0,16,0,0,0,0,510,509
1788475150.50753,2.851937871679034,4657.40625,11.867426434836217,0.2978994878626844,0.0,0.0,98.0,14,0,2,0,0,511,510
1788475151.5081024,2.368644086253273,4704.64453125,6.939791098016181,0.23842991108500597,0.0,0.003904015173808976,97.0,15,0,1,0,0,512,511
1788475152.5076613,2.311019331398692,4764.64453125,7.911915074083103,0.168930177886269,0.0,0.0,98.0,14,1,1,0,0,513,512
1788475153.5082564,3.008209836065792,4714.76953125,11.883501715592832,0.2545739611132291,0.0,0.0,96.0,16,0,0,0,0,514,513
1788475154.5078135,2.0208952196402588,4739.41015625,10.419706300331596,0.21862941108841952,0.0,0.031263849313741904,97.0,15,0,1,0,0,515,514
1788475155.5075269,2.7107768520775677,4751.40625,10.829116010056516,0.24171508348711765,0.0,0.0,97.0,14,0,2,0,0,516,515
1788475156.5080929,2.6485009333571523,4760.76953125,5.210487914488555,0.2275609422500368,0.0,0.003904040290915815,98.0,16,0,0,0,0,517,516
1788475157.508631,2.4486823377523144,4789.41015625,9.541882508082214,0.18681582371851618,0.0,0.0,97.0,16,0,0,0,0,518,517
1788475158.5075188,2.4226945758332286,4884.171875,6.070628042177381,0.21947475665564503,0.0,0.0,98.0,13,0,3,0,0,519,518
1788475159.507521,2.949993670000353,4872.4140625,11.373576554730178,0.23605296028217254,0.0,0.0,98.0,16,0,0,0,0,520,519
1788475160.5080717,2.808453253027494,4914.6484375,10.59554297822006,0.24538449330817655,0.0,0.0,98.0,15,1,0,0,0,521,520
1788475161.5078204,2.5606434722470093,4934.6484375,5.516905502891552,0.2193372682287009,0.0,0.0,98.0,15,1,0,0,0,522,521
1788475162.5075173,2.320703242736161,4934.6484375,12.895068557771904,0.24571998360136924,0.0,0.1094081539544287,98.0,15,0,1,0,0,523,522
1788475163.508067,3.278198450224904,4998.7734375,14.443715866786732,0.2690343560717713,0.0,0.0,98.0,15,1,0,0,0,524,524
1788475164.5086412,2.668467364816299,5024.65625,8.850457965555425,0.21657806955109868,0.0,0.0,98.0,15,0,1,0,0,525,525
1788475165.5075274,2.5228101370239497,5032.65625,10.549135580404197,0.22369697386309823,0.0,0.027374241938194096,96.0,15,0,1,0,0,526,525
1788475166.507526,2.770003962522435,5140.66015625,10.569447378321712,0.25350797678181186,0.0,5.097663542266191,96.0,14,2,0,0,0,527,527
1788475167.5080726,2.298743291290493,5102.66015625,10.888576625299022,0.22565330909782377,0.0,0.003904115644175507,95.0,15,0,1,0,0,528,528
1788475168.508638,2.2387344647848577,5130.66015625,10.301349520751547,0.24262541178432925,0.0,0.0,97.0,14,0,2,0,0,529,529
1788475169.5083358,3.1509518279947035,5156.66015625,8.138370350655146,0.220214608170641,0.0,0.0,97.0,16,0,0,0,0,530,530
1788475170.507521,1.7314109522425751,5229.421875,6.736508700069627,0.17806449519266332,0.0,0.027366050997330874,96.0,15,0,1,0,0,531,531
1788475171.5080671,3.0183513253006122,5254.421875,8.986058459298551,0.23811494795185145,0.0,0.0,98.0,14,0,2,0,0,532,532
1788475172.5085173,2.7087806849637,5232.421875,9.02541351777993,0.21521322189261122,0.0,0.003904492454110775,95.0,15,0,1,0,0,533,533
1788475173.5075226,1.3913839850392349,5232.421875,2.122441966028755,0.06724370497158562,0.0,0.0,95.0,15,0,1,0,0,534,533
1788475174.5077436,1.7696088916200141,5272.421875,7.521829429654767,0.17407098679429095,0.0,0.0039053868547405377,96.0,15,1,0,0,0,534,534
1788475175.5075283,3.0806632420797935,5400.42578125,9.185478803481947,0.24679919711947415,0.0,0.015628364661524143,98.0,11,1,4,0,0,535,535
1788475176.5080745,3.328182090480424,5464.42578125,8.957671636171705,0.19002739125410004,0.0,0.0,98.0,7,2,7,0,0,536,536
1788475177.5085459,8.965773950791215,6204.4375,6.5086537341040795,0.0918927974556518,0.0,0.003904409642728883,98.0,1,7,8,0,0,536,536
1788475178.508668,2.7696619065055352,6965.671875,3.794399563651898,0.15919458684242646,0.0,0.0,98.0,15,1,0,0,0,537,537
1788475179.507519,2.2826225944238696,7451.671875,10.32372236683029,0.23003018270742107,0.0,0.0,97.0,15,1,0,0,0,538,538
1788475180.5080795,1.4691764941364287,7667.671875,5.4356052618097035,0.13014936896170878,0.0,0.0,97.0,14,1,1,0,0,539,538
1788475181.5080745,1.7500087619266511,8059.671875,5.392038639262062,0.17737572786576394,0.0,0.0,96.0,13,0,3,0,0,539,539
1788475182.5076618,2.9112014602964313,8429.671875,4.2034416574261195,0.1696018173088459,0.0,0.0,97.0,12,0,4,0,0,540,540
1788475183.5075264,2.9403981938780084,8801.67578125,9.218775812306735,0.17811612366634427,0.0,0.0039067790628690025,99.0,10,0,3,0,3,541,540
1788475184.5081174,2.568481925322261,8719.671875,4.938396862549243,0.09903776297225755,0.0,0.0,93.0,14,1,1,0,0,541,541
1788475185.5074613,2.1614181668268437,9095.671875,1.8086999755699082,0.1653850411494358,0.0,0.0,96.0,13,0,3,0,0,542,541
1788475186.507517,3.1798225978642383,9813.6640625,9.45189958941843,0.18148077332950613,0.0,0.0,96.0,12,1,3,0,0,543,542
1788475187.507517,2.1799999999998363,11181.6640625,4.49355411529541,0.18262195587158203,0.0,0.0,96.0,15,0,1,0,0,544,543
1788475188.5075216,1.8599915743259372,11181.6640625,3.996819510562253,0.17043227238340966,0.0,0.00390623230495124,95.0,15,0,1,0,0,544,543
1788475189.5080223,1.8890541902065354,5709.65234375,9.936483713198253,0.22959848479793651,0.0,0.0,97.0,14,0,2,0,0,545,544
1788475190.5077734,1.550385904999883,5709.65234375,8.197505520764274,0.17951188335567075,0.0,0.0,92.0,15,1,0,0,0,546,545
1788475191.5075188,1.3103336516236557,5709.65234375,5.336633568919088,0.18652134055893826,0.0,0.0,95.0,12,0,4,0,0,547,546
1788475192.5080404,1.6791240683886128,5749.65625,5.381537722459616,0.19479508122498507,0.0,0.15616853314625645,97.0,13,3,0,0,0,547,547
1788475193.5085306,1.4093091727114426,5702.65234375,6.582661163484544,0.1654719804783193,0.0,0.003904336138939462,97.0,15,0,1,0,0,548,547
1788475194.5075192,1.6817008244747373,5702.65234375,6.863719916316274,0.22348117999208603,0.0,0.0,96.0,15,1,0,0,0,549,549
1788475195.508056,1.6691042247749177,5702.65234375,6.115681076502035,0.21810175250890312,0.0,0.027329083021668966,95.0,15,0,1,0,0,550,549
1788475196.5085192,2.0490507827589295,5702.65234375,8.30025877885644,0.19884053536410035,0.0,0.0,97.0,13,1,2,0,0,551,550
1788475197.5080783,1.590701238295857,5702.65234375,8.95457387139516,0.18972368218621308,0.0,0.015631891099606318,95.0,14,0,2,0,0,552,551
1788475198.5085318,1.2294424820897916,5702.65234375,3.1188773859052676,0.1693396368052474,0.0,5.224193473818969,97.0,14,0,2,0,0,552,551
1788475199.508092,1.0904796826875613,5720.65625,2.132966834022706,0.11198392160782014,0.0,0.003907969046328181,98.0,14,2,0,0,0,553,552
1788475200.5086482,1.9389215126302868,5738.65625,8.816229757303288,0.23028153257000783,0.0,0.0,97.0,15,0,1,0,0,554,553
1788475201.5075207,1.2514109426373796,5738.65625,7.3859338954428555,0.15524247686221157,0.0,0.02737461437019268,97.0,14,0,2,0,0,555,554
1788475202.508046,1.419254556229586,5738.65625,4.088708061251894,0.16676535985761493,0.0,0.0,97.0,14,0,1,0,0,555,555
1788475203.5085242,1.6891921140240422,5738.65625,9.848627008014184,0.20213949875009235,0.0,0.0,98.0,11,0,1,0,0,556,556
1788475204.5081615,2.110765436703874,5738.65625,8.859411994372234,0.21995986913703858,0.0,0.003907667055509431,98.0,7,0,0,0,0,557,556
1788475205.507749,1.0504332660556044,5756.66015625,6.8412092428183735,0.09697527103874612,0.0,0.0,98.0,1,0,0,0,0,557,557
1788475206.5082977,0.9194955636759489,5721.75390625,1.3185143705447617,0.024695200048610724,0.0,0.0,98.0,0,0,2,0,0,557,557
1788475207.5079074,2.77108152877391,5809.75,0.0008548258185064543,0.0008815391253347809,0.0,0.0,98.0,0,0,1,0,0,557,557
1788475208.5084512,0.9994564628146346,6187.75,0.001322980471025846,0.02077308096940727,0.0,0.0,98.0,0,0,1,0,0,557,557
1788475209.5080101,1.000441269003559,6567.75,0.0020303144649887633,0.0044880635541856865,0.0,0.00390797370704604,98.0,0,0,1,0,0,557,557
1788475210.508593,1.0094115802493697,6947.75,0.003112885712250125,0.0019100498981473517,0.0,0.0,98.0,0,0,1,0,0,557,557
1788475211.5081618,0.9904271704557878,7673.75,0.015664180875588404,0.015419934907495417,0.0,0.01172380646846329,98.0,0,0,1,0,0,557,557
1788475212.5077405,1.0004214631856558,9041.75,0.0004197935522095571,0.00025187613132573425,0.0,0.0,98.0,0,0,1,0,0,557,557
1788475213.5082932,0.9994476509916785,3569.73828125,0.0,0.0,0.0,4.255460701488007,98.0,0,0,0,0,0,557,557
1788475214.5075223,1.0007714018684006,3569.73828125,0.0008513337044397482,0.0045525356167910305,0.0,0.0,92.0,15,1,0,0,0,557,557
1788475215.5075457,1.4299665888010418,3569.73828125,3.323272304371398,0.30983487038199964,0.0,0.003906158732520154,94.0,16,0,0,0,0,558,558
1788475216.507517,3.4200978497842134,3569.73828125,19.26599977492642,0.2583482269733517,0.0,0.0,96.0,16,0,0,0,0,559,559
1788475217.5075183,2.2799972820316383,3569.73828125,4.882193467386404,0.17816140870880043,0.0,0.0,98.0,16,0,0,0,0,560,559
1788475218.507521,3.0699919486256357,3569.73828125,13.12055961462122,0.2457535974289008,0.0,0.0,98.0,16,0,0,0,0,561,560
1788475219.5075204,2.7500013113028103,3569.73828125,9.691935392348954,0.16112907463506443,0.0,0.0,98.0,16,0,0,0,0,562,561
1788475220.5080624,1.059425870179607,3569.73828125,3.0332740230907236,0.10268273404729616,0.0,0.0039041342503664295,98.0,15,1,0,0,0,563,562
1788475221.5085156,4.158115401892755,3569.73828125,12.877070591165113,0.2893871962880746,0.0,0.0,98.0,12,0,4,0,0,564,563
1788475222.508026,2.601273874411025,3569.73828125,11.775686087423221,0.18480386427336157,0.0,0.10161226071918421,98.0,16,0,0,0,0,565,564
1788475223.5086002,2.3286625318435283,3569.73828125,5.81611847176588,0.1786550569457573,0.0,1.311746597873145,98.0,16,0,0,0,0,566,565
1788475224.5075223,2.6728810728382237,3569.73828125,14.697889604306477,0.23211607856540542,0.0,0.0,98.0,16,0,0,0,0,567,566
1788475225.507519,2.430008111027198,3569.73828125,6.7279172398665805,0.17096767271695568,0.0,0.0,98.0,15,0,1,0,0,568,567
1788475226.508081,3.597978106880821,3579.7421875,16.744073443149208,0.29649762037009897,0.0,0.031232448844450384,98.0,14,0,2,0,0,569,569
1788475227.5086155,2.518653692822603,3579.8671875,7.978758722053803,0.2304447514694227,0.0,0.0,98.0,15,1,0,0,0,570,570
1788475228.5075192,2.9031826099491056,3579.8671875,13.937405631803282,0.24280271694481664,0.0,0.0,98.0,15,0,1,0,0,571,571
1788475229.508086,3.6779156481038866,3579.8671875,11.569465489514213,0.24060346735908686,0.0,5.254834475148337,98.0,16,0,0,0,0,573,572
1788475230.5075376,2.421327765908693,3579.8671875,7.882162326180986,0.17932998155536112,0.0,0.0,98.0,16,0,0,0,0,574,573
1788475231.507238,3.310992278407509,3595.73828125,14.066121367110838,0.2519656946368595,0.0,0.007814842046845648,98.0,15,0,1,0,0,575,574
1788475232.5075214,3.3890392761945893,3599.7421875,14.408370124798205,0.2563169572681923,0.0,0.039051429712789416,98.0,15,0,1,0,0,576,575
1788475233.5080643,3.4681172316226268,3599.7421875,8.703630884284134,0.2323739253454181,0.0,0.0,98.0,15,1,0,0,0,577,577
1788475234.508532,2.818681484920101,3599.75,15.222707044786961,0.2471969126838003,0.0,0.003904423599457232,98.0,16,0,0,0,0,578,577
1788475235.5075216,3.4735096965062287,3607.75390625,15.741810272200963,0.2689475535707552,0.0,0.0,98.0,16,0,0,0,0,579,579
1788475236.508221,2.3583508484270914,3611.75390625,7.7762861615867775,0.21444393061435416,0.0,0.0039035203396901343,98.0,15,0,1,0,0,580,580
1788475237.5075188,3.6525646216419023,3615.75390625,14.521013351516775,0.23938679554769707,0.0,0.0,98.0,15,0,1,0,0,582,581
1788475238.5082395,2.728033798653077,3627.75390625,18.381415600928875,0.24439744627950122,0.0,0.0,98.0,16,0,0,0,0,583,582
1788475239.5075305,1.3309437147637262,3631.75390625,0.22916639825544635,0.010486408848742523,0.0,0.0,98.0,16,0,0,0,0,583,582
1788475240.5075128,3.210056634948525,3633.75390625,11.547312379149451,0.23473581563242835,0.0,0.0,98.0,14,0,2,0,0,584,583
1788475241.5080533,2.848460421615557,3639.75390625,10.969105967705538,0.23827929993320737,0.0,0.0,98.0,15,0,1,0,0,585,584
1788475242.508523,3.128530577364468,3643.75390625,10.75032183313101,0.24131503328905596,0.0,0.003904416155856362,98.0,16,0,0,0,0,586,586
1788475243.5080504,2.331101551836833,3643.75390625,7.395193403560127,0.16876375431085686,0.0,0.0,98.0,15,0,1,0,0,587,586
1788475244.5077045,3.5212181490741323,3647.75390625,11.24801179530978,0.18993463400696375,0.0,0.0,98.0,15,0,1,0,0,588,587
1788475245.5075173,2.730511038581447,3649.75390625,7.748507160692488,0.20604747468653414,0.0,0.0,97.0,16,0,0,0,0,589,589
1788475246.508051,2.098880077930966,3649.75390625,10.113421002339546,0.19451729543038054,0.0,0.0,98.0,15,0,1,0,0,590,589
1788475247.5076478,3.371359216793809,3653.75390625,13.888857378441559,0.24893497205680562,0.0,0.01953912750831045,98.0,15,0,1,0,0,591,590
1788475248.5075624,2.6702279142364507,3659.75390625,9.454193258568422,0.22430903974443162,0.0,0.0,97.0,15,0,1,0,0,592,592
1788475249.5075164,1.8000828304257588,3659.75390625,3.3362321598069293,0.1593911081514056,0.0,0.0,96.0,16,0,0,0,0,593,592
1788475250.5075262,3.099969697294719,3663.75390625,11.293150181971201,0.26350526721097095,0.0,0.0,94.0,15,0,1,0,0,594,594
1788475251.5075126,3.230043895841155,3663.75390625,8.170569830532155,0.21052455899712152,0.0,0.0,96.0,15,1,0,0,0,595,595
1788475252.5075314,3.219939352223953,3667.75390625,14.905459992566248,0.2805685603818249,0.0,0.12109146923397315,95.0,16,0,0,0,0,596,596
1788475253.5073528,2.640471523564236,3669.7578125,11.405487706730923,0.20011946904237574,0.0,0.0,96.0,14,0,2,0,0,597,597
1788475254.5080707,3.157733131775991,3671.7578125,11.778430734886468,0.23713064185080224,0.0,0.11319998618164231,98.0,16,0,0,0,0,598,598
1788475255.5078151,2.8907388286649582,3673.7578125,12.952927956287656,0.23098745788451486,0.0,0.0,97.0,15,0,1,0,0,600,599
1788475256.507516,3.1209338312048205,3677.7578125,12.284669222801833,0.24157218291510546,0.0,0.0,96.0,15,0,1,0,0,601,600
1788475257.5080318,2.368777857951138,3677.86328125,8.74108798160739,0.1868828738834658,0.0,0.02732964960056886,95.0,16,0,0,0,0,602,601
1788475258.5077384,1.980581287280254,3679.86328125,6.066478689972724,0.1756869007527415,0.0,0.003907396794665869,95.0,14,0,2,0,0,603,602
1788475259.5073779,2.9510638257274002,3683.8671875,9.178747717511387,0.190619520357795,0.0,5.287062177184081,96.0,16,0,0,0,0,603,603
1788475260.5079565,1.9488723008456321,3683.8671875,3.623300135271953,0.1784569942652984,0.0,0.0,96.0,16,0,0,0,0,604,604
1788475261.5075345,3.4214438523335415,3754.875,12.575894196683915,0.2532024785010688,0.0,0.0,98.0,14,0,2,0,0,606,605
1788475262.508331,2.6878589685407484,3754.875,7.9466091105846255,0.19921646542287402,0.0,0.0,98.0,16,0,0,0,0,607,606
1788475263.507887,3.391506418337293,3758.875,13.950671696989891,0.2881862857461798,0.0,0.03126388659971601,97.0,15,0,1,0,0,608,607
1788475264.507534,2.9910554223120354,3758.875,14.570035851731435,0.2310366473765653,0.0,0.0,97.0,16,0,0,0,0,609,609
1788475265.5080693,1.0894168899256533,3758.875,0.014464265757411625,0.0022399357186106967,0.0,0.0,97.0,16,0,0,0,0,609,609
1788475266.5076542,2.7111253522008374,3758.875,10.770158492549784,0.2348663574047665,0.0,0.0,97.0,15,0,1,0,0,610,610
1788475267.508194,2.988386929510028,3759.8828125,15.180437919747757,0.2617519840021656,0.0,0.015616570492840817,96.0,16,0,0,0,0,611,611
1788475268.5077374,3.371539349044303,3762.87890625,9.151553446018488,0.27100634029905146,0.0,0.003908034297389866,98.0,14,1,1,0,0,612,612
1788475269.5082827,2.398692081262965,3764.87890625,11.679091910553113,0.22562122446528624,0.0,0.0,96.0,16,0,0,0,0,613,613
1788475270.5078247,3.071406710694069,3768.87890625,11.929276499785445,0.23786948854625162,0.0,0.0,94.0,15,0,1,0,0,615,614
1788475271.5083888,1.2492952745867556,3768.87890625,3.2772031158037205,0.10964598121844224,0.0,0.0,94.0,16,0,0,0,0,615,614
1788475272.5075252,2.8424546076272574,3768.87890625,10.44933974947276,0.22463742178480733,0.0,0.0,94.0,15,0,1,0,0,616,616
1788475273.5075135,3.1600369171639278,3772.87890625,10.196428209539,0.22399305716986687,0.0,0.003906295635339291,96.0,15,0,1,0,0,617,617
1788475274.5080626,3.058320743400734,3772.87890625,13.346765136692571,0.2417076462008475,0.0,0.0,96.0,15,0,1,0,0,618,617
1788475275.5077603,2.3907227507706637,3778.8828125,9.521779445728583,0.1798715775395203,0.0,0.0,97.0,15,0,1,0,0,619,618
1788475276.5075238,2.9506978731845463,3808.88671875,17.967506352973498,0.2634433116352897,0.0,0.0,98.0,14,0,2,0,0,620,619
1788475277.5082254,2.867987630940113,3868.88671875,12.041406188389676,0.23786257992441237,0.0,0.0,98.0,15,0,1,0,0,621,620
1788475278.5077994,3.0312914938686917,3868.88671875,9.499935241765268,0.19836484861003545,0.0,0.003907914982813427,97.0,16,0,0,0,0,622,622
1788475279.5075254,2.5306932655720775,3952.890625,8.097738337838692,0.262824531885895,0.0,0.0,95.0,15,1,0,0,0,623,622
1788475280.5082664,2.7779415315911167,4014.89453125,12.391129581751803,0.20989504961628738,0.0,0.0,94.0,15,0,1,0,0,624,624
1788475281.507992,3.0308317201880763,3916.88671875,8.76944771631276,0.24943139446616902,0.0,0.0,95.0,15,0,1,0,0,625,625
1788475282.507691,2.8808674944985047,3963.5234375,9.487407349463075,0.21873003388233028,0.0,0.0,95.0,16,0,0,0,0,626,626
1788475283.507529,2.060333539598741,3970.52734375,7.842779456913768,0.20699132612000357,0.0,0.11329959164207577,94.0,15,0,1,0,0,627,627
1788475284.507527,3.220006141674339,4075.5234375,10.016484292000374,0.2255520354309758,0.0,0.0,97.0,15,1,0,0,0,628,628
1788475285.5075216,2.560014038162863,4078.76171875,12.160856175349243,0.20955009928996174,0.0,0.0,97.0,16,0,0,0,0,629,628
1788475286.508277,2.9177961592118664,4083.76953125,5.69411112212303,0.23536643007981947,0.0,0.0,96.0,16,0,0,0,0,630,630
1788475287.5075228,3.382550842360221,4148.76953125,15.939011357527699,0.2697976517611791,0.0,0.0,97.0,15,0,1,0,0,632,631
1788475288.5082438,2.9278890570382554,4116.76953125,12.060082986128318,0.2859333366370224,0.0,0.031227485676601878,97.0,15,0,1,0,0,633,632
1788475289.507815,2.9412615512683296,4180.76953125,11.28213895988198,0.22174237120766702,0.0,0.0,97.0,15,0,1,0,0,634,633
1788475290.5075223,2.4807257104985374,4206.76953125,10.255159158775285,0.22479911530363025,0.0,0.0,97.0,15,0,1,0,0,635,634
1788475291.5080738,2.0188866603742786,4210.76953125,2.606880732742588,0.10499218775504174,0.0,5.297859680785738,98.0,15,0,1,0,0,635,635
1788475292.5076632,1.9307927000591314,4210.76953125,3.1908556588756047,0.11173067098031714,0.0,0.0,98.0,15,0,1,0,0,636,635
1788475293.5082114,2.838444179733134,4270.7734375,14.728396276702847,0.2461972218959001,0.0,0.023424660374116876,98.0,16,0,0,0,0,637,636
1788475294.507806,3.051236701582074,4278.7734375,13.623477914918748,0.25886155716113424,0.0,0.003907833890345952,97.0,14,2,0,0,0,638,637
1788475295.508076,1.9694684604887693,4338.78125,4.70949288703248,0.20265164335721006,0.0,0.003905196027302049,97.0,15,0,1,0,0,639,638
1788475296.5085282,3.218544316633323,4375.54296875,14.741939196906916,0.27824596581526956,0.0,0.0,94.0,14,0,2,0,0,640,639
1788475297.508083,2.321033155656181,4424.78125,9.869095230292071,0.1935523419910663,0.0,0.0,95.0,16,0,0,0,0,641,640
1788475298.5086436,2.568560265258815,4424.78125,12.683449080279413,0.21478630004134244,0.0,0.0,96.0,15,0,1,0,0,642,641
1788475299.507529,2.6829904795866812,4424.78125,10.782240623215086,0.2428415499319868,0.0,0.003910608791375084,96.0,15,1,0,0,0,643,642
1788475300.507524,1.800009012267367,4440.78125,4.827258437258526,0.14232706758223038,0.0,0.0,96.0,15,0,1,0,0,643,643
1788475301.5075262,3.029993498339272,4454.78125,5.513392062061176,0.23015068260284818,0.0,0.011718724854344442,98.0,15,0,1,0,0,645,644
1788475302.5080664,2.3287418820607533,4456.78125,9.625035683903759,0.17188513476481984,0.0,0.0,98.0,15,0,1,0,0,645,645
1788475303.5078087,2.960763078901397,4476.78125,10.970005649592212,0.2264568328467148,0.0,0.0,98.0,16,0,0,0,0,646,646
1788475304.5075228,2.760789209905527,4478.78125,12.135688469523181,0.25149382140442467,0.0,0.003907366975069787,96.0,16,0,0,0,0,647,647
1788475305.5080562,3.1683102059527957,4525.671875,11.46098751328773,0.25950324326629953,0.0,0.0,97.0,15,0,1,0,0,649,648
1788475306.5086138,2.7384728603314694,4583.546875,11.84478069733356,0.2450482445135314,0.0,0.0,98.0,15,0,1,0,0,650,649
1788475307.5075147,3.0333339666333354,4654.30859375,14.829956555299743,0.2761900988473144,0.0,0.0,98.0,14,0,2,0,0,651,650
1788475308.5080686,2.748477765596037,4688.31640625,12.824455449578911,0.2500979953662787,0.0,0.0,98.0,15,0,1,0,0,652,651
1788475309.5075207,2.7114855847057835,4677.30859375,10.150952074018978,0.24139087587183797,0.0,0.0,97.0,16,0,0,0,0,653,652
1788475310.5075216,3.0599970817595477,4677.79296875,14.568315917667467,0.2652566287454331,0.0,0.0039062462747132543,96.0,16,0,0,0,0,654,653
1788475311.5082977,2.7578597561106255,4709.7890625,11.81985911335612,0.24385410663673815,0.0,0.0,96.0,13,1,2,0,0,655,654
1788475312.5075269,2.2117047981289746,4732.546875,2.8097362225550464,0.17444705661154392,0.0,0.0,98.0,16,0,0,0,0,656,655
1788475313.5080655,3.268239766685243,4830.55078125,10.250468299892079,0.22784359486560787,0.0,0.17959077464105747,98.0,14,0,2,0,0,657,656
1788475314.5086267,2.1787771888965617,4810.67578125,13.354751328318867,0.21254817523848737,0.0,0.011712176689165521,97.0,16,0,0,0,0,658,657
1788475315.5082152,1.970811009359901,4814.7890625,4.294059645401946,0.15595750395102964,0.0,0.003907858124523861,98.0,16,0,0,0,0,659,658
1788475316.5075216,2.801943314815189,4892.79296875,13.009777413009273,0.3013803280292122,0.0,0.0,97.0,14,0,2,0,0,660,659
1788475317.5080569,2.728539549996705,4938.7890625,9.045690637712083,0.20509518654494444,0.0,0.0,98.0,16,0,0,0,0,661,660
1788475318.5085914,2.3387498576213783,4938.7890625,8.61769178748428,0.2074506034248165,0.0,0.0,97.0,15,0,1,0,0,662,661
1788475319.5075235,1.0010690183957565,4938.7890625,0.32374430912985624,0.004193015221399462,0.0,0.0,97.0,15,0,1,0,0,662,661
1788475320.5080676,2.3387275656926025,4941.78515625,7.450902233386853,0.1690354969491868,0.0,0.003904125877558568,97.0,16,0,0,0,0,662,661
1788475321.5086076,2.418693861580807,4985.78515625,14.365898427977712,0.25610921683880333,0.0,0.0,96.0,16,0,0,0,0,663,663
1788475322.5082905,2.290726381799612,4995.7890625,5.3554970767765315,0.16740766816107136,0.0,5.236035329577526,95.0,15,0,1,0,0,664,663
1788475323.5078566,2.7211807796998535,5087.7890625,13.614367997588065,0.22470783430539032,0.0,0.0,95.0,13,2,1,0,0,665,665
1788475324.508421,2.608527911766382,5049.79296875,13.528027334046438,0.2671975001137807,0.0,0.05856070204216628,96.0,16,0,0,0,0,666,666
1788475325.5079956,2.4210297577589017,5091.79296875,5.949047350996537,0.16103059734956543,0.0,0.0,96.0,15,0,1,0,0,667,666
1788475326.5085628,2.338673509531136,5114.5546875,9.304412079730588,0.2108122057348625,0.0,0.0039040356395753503,95.0,14,0,2,0,0,668,667
1788475327.5080976,2.7612844242841468,5123.55859375,11.576735069780622,0.2676015116093516,0.0,0.0,97.0,15,1,0,0,0,669,668
1788475328.507668,2.0208682261809114,5127.55859375,8.249726774131533,0.19886168211726554,0.0,0.0,96.0,15,0,1,0,0,670,669
1788475329.5082262,1.3092692472200462,5162.3203125,1.3083718065264038,0.09835761661994284,0.0,0.0,97.0,15,0,1,0,0,670,670
1788475330.5075274,2.63183914197101,5169.80078125,11.958968099474802,0.22205325080826735,0.0,0.0,97.0,16,0,0,0,0,671,671
1788475331.507537,1.8399824525598416,5169.80078125,9.723971138275735,0.17231967621158398,0.0,0.0039062127474522833,97.0,15,0,1,0,0,672,671
1788475332.5075152,2.970064438787471,5189.80078125,10.162125767098619,0.21964549726015345,0.0,0.011719004256579244,95.0,14,0,2,0,0,673,672
1788475333.5080464,2.4986727135644387,5229.9296875,8.143142003921334,0.21357349354181024,0.0,0.0,96.0,15,0,1,0,0,674,673
1788475334.5086076,2.8084238077062094,5211.80859375,8.850800803877751,0.22004461645433104,0.0,0.0,96.0,15,1,0,0,0,675,674
1788475335.5075164,2.4126327658101325,5231.80859375,5.141762219829597,0.16970079434769855,0.0,0.0,96.0,16,0,0,0,0,676,675
1788475336.5075307,2.3099669556575853,5279.80859375,9.977871257716307,0.23693031887551963,0.0,0.0039061941214448724,97.0,15,1,0,0,0,677,676
1788475337.5080404,2.808568363389466,5264.8046875,6.861852016541632,0.20529963240287843,0.0,0.0,96.0,16,0,0,0,0,678,677
1788475338.5086048,2.2287422387888105,5271.5703125,10.288908518204071,0.22825901768330184,0.0,0.0,96.0,15,0,1,0,0,679,678
1788475339.5082836,2.6008352577909877,5282.09765625,10.606792294793388,0.21155666514109256,0.0,0.0,97.0,13,3,0,0,0,680,679
1788475340.5078263,3.361537186700016,5426.859375,16.391689124045353,0.2616247645135729,0.0,0.0,98.0,16,0,0,0,0,681,680
1788475341.507519,2.950906877270708,5445.85546875,13.724814244642578,0.24685148991835232,0.0,0.0,96.0,16,0,0,0,0,682,681
1788475342.5080414,2.7785485554013367,5511.09765625,11.64255980288312,0.2628688941604839,0.0,0.003904210537603405,96.0,15,0,1,0,0,683,682
1788475343.5086255,1.4791359989172765,5508.33203125,3.117910651899063,0.10905571305823501,0.0,0.09369527020168444,96.0,14,1,1,0,0,684,683
1788475344.5081556,2.331095435405464,5572.80859375,9.19032529143081,0.19450935791598617,0.0,0.0,95.0,15,0,1,0,0,684,684
1788475345.5077145,3.161394410052274,5592.9375,16.54222276499635,0.2839749702680101,0.0,0.0,95.0,15,0,1,0,0,686,685
1788475346.5075297,2.7605100715890876,5624.80859375,7.771836083642202,0.20440636037094295,0.0,0.0,97.0,15,1,0,0,0,687,686
1788475347.507552,2.5699430168386015,5624.80859375,6.797034234003124,0.2088633956203955,0.0,0.003906163388920982,97.0,16,0,0,0,0,687,687
1788475348.5075183,2.150072279022151,5624.80859375,7.477899166055301,0.1461974653822467,0.0,0.0,97.0,16,0,0,0,0,688,687
1788475349.5075235,2.1299888277636385,5624.80859375,8.456955420251072,0.15499033694567374,0.0,0.0,97.0,16,0,0,0,0,689,688
1788475350.5075178,2.410013790209833,5624.80859375,13.641697740732617,0.23215617459969293,0.0,0.015625089407478757,96.0,16,0,0,0,0,690,689
1788475351.5076103,3.0997132566585623,5772.3359375,7.254005776824616,0.22310481913809166,0.0,0.0,97.0,14,1,1,0,0,691,690
1788475352.5081892,2.1687445564787806,5724.3359375,7.438247665087978,0.1996172259748776,0.0,0.0039039900570253237,98.0,14,0,2,0,0,691,691
1788475353.5077684,3.721566067721986,5857.33984375,15.182046964858287,0.25305906516313864,0.0,5.545302261946758,97.0,15,0,1,0,0,693,692
1788475354.508306,1.9989253099980246,5831.46875,7.345491389493154,0.17644360534428324,0.0,0.0,96.0,15,1,0,0,0,693,693
1788475355.5075173,1.7313655083417328,5877.8203125,5.441566634756988,0.14308388745777853,0.0,0.054730665455180585,98.0,15,0,1,0,0,694,693
1788475356.5075512,4.7598388535699145,6139.9609375,12.426840636403472,0.2470390607007457,0.0,0.0,98.0,9,0,7,0,0,695,695
1788475357.5105343,5.005069411165101,6288.609375,7.274340498847584,0.12883568000121706,0.0,0.003894631949674053,98.0,3,0,13,0,0,696,695
1788475358.5075407,10.762217598956244,7084.1328125,0.8479210129352606,0.033953265476542344,0.0,0.0,98.0,0,2,14,0,0,696,696
1788475359.5085409,3.896103250233091,9195.5,1.3707975159693977,0.06745363045221638,0.0,0.0,99.0,2,0,13,0,1,696,696
1788475360.5075405,2.452453445113882,8889.97265625,2.954119559686767,0.03222064920522335,0.0,0.0,98.0,1,0,1,0,0,696,696
1788475361.5083895,2.3579980394797198,9259.921875,0.018096818263569694,0.014645540054289502,0.0,0.0,98.0,0,0,3,0,0,696,696
1788475362.5083942,3.689982404792363,9075.90234375,0.003026947846661345,0.005446408050498721,0.0,0.003906231373637325,98.0,0,0,2,0,0,696,696
1788475363.5082786,1.9902301363036647,9815.90234375,0.0018350815807739915,0.0014993493996760471,0.0,0.0,98.0,0,0,2,0,0,696,696
1788475364.5075436,2.0014711703339176,10415.9140625,0.0014430162475326403,0.0010364521460452694,0.0,0.0,98.0,0,0,2,0,0,696,696
1788475365.5075407,2.0000057220622693,12561.90234375,0.0003871928802286536,0.00024032661531433672,0.0,0.0,98.0,0,0,2,0,0,696,696
1788475366.5083568,1.458809455689248,7789.89453125,0.014431619778989916,0.014403032879460717,0.0,0.015612258729545775,98.0,0,0,1,0,0,696,696
1788475367.5079112,0.9904413449456407,9157.89453125,0.000381639786901884,0.0004064463730505064,0.0,0.0,98.0,0,0,1,0,0,696,696
1788475368.5084987,1.0094070103476824,3685.8828125,0.00043271393605746135,0.003259651236379995,0.0,0.0039039565684831756,98.0,0,0,0,0,0,696,696
1788475369.508172,2.280744967604768,3685.8828125,7.522510967260634,0.3119448100065491,0.0,0.0,90.0,16,0,0,0,0,697,696
1788475370.507526,3.4322176050445994,3685.8828125,4.8567671391838045,0.2343490328500327,0.0,0.0,95.0,16,0,0,0,0,699,698
1788475371.5075202,3.100017738444149,3685.8828125,12.268257722421966,0.2178652831952087,0.0,0.0,98.0,16,0,0,0,0,700,699
1788475372.5080717,3.2881866894210123,3685.8828125,13.210210033462667,0.24518225036976213,0.0,0.0,98.0,16,0,0,0,0,701,701
1788475373.5085144,2.468906908004976,3685.8828125,6.038476598014233,0.19880457399036883,0.0,0.10151755378308888,98.0,16,0,0,0,0,702,702
1788475374.5075345,3.34327607743236,3685.8828125,15.944613542952904,0.2501268437690474,0.0,0.0625613038441657,98.0,15,0,1,0,0,703,702
1788475375.508091,4.107714184544539,3685.8828125,16.490656568424534,0.28362227097023857,0.0,0.0,98.0,15,0,1,0,0,705,704
1788475376.5075202,3.662090226174058,3685.8828125,11.394801892216197,0.2729915480055631,0.0,0.0,98.0,16,0,0,0,0,706,705
1788475377.5080478,3.378217583772102,3685.8828125,10.255478054777331,0.24394992323395806,0.0,0.0,98.0,16,0,0,0,0,707,706
1788475378.508611,3.5280132181119104,3685.8828125,14.523136222896937,0.28328678050623995,0.0,0.00390405145417815,98.0,15,0,1,0,0,709,708
1788475379.5075157,2.7229824689534983,3685.8828125,12.057226872504302,0.22349613696413356,0.0,0.0,98.0,16,0,0,0,0,710,709
1788475380.5080578,2.8884339955080955,3685.8828125,13.040912858047676,0.21508571984126115,0.0,0.0,98.0,15,0,1,0,0,710,710
1788475381.5076785,1.0604022359745995,3685.8828125,0.1712695335931651,0.06539345764902105,0.0,0.0,98.0,16,0,0,0,0,711,710
1788475382.5081904,3.2683269934523063,3685.8828125,7.992156229156494,0.20840276700478572,0.0,0.0,98.0,16,0,0,0,0,712,711
1788475383.507769,2.5210620872278344,3705.88671875,6.32536814821193,0.20698016499317717,0.0,0.003907896340568968,98.0,15,0,1,0,0,713,712
1788475384.5083203,3.588022196931695,3685.8828125,14.683810003107265,0.2878690830898038,0.0,5.231491277734251,98.0,16,0,0,0,0,714,713
1788475385.5070505,2.713445580282387,3685.8828125,13.093986170373777,0.22703007750339105,0.0,0.07040189755114493,98.0,15,0,1,0,0,715,715
1788475386.5086164,2.915434624049556,3685.8828125,11.330239055129507,0.26597811121119613,0.0,0.0,98.0,15,0,1,0,0,716,716
1788475387.5081532,3.061418193709886,3685.8828125,7.242360092558823,0.21737822673190596,0.0,0.0,98.0,15,0,1,0,0,717,717
1788475388.507529,3.001873709052135,3685.8828125,10.411592853090617,0.23018518085562706,0.0,0.0,98.0,16,0,0,0,0,719,718
1788475389.507523,2.5800153780899397,3685.8828125,13.646891873430452,0.24616483548185517,0.0,0.003906273283203144,98.0,16,0,0,0,0,719,719
1788475390.5074565,2.93019491300107,3685.8828125,9.05272810724781,0.20385381584516069,0.0,0.0,98.0,15,0,1,0,0,720,720
1788475391.5080068,2.948377596022969,3685.8828125,9.907868537763319,0.2571655421087296,0.0,0.0,98.0,16,0,0,0,0,721,721
1788475392.50856,3.348148035182475,3685.8828125,15.875764900548631,0.2570980864618798,0.0,0.0,98.0,14,0,2,0,0,723,722
1788475393.5081081,3.0613831427229004,3685.8828125,12.055957326682583,0.19015892771912282,0.0,0.0,98.0,15,0,1,0,0,724,724
1788475394.507684,3.2613833048101104,3685.8828125,10.225052444529252,0.24833817329652177,0.0,3.735959594754951,98.0,15,0,1,0,0,725,724
1788475395.5082355,3.4980709461930886,3685.8828125,14.384397718447978,0.2888478981999072,0.0,0.0,98.0,16,0,0,0,0,726,726
1788475396.507515,3.2123144756187134,3685.8828125,11.84964600329923,0.240231031937245,0.0,0.0,98.0,15,0,1,0,0,727,727
1788475397.5075157,2.7099980616583745,3685.8828125,7.088965113903202,0.2185619698319651,0.0,0.0,98.0,16,0,0,0,0,729,728
1788475398.5075285,3.499954939468686,3685.8828125,17.545945291269845,0.2812454254024096,0.0,0.0,98.0,14,0,2,0,0,730,729
1788475399.508128,3.028184953457796,3685.8828125,12.32379197763639,0.24712246278013486,0.0,1.280482498883678,98.0,16,0,0,0,0,731,730
1788475400.5078535,3.4909579879386907,3725.88671875,8.606815921098038,0.23412262800808842,0.0,0.0,97.0,15,0,1,0,0,732,731
1788475401.50752,2.860954264406309,3685.8828125,14.31400520641417,0.27955796756663936,0.0,0.0,98.0,16,0,0,0,0,733,733
1788475402.507507,3.370043387971519,3685.8828125,14.707901531859093,0.22768123025570722,0.0,0.011718900876199558,97.0,14,0,2,0,0,734,734
1788475403.508043,3.0783501121872656,3685.8828125,10.867821964317374,0.25934910374040404,0.0,0.10931641023392538,95.0,16,0,0,0,0,735,735
1788475404.5086024,1.689055260743743,3685.8828125,4.259842493417368,0.05622008030214576,0.0,0.0,95.0,16,0,0,0,0,736,735
1788475405.5075197,3.063316526495597,3685.8828125,8.684719398209397,0.21591483814239612,0.0,0.0039104837194848495,95.0,15,1,0,0,0,737,735
1788475406.5080585,2.6585674947407902,3685.8828125,12.366086160010903,0.2502380518919764,0.0,0.0,96.0,15,0,1,0,0,738,737
1788475407.5086334,2.858356938700992,3685.8828125,12.186360045893037,0.196965483717622,0.0,0.0,95.0,16,0,0,0,0,739,738
1788475408.5083423,3.2509463800267984,3685.8828125,8.091551729359995,0.23834682022750325,0.0,0.0,96.0,15,0,1,0,0,740,740
1788475409.5075197,2.942420270426582,3685.8828125,9.202810692045105,0.27418373438921995,0.0,0.0,95.0,16,0,0,0,0,741,740
1788475410.50822,2.308383588171318,3685.8828125,9.410566607921728,0.16348930166268746,0.0,0.0039035166196079757,95.0,16,0,0,0,0,742,742
1788475411.5075202,3.242268805251717,3686.13671875,10.563200710794016,0.2626101400282342,0.0,0.0,96.0,16,0,0,0,0,743,743
1788475412.507526,2.9799829484012657,3730.890625,7.613326377908452,0.20127085912212875,0.0,0.0,97.0,15,0,1,0,0,744,744
1788475413.5080717,2.7485000332407963,3730.890625,8.850262105474608,0.21971823333832946,0.0,0.0,97.0,15,0,1,0,0,745,744
1788475414.507835,2.8406725282242626,3731.8984375,8.59533862382256,0.1803157457197904,0.0,0.0,97.0,16,0,0,0,0,746,745
1788475415.5081482,2.7791293487631457,3736.89453125,12.086731442185632,0.2277461866166081,0.0,5.467037275557498,98.0,16,0,0,0,0,747,747
1788475416.5078485,3.2509742914877893,3736.89453125,11.009105311722001,0.2558397270529045,0.0,0.027351947163959764,98.0,15,0,1,0,0,748,748
1788475417.5083792,2.9384405115660166,3738.8984375,11.752343960367256,0.2137403998065068,0.0,0.0,98.0,15,0,1,0,0,749,749
1788475418.5075207,3.1226809630745826,3740.8984375,10.16696625840581,0.25515146265435656,0.0,0.0,98.0,15,0,1,0,0,751,750
1788475419.50805,3.1583283307807357,3740.8984375,11.160642474581344,0.22962432718125764,0.0,0.0,98.0,15,0,1,0,0,752,751
1788475420.5085256,4.1780127488525975,3782.90234375,12.891344491896312,0.28808623980321707,0.1991240376341152,0.0,97.0,16,0,0,0,0,753,753
1788475421.508067,3.59164755103321,3784.90234375,11.467602650523093,0.2956630839761663,0.25011473196609085,0.04689651224364204,97.0,16,0,0,0,0,755,753
1788475422.5085282,2.658773401610201,3786.90234375,15.06842293777833,0.2478943644535023,0.0,0.0,98.0,16,0,0,0,0,756,755
1788475423.5075157,3.603648924107624,3795.8984375,15.430601540742764,0.2607391737152979,0.0,0.0,96.0,15,0,1,0,0,757,756
1788475424.5075233,3.079976501644504,3797.8984375,16.37168791436833,0.27940346219282386,0.0,5.203085303609439,94.0,15,0,1,0,0,758,757
1788475425.508065,2.4686627574477766,3799.8984375,8.890190479095338,0.2068124108797267,0.0,0.0,96.0,16,0,0,0,0,759,758
1788475426.507452,3.382073123455253,3829.8984375,14.406761117657064,0.2803461002883533,0.0,0.0039086458989635075,94.0,15,0,1,0,0,760,759
1788475427.5075135,2.859824086519769,3829.8984375,8.53203457238205,0.22762996470191643,0.0,0.0,97.0,16,0,0,0,0,761,760
1788475428.508052,2.2387942132643035,3829.8984375,7.507636129851977,0.08876597348830459,0.0,0.0,96.0,16,0,0,0,0,762,761
1788475429.5075686,1.8008707441973675,3835.90234375,7.488643400386807,0.18137450873940553,0.0,0.0,95.0,16,0,0,0,0,762,762
1788475430.5084593,2.6676238625645077,3838.62109375,5.724107440615144,0.15327533801488313,0.0,0.0,96.0,16,0,0,0,0,763,763
1788475431.5075235,3.77353124383258,3842.62109375,12.614203154416343,0.3153748145454146,0.0,0.003909908865045381,95.0,16,0,0,0,0,765,764
1788475432.5080638,3.008374706009672,3842.62109375,11.365511358085293,0.23846617594845315,0.0,0.0,97.0,15,0,1,0,0,766,765
1788475433.5086381,3.328088511175221,3842.62109375,8.61138896083673,0.20826394371023227,0.0,0.0,97.0,16,0,0,0,0,767,766
1788475434.5081754,2.631217649807628,3842.62109375,8.355941506019398,0.19695813554312927,0.0,0.07034505361296242,97.0,16,0,0,0,0,768,767
1788475435.507855,3.2510417461650003,3867.75,15.531536670991375,0.2604308173700679,0.0,0.0,95.0,14,0,2,0,0,769,768
1788475436.5075257,2.400790474807284,3861.62109375,9.593214089550417,0.2115698284943463,0.0,0.0,94.0,15,1,0,0,0,770,769
1788475437.5082326,3.3076617772174646,3901.625,10.066144438204937,0.2178063879155708,0.0,0.0156139623169256,97.0,16,0,0,0,0,771,770
1788475438.5075216,2.9420917218959146,3921.5,9.019415831091003,0.20514768371411216,0.0,0.0,97.0,15,0,1,0,0,772,771
1788475439.508091,2.9583157019862676,3925.62890625,14.901350873497506,0.2509614715590279,0.0,0.0,97.0,16,0,0,0,0,773,772
1788475440.5078313,2.810729771786033,3985.50390625,10.547374270100628,0.26878850714785674,0.0,0.0,98.0,15,0,1,0,0,774,773
1788475441.5084,3.5979541014355885,3987.50390625,8.697711934336807,0.2589736813950236,0.0,0.0,98.0,16,0,0,0,0,775,775
1788475442.5070183,2.6136110582554415,3987.50390625,15.429442792172585,0.23969961625962843,0.0,0.003911654481344077,98.0,15,0,1,0,0,776,776
1788475443.5085788,3.264905279860813,4011.50390625,11.337744346440445,0.21064789522308466,0.0,0.0,96.0,15,0,1,0,0,777,777
1788475444.5075202,3.403602980908302,4053.50390625,10.092303712005927,0.2647742265620077,0.0,0.0,98.0,15,0,1,0,0,778,778
1788475445.507526,3.009982776740616,4078.265625,13.873601683034803,0.25503584841242743,0.0,5.550749488356657,97.0,15,0,1,0,0,780,779
1788475446.5082285,3.027872557538001,4097.5078125,13.138488024661855,0.25675376573857506,0.0,0.0,97.0,16,0,0,0,0,781,780
1788475447.5077672,3.3615508176881694,4103.5078125,9.812777453511368,0.254217126402757,0.0,0.03126442352760456,96.0,16,0,0,0,0,782,781
1788475448.5083132,3.158275649252558,4135.51953125,17.089779950121457,0.2960086203240056,0.0,0.0,98.0,14,0,2,0,0,783,783
1788475449.507885,3.531512192701584,4153.515625,12.398528040972135,0.26509764560974003,0.0,0.0,97.0,16,0,0,0,0,784,784
1788475450.5085194,2.428459308095545,4228.51171875,9.708480294689139,0.17625307811716323,0.0,0.0,97.0,14,0,2,0,0,785,785
1788475451.507598,3.34308060802236,4194.63671875,12.334420331616807,0.2796623456396812,0.0,0.0,97.0,16,0,0,0,0,787,786
1788475452.5072272,2.9110792561155914,4194.63671875,8.698711036601523,0.21432430131162156,0.0,0.03907698743712061,97.0,15,0,1,0,0,788,787
1788475453.5078,1.0294102304494768,4194.63671875,0.000432720225643582,0.0032596986160816086,0.0,0.0039040133132954005,97.0,15,0,1,0,0,788,787
1788475454.507525,3.3409192039399045,4230.51171875,10.782238651133396,0.25562071473713077,0.0,0.09768312605082098,96.0,15,0,1,0,0,789,788
1788475455.5075169,3.1400254537737116,4268.51171875,10.586573587298863,0.25433555779670836,0.0,0.0,97.0,16,0,0,0,0,790,789
1788475456.5075233,3.0699802376113583,4280.515625,12.921118528795176,0.2754966167429323,0.0,0.0,98.0,16,0,0,0,0,791,791
1788475457.507524,2.5799981546418995,4342.515625,8.767632889056523,0.18710885969958804,0.0,0.0,97.0,15,1,0,0,0,792,792
1788475458.5075183,2.5800147629628194,4359.26953125,8.529233146094205,0.19336906453551025,0.0,0.003906272351869689,97.0,16,0,0,0,0,793,792
1788475459.5080695,2.6085620986048346,4397.515625,11.467598655678765,0.21389805500431777,0.0,0.0,97.0,14,0,2,0,0,794,794
1788475460.508645,3.1182053404592467,4450.515625,10.794255892342541,0.2318802454680062,0.0,0.0,98.0,16,0,0,0,0,795,795
1788475461.5081935,2.7712513995525287,4450.515625,9.758367144434823,0.22841659093456984,0.0,0.0,98.0,16,0,0,0,0,796,796
1788475462.5077698,2.340991807566322,4450.640625,9.821572526545447,0.1946968975989898,0.0,0.0,98.0,16,0,0,0,0,797,796
1788475463.5084004,3.2479517859283016,4471.51953125,10.913069470227063,0.260373904948571,0.0,0.003903788204240747,98.0,14,1,1,0,0,798,798
1788475464.507923,2.6412613407289856,4480.515625,12.547469277611507,0.23079831338446358,0.0,0.0,98.0,15,0,1,0,0,799,798
1788475465.5075238,3.111241736094178,4522.515625,7.804173513999566,0.22266119357062272,0.0,0.0,96.0,16,0,0,0,0,800,799
1788475466.5080462,2.03893491115842,4524.515625,8.251792984383396,0.16758461525630317,0.0,0.0,96.0,15,0,1,0,0,801,801
1788475467.5085173,2.958606155928166,4536.51953125,12.852326346192342,0.2527657830268714,0.0,0.0,97.0,15,0,1,0,0,802,801
1788475468.5075154,3.283289313720964,4574.51953125,11.440515767873908,0.2267018798110404,0.0,0.0,98.0,16,0,0,0,0,803,802
1788475469.507641,3.549554010638058,4599.5234375,13.977864662485807,0.29359466448111976,0.0,0.0039057592546636564,98.0,14,0,2,0,0,804,804
1788475470.5082037,2.928352310311074,4674.51953125,8.65544346652484,0.23010467361694908,0.0,0.0,98.0,16,0,0,0,0,806,805
1788475471.5075233,3.342274239225235,4680.5234375,12.376784167770104,0.26997244390366104,0.0,0.015635639217931742,95.0,16,0,0,0,0,807,806
1788475472.5075293,3.019981999505006,4688.5234375,12.661884177421467,0.25728263090472875,0.0,0.0,96.0,14,0,2,0,0,808,807
1788475473.5075178,3.230036964839551,4738.52734375,10.127940688408147,0.24149408142945972,0.0,0.0,95.0,16,0,0,0,0,809,809
1788475474.5080483,3.038388191764656,4739.53125,11.210178697680869,0.2567274049577639,0.0,0.003904178905948225,97.0,16,0,0,0,0,810,810
1788475475.5085309,2.738678425518928,4759.53125,12.569530313169038,0.2474649264785784,0.0,0.0039043659122928428,97.0,15,0,1,0,0,811,811
1788475476.5080733,3.2915059470921317,4872.5390625,11.707847442446244,0.26264000085869976,0.0,0.0,96.0,15,0,1,0,0,813,812
1788475477.5085158,2.708801342179553,4892.53515625,8.591155723327995,0.22374456646076413,0.0,5.552230610844201,95.0,14,0,2,0,0,814,813
1788475478.5075183,1.8918872395061397,4934.53515625,3.4958187355016084,0.042551525970616594,0.0,0.023460903267686843,95.0,15,0,1,0,0,814,813
1788475479.507518,2.120000505447399,4938.53515625,7.840337715229444,0.18753723801070166,0.0,0.0,96.0,15,0,1,0,0,815,814
1788475480.5082095,3.3976508170682886,4922.6640625,11.813312862562793,0.2766584612041731,0.0,0.0039035510306384916,97.0,16,0,0,0,0,816,815
1788475481.50753,3.222189455019011,4924.6640625,14.431156348131221,0.271244298517889,0.0,0.0,97.0,16,0,0,0,0,817,816
1788475482.5080884,4.017756579897357,5044.671875,10.63693053929257,0.2646074984642498,0.0,0.0,96.0,15,0,1,0,0,819,818
1788475483.5086453,2.4586306759698378,4990.6875,10.252115025353616,0.1873718022036677,0.0,0.04294483205612109,96.0,16,0,0,0,0,819,819
1788475484.507519,3.6140704891656505,5027.58984375,13.564384019400512,0.2699554609292578,0.0,0.08603439962955714,98.0,15,0,1,0,0,820,820
1788475485.5075266,2.82997840897813,5109.59375,13.763164419827119,0.25773900803369115,0.0,0.07812440395809969,97.0,16,0,0,0,0,822,821
1788475486.5075216,3.6500182748761323,5115.59375,14.05781345703187,0.27941176119970923,0.0,0.0,97.0,16,0,0,0,0,823,822
1788475487.5075126,2.6100236465685835,5179.83203125,7.851048073727322,0.17361798226435807,0.0,0.0,98.0,15,0,1,0,0,824,823
1788475488.5080605,2.758488662970879,5132.0703125,8.329330253381189,0.24424331876122635,0.0,0.0,97.0,16,0,0,0,0,825,825
1788475489.5076573,3.281322917235369,5189.54296875,11.979034554345942,0.275550354874156,0.0,0.0,97.0,14,1,1,0,0,826,826
1788475490.508204,3.1083007112664442,5188.3046875,15.21700272863942,0.2707241128943284,0.0,0.0,98.0,16,0,0,0,0,827,826
1788475491.507701,2.9514847833857747,5217.0703125,10.669351656912824,0.23892882819831335,0.0,0.0039082160796947854,96.0,15,0,1,0,0,828,827
1788475492.5075223,2.6404715235644636,5215.06640625,10.314563180881137,0.22160100439841615,0.0,0.0,94.0,16,0,0,0,0,829,829
1788475493.5075145,3.7500295045313,5279.06640625,16.42996172636437,0.2967304687751459,0.0,0.0,95.0,15,0,1,0,0,831,830
1788475494.507523,3.2099724485850563,5330.0703125,9.68811398217598,0.2594429636128688,0.0,0.0,97.0,15,1,0,0,0,832,831
1788475495.5075133,3.170030987566162,5332.56640625,13.693292003863373,0.2649266390781885,0.0,0.0,98.0,15,0,1,0,0,833,833
1788475496.5080655,3.4081181141007484,5397.66796875,13.808533534129847,0.2566627428740272,0.0,0.003904094247275188,98.0,16,0,0,0,0,834,833
1788475497.507776,2.8008106670738675,5397.66796875,12.412636981319265,0.24321538531250222,0.0,0.0,98.0,15,1,0,0,0,835,835
1788475498.5075548,2.9306484131165966,5469.0625,12.59340731668231,0.25421617331715546,0.0,0.0,98.0,13,0,3,0,0,836,836
1788475499.5083277,3.147567078478348,5508.30078125,6.622125403747809,0.1782813100797466,0.0,0.0,98.0,16,0,0,0,0,837,837
1788475500.5078723,2.4711252997693127,5512.30078125,8.315345361146877,0.1810135211528306,0.0,0.0,97.0,16,0,0,0,0,838,838
1788475501.5084147,3.1283032012500063,5512.4296875,10.763404191842927,0.26562683557249844,0.0,0.003904132389739357,97.0,16,0,0,0,0,839,839
1788475502.5081139,2.5507674857539615,5512.30078125,6.596222980833486,0.15527819659330863,0.0,0.011722277048500826,97.0,16,0,0,0,0,840,839
1788475503.5079255,1.2602373665615538,5512.30078125,3.997175638378696,0.06380901554161975,0.0,0.0,96.0,15,0,1,0,0,840,840
1788475504.507777,2.800415959153966,5574.30078125,13.365133876420261,0.266419882675864,0.0,0.0,96.0,16,0,0,0,0,841,841
1788475505.5075223,2.670680038042291,5611.54296875,11.756850317988302,0.22803390984909983,0.0,0.0,97.0,15,0,1,0,0,842,842
1788475506.508075,3.2182214361934594,5610.55859375,9.193568541555566,0.2544865846864454,0.0,0.0,97.0,15,0,1,0,0,844,843
1788475507.5086365,3.0482884599389313,5637.30859375,10.967938066924189,0.216145271750695,0.0,0.003904057966110661,97.0,16,0,0,0,0,845,844
1788475508.5081646,2.991411438760352,5641.30859375,10.08236241226527,0.1882544888576148,0.0,5.682368614074529,96.0,16,0,0,0,0,846,845
1788475509.5074108,2.581946476640423,5641.30859375,8.476103171880123,0.25097407818680445,0.0,0.0,98.0,15,0,1,0,0,847,846
1788475510.5075223,2.769690958173632,5715.30859375,12.388969889185873,0.2395610536162633,0.0,0.0,98.0,16,0,0,0,0,848,847
1788475511.5079522,2.908749619587725,5738.546875,8.678159065057207,0.22481600207049057,0.0,0.0,98.0,14,2,0,0,0,849,848
1788475512.5084915,2.3487333214827375,5738.546875,7.781799690508859,0.17466852660008206,0.0,0.003904144483847031,98.0,16,0,0,0,0,850,849
1788475513.5080733,2.6411044734105875,5786.546875,11.407817199556355,0.2000987465862065,0.0,0.0,98.0,14,1,1,0,0,851,850
1788475514.5086234,3.7979110286849944,5828.546875,16.05543711342319,0.2897557100241123,0.0,0.10150666811863192,97.0,15,0,1,0,0,852,851
1788475515.5075305,2.12231950583799,5850.546875,7.539503355832848,0.1773044499393754,0.0,0.0,98.0,16,0,0,0,0,853,852
1788475516.5075397,3.5599668982722137,5850.546875,9.839148586560517,0.2808649650255117,0.0,0.0,97.0,16,0,0,0,0,854,853
1788475517.5079737,3.248590365775654,5970.6796875,16.86386484288834,0.27577450046757435,0.0,0.003904555728095738,95.0,11,0,5,0,0,855,854
1788475518.5085568,4.817190749985271,6351.2109375,9.100660272830167,0.15571287305653184,0.0,0.0,93.0,2,0,14,0,0,855,855
1788475519.50757,11.301152140786781,6931.31640625,5.491294018254651,0.04657000380653268,0.0,0.043011194069923264,92.0,2,0,14,0,0,856,855
1788475520.5079472,4.318371204556246,8998.6796875,1.1172429374868622,0.0035520507468506054,0.0,0.0,92.0,0,0,4,0,0,856,856
1788475521.5085156,5.017148303614642,8886.66796875,0.014098736908724213,0.014098736908724213,0.0,0.0,93.0,0,0,3,0,8,856,856
1788475522.5080583,2.5711757648271623,9174.6640625,0.0007900035922264792,0.0003377551589953788,0.0,0.0,92.0,0,0,2,0,0,856,856
1788475523.508519,2.009074570638784,9916.6640625,0.0030541656856287397,0.005209430546804327,0.0,0.0039044515132132702,92.0,0,0,2,0,0,856,856
1788475524.5080757,1.9908823991730342,10656.6640625,0.0033126254488729133,0.0028393932418910683,0.0,0.0,92.0,0,0,2,0,0,856,856
1788475525.5076535,2.010849059506272,12072.6484375,9.922402518954531e-05,0.00012593818581749981,0.0,0.0,92.0,0,0,2,0,0,856,856
1788475526.5081942,1.9989191177942378,14808.6484375,0.014833058982426608,0.01465386510704451,0.0,0.0,92.0,0,0,2,0,0,856,856
1788475527.507514,1.5210346202305416,3864.625,7.252858258393096e-05,8.588911095465508e-05,0.0,0.0,92.0,0,0,0,0,0,856,856
1788475528.5080407,1.0594420272258829,3864.625,0.7323918691542239,0.13028912337457313,0.0,0.0039041937913691675,57.0,16,0,0,0,0,856,856
1788475529.5085533,2.2288574877746745,3864.625,3.8147683734886644,0.2839082711260507,0.0,0.0,88.0,16,0,0,0,0,857,856
1788475530.5080984,2.2810376500690612,3864.625,12.188966881945312,0.2248871528357531,0.0,0.0,92.0,16,0,0,0,0,858,857
1788475531.5076735,2.3009775977320706,3864.625,9.933699095675586,0.22810709162647208,0.0,0.0,92.0,16,0,0,0,0,859,858
1788475532.5075185,2.3003564910220926,3864.625,4.582968456625177,0.20166947487799422,0.0,0.0,96.0,16,0,0,0,0,860,859
1788475533.507514,2.2100100112415233,3864.625,12.218927421479465,0.2093133871446504,0.0,0.003906267695209076,98.0,15,0,1,0,0,860,860
1788475534.5080535,2.8284739216601795,3864.625,8.954735620806245,0.20484171943400403,0.0,0.003904143553528396,98.0,11,1,4,0,0,861,861
1788475535.508641,2.2886554987075405,3864.625,6.340808927250684,0.1724069569726037,0.0,0.0039039565684831756,97.0,16,0,0,0,0,862,861
1788475536.508156,2.071004319855062,3864.625,8.50107173440642,0.1879459099724016,0.0,0.011724435687586916,96.0,16,0,0,0,0,863,863
1788475537.5072315,1.4513418922088457,3864.6953125,2.2751176133405053,0.06004735556719054,0.0,0.0,96.0,16,0,0,0,0,863,863
1788475538.507831,1.9888074658447468,3864.69921875,5.652072200397492,0.16571122080795003,0.0,0.0039039091273652734,95.0,16,0,0,0,0,864,863
1788475539.5083406,2.01897133308914,3864.69921875,7.406169180026598,0.21866433961540266,0.0,0.027329825440176567,96.0,13,0,3,0,0,865,864
1788475540.5079045,2.2109641297801783,3864.69921875,8.223893523515345,0.16697917101473472,0.0,5.482859647344349,97.0,13,1,2,0,0,866,865
1788475541.507523,2.7810608905376673,3806.70703125,8.027273091541879,0.20917956526384882,0.0,0.0,97.0,14,0,2,0,0,866,866
1788475542.5080423,2.428738815036314,3806.70703125,9.378357395551799,0.19104573783469106,0.0,0.0,97.0,15,0,1,0,0,867,867
1788475543.5085182,2.5188013440407064,3806.71875,8.692154517074565,0.2001973166837452,0.0,0.0,97.0,15,0,1,0,0,868,867
1788475544.508053,3.521638106333108,3806.71875,8.797180962576386,0.2151545921824808,0.0,0.09770169639818022,97.0,14,1,1,0,0,869,868
1788475545.5085258,3.2484641779749355,3806.71875,15.647190003924898,0.23432810958830985,0.0,0.08980129338150608,96.0,14,0,2,0,0,870,870
1788475546.5075333,2.1221062680228524,3806.71875,9.566328197547529,0.2033506748340927,0.0,0.0,94.0,14,1,1,0,0,871,871
1788475547.5075202,2.540033307512226,3748.71484375,4.780998934493398,0.17051920379548283,0.0,0.0,95.0,13,1,2,0,0,872,871
1788475548.507519,2.4600029325516006,3748.71484375,11.800363302663925,0.1936495228404079,0.0,0.0,96.0,16,0,0,0,0,873,872
1788475549.5075166,1.8800044822800828,3748.71484375,7.20467759293936,0.1876578036732761,0.0,0.039062593132479506,96.0,15,0,1,0,0,874,873
1788475550.5081623,1.828819245692317,3748.71484375,4.116811674591352,0.1905650972644348,0.0,0.0,98.0,14,0,2,0,0,874,874
1788475551.507878,2.5907362741559736,3784.71875,8.777124961126724,0.23044268791293912,0.0,0.0,98.0,11,2,3,0,0,875,875
1788475552.5084195,1.908966392832559,3784.71875,10.65089698146703,0.19762973377099183,0.0,0.0,97.0,16,0,0,0,0,876,875
1788475553.5079746,2.581148324674019,3784.71875,10.71031223359773,0.19219365915488792,0.0,0.0,97.0,14,0,2,0,0,877,876
1788475554.5075266,2.1209501613027166,3784.71875,5.547337400192013,0.20238787813735487,0.0,0.003908000739428851,96.0,13,0,3,0,0,878,877
1788475555.5075188,1.9300151849990668,3784.71875,7.360695577372087,0.17206899601861683,0.0,5.839889697160722,96.0,15,0,1,0,0,878,878
1788475556.5075295,2.239975967664847,3784.71875,8.427726924964995,0.2097307591714471,0.0,0.0,96.0,15,0,1,0,0,879,878
1788475557.508069,1.898975424435848,3784.71875,5.207697625225571,0.14428364899214047,0.0,0.0,96.0,14,0,2,0,0,880,879
1788475558.5086243,1.9689067116426593,3784.71875,5.599602347882219,0.17272322835949677,0.0,0.0,96.0,13,1,2,0,0,880,880
1788475559.5075269,1.9921863063734344,3784.71875,9.896510514712148,0.20908986106645797,0.0,0.0,96.0,15,0,1,0,0,881,881
1788475560.5081675,2.7082650022361623,3784.71875,10.420562731728516,0.2369716780426739,0.0,0.0039037491383707994,96.0,14,0,2,0,0,882,882
1788475561.5077193,1.730775780312315,3784.71875,6.962960807399251,0.16026432440993563,0.0,1.2779165466088354,93.0,12,2,2,0,0,883,882
1788475562.5082488,2.6186133717781854,3784.71875,9.43008703629789,0.2348362037638284,0.0,0.0,95.0,16,0,0,0,0,884,883
1788475563.5073543,2.1319070900445714,3784.71875,9.511222387885892,0.18786069233838407,0.0,0.0,91.0,14,0,2,0,0,884,884
1788475564.5079234,2.19874868080572,3823.08984375,5.774020531890482,0.18385342166006505,0.0,0.0,89.0,14,0,2,0,0,885,885
1788475565.5084498,1.9189897896158299,3823.08984375,5.130635156053408,0.17809266362159812,0.0,0.003904194721711745,92.0,15,1,0,0,0,886,885
1788475566.507982,2.2610576713447794,3823.08984375,7.6283385277250755,0.23084471639002735,0.0,0.0,94.0,14,0,2,0,0,887,886
1788475567.5076823,2.6708004179295863,3823.08984375,7.277251125494181,0.19689357166757254,0.0,0.0,95.0,13,1,2,0,0,888,887
1788475568.5075314,1.870282261054704,3823.08984375,10.045294444890885,0.1687018366486069,0.0,0.0,94.0,16,0,0,0,0,888,888
1788475569.5080447,1.8790354625343373,3825.08984375,6.024983456282287,0.12441161675194098,0.0,0.0,93.0,15,0,1,0,0,889,888
1788475570.5076602,0.6802616076403707,3845.08984375,0.14186115790550746,0.048984291949967215,0.0,0.03126202240995103,94.0,15,0,1,0,0,889,889
1788475571.508371,2.5981528063614263,3845.08984375,7.934856952802359,0.22863059605659466,0.0,5.644424516223102,96.0,12,3,1,0,0,890,889
1788475572.507923,2.0709282458069076,3845.08984375,8.296559699114402,0.19156841006539416,0.0,0.01563200668634661,96.0,14,1,1,0,0,891,890
1788475573.5075254,1.7707037551788603,3851.09375,8.571359743283285,0.16686109481932254,0.0,0.0,97.0,14,0,2,0,0,891,891
1788475574.508083,2.368679079921628,3845.08984375,9.235235877819486,0.20583880973435195,0.0,0.0,97.0,15,0,1,0,0,892,892
1788475575.5085254,2.1790362853264886,3845.08984375,8.619468423384339,0.1941442161748399,0.0,0.11323117165007332,96.0,14,0,2,0,0,893,893
1788475576.5074368,2.5627899023757026,3863.09375,10.982031812013066,0.2678258163159606,0.0,0.0,97.0,15,1,0,0,0,894,893
1788475577.5079787,1.8390033972927484,3863.09375,6.3804133702300705,0.13210385511811173,0.0,0.0,98.0,15,0,1,0,0,895,894
1788475578.5085516,1.8589349792588652,3863.09375,7.2806550469213125,0.15937829350488372,0.0,0.0,98.0,15,0,1,0,0,895,894
1788475579.507525,2.002055370909485,3863.09375,6.017807168404376,0.2009471126239201,0.0,0.0,97.0,15,0,1,0,0,896,895
1788475580.5080943,2.3386684941374547,3863.09375,9.707149345246208,0.191469852922254,0.0,0.031232218137523554,98.0,14,0,2,0,0,897,896
1788475581.5078115,1.9805600319380652,3883.09375,8.690118427385062,0.18314676572421765,0.0,0.0,98.0,11,0,5,0,0,897,897
1788475582.5083697,2.288722577201514,3971.09765625,3.6688383220405822,0.15762877250756258,0.0,0.0,97.0,14,1,1,0,0,898,898
1788475583.507935,1.9508479108196661,3971.09765625,4.761854376919061,0.15456432599217504,0.0,0.0,96.0,15,0,1,0,0,899,898
1788475584.508513,1.8989025736236598,3971.09765625,7.407817709415526,0.16689764025688583,0.0,0.0,95.0,15,0,1,0,0,899,899
1788475585.5074425,2.0622075920319323,3971.09765625,10.110205369498503,0.20924461085862045,0.0,0.019552180597993133,93.0,15,0,1,0,0,900,899
1788475586.5075207,2.2498240608472924,3971.09765625,7.877707508072222,0.20614442458837867,0.0,0.0,91.0,15,0,1,0,0,901,900
1788475587.5080366,2.5286953504706653,3972.1015625,9.757096682257556,0.20195650246826616,0.0,0.0,89.0,15,0,1,0,0,902,901
1788475588.5085824,2.258767300045301,3972.10546875,7.834946109856257,0.2075159540131721,0.0,0.0,92.0,13,1,2,0,0,903,902
1788475589.5075197,2.182319001147589,3977.1015625,10.347284757653442,0.20104600478251353,0.0,0.0,91.0,13,2,1,0,0,903,903
1788475590.5072453,2.140587419538344,3999.10546875,4.831685368981289,0.20557132067444236,0.0,0.0,91.0,15,0,1,0,0,904,904
1788475591.50692,1.9906473643789524,3981.1015625,7.389572948813958,0.20324736342518615,0.0,0.003907520737239264,93.0,15,0,1,0,0,905,905
1788475592.5084496,2.606014218042778,4017.10546875,13.690551546056758,0.24667777111489725,0.0,0.0,94.0,13,2,1,0,0,906,905
1788475593.5080125,1.9008307034201248,4017.10546875,5.459534484555767,0.14147837874131985,0.0,0.0,95.0,14,0,2,0,0,907,906
1788475594.5085838,2.03883531346054,4034.98046875,9.209507470155122,0.21739461958205256,0.0,0.0,96.0,15,0,1,0,0,907,907
1788475595.5075216,2.3925412491002356,4074.98046875,9.293660941002885,0.21034266390029807,0.0,0.00391040345368055,95.0,15,0,1,0,0,908,907
1788475596.507515,1.9800132180138286,4074.98046875,6.706062261997064,0.19943370441048705,0.0,0.003906276077206173,97.0,14,0,2,0,0,909,909
1788475597.508034,2.368770519871638,4108.984375,6.389290455503075,0.19481656178116855,0.0,0.0,98.0,14,0,2,0,0,910,909
1788475598.508526,2.2488933287071107,4145.984375,8.855099457435573,0.20824675052330968,0.0,0.0,94.0,13,0,3,0,0,911,910
1788475599.507538,2.0219977471027177,4185.984375,6.254360692670447,0.16771101819500925,0.0,0.0,94.0,14,0,2,0,0,911,911
1788475600.5080886,2.228773041498007,4071.98046875,9.501723413619507,0.20562677568791785,0.0,0.0273287053154532,94.0,13,2,1,0,0,912,912
1788475601.5071568,2.442275565364283,4071.98046875,10.042167852393902,0.24462986314419927,0.0,0.003909893002952466,91.0,14,1,1,0,0,913,912
1788475602.5077,2.2287895053641456,4091.98046875,8.586766087258631,0.18336255552733152,0.0,5.68831682545462,92.0,15,0,1,0,0,914,913
1788475603.5082514,1.789013426767286,4091.98046875,7.456634713151093,0.1883631506044035,0.0,0.0,90.0,15,0,1,0,0,915,914
1788475604.5079668,2.230634998843359,4087.98046875,7.460831697713631,0.16809384919546588,0.0,0.0,91.0,13,0,3,0,0,915,915
1788475605.5085597,1.049377774590339,4089.98046875,0.04005727233021611,0.017281775528016526,0.0,0.0858865738131825,90.0,13,0,3,0,0,915,915
1788475606.507536,2.02207013348415,4169.98046875,7.015478244681994,0.18939907064660944,0.0,0.09384607673967366,89.0,12,2,2,0,0,916,915
1788475607.5080543,2.1788706434298746,4185.984375,10.049895174000675,0.1887945081566018,0.0,0.01561690541449282,91.0,13,1,2,0,0,917,916
1788475608.5085168,2.448867320393961,4205.98046875,8.415851890404848,0.20548757412581348,0.0,0.0,91.0,14,0,2,0,0,918,917
1788475609.5075164,2.1121129670167296,4205.98046875,8.993395874282953,0.20317853382299453,0.0,0.0,90.0,16,0,0,0,0,919,918
1788475610.5080433,1.8490257389823122,4205.98046875,10.395172755291654,0.21806289696638687,0.0,0.0,88.0,15,0,1,0,0,920,919
1788475611.5085146,2.178972933414426,4205.98046875,9.52175986307876,0.1917240527981801,0.0,0.02733086749910218,87.0,13,1,2,0,0,920,920
1788475612.5080433,1.2705989012784364,4295.984375,2.367482307558547,0.1116162932900988,0.0,0.003908092093007058,86.0,14,1,1,0,0,921,920
1788475613.5085254,1.7791423068653227,4697.984375,9.092047662645848,0.1684702284808187,0.0,0.0,85.0,13,1,2,0,0,922,921
1788475614.5080674,2.020925588144459,5181.98828125,6.9397676691275585,0.15218456901480615,0.0,0.0,83.0,13,1,2,0,0,922,922
1788475615.5086293,1.93891042426308,5617.98828125,9.843436960955389,0.1722779133220434,0.0,0.0,83.0,12,3,1,0,0,923,922
1788475616.5083218,2.6708214377534407,6531.984375,5.3167368389421075,0.21196304138264266,0.0,0.0,83.0,14,0,2,0,0,924,923
1788475617.5079172,2.82114142346294,6900.98828125,6.484304395809099,0.1661295704558047,0.0,0.003907831094113997,84.0,12,0,3,0,1,924,924
1788475618.508041,3.259596659978027,7262.98828125,7.763823169654596,0.12998689098443486,0.0,0.0,84.0,9,1,3,0,3,925,924
1788475619.5081875,2.7096026979305567,7120.98046875,3.0670570754763085,0.09222967118077846,0.0,0.0,80.0,10,0,5,0,1,925,925
1788475620.507529,3.1320625011035217,7490.98046875,7.968744676780049,0.1794146402445687,0.0,0.0,82.0,15,0,1,0,0,926,926
1788475621.5080981,2.6584870413374446,8206.98046875,7.054847735990093,0.1612708679290422,0.0,0.01171208459236098,82.0,15,0,1,0,0,927,926
1788475622.5077116,2.8811134827036446,9574.98046875,4.805533831200689,0.21402238137250063,0.0,0.0,82.0,13,0,3,0,0,928,927
1788475623.5082755,2.2387376655149795,4102.96875,6.966589931204963,0.1632628162954953,0.0,0.0039040486633565813,82.0,14,1,1,0,0,928,928
1788475624.5075183,1.5811973101278707,4102.96875,7.013960919351544,0.1996474457473024,0.0,0.0,82.0,15,0,0,1,0,929,929
1788475625.508045,2.1088893183456423,4102.96875,8.870070937466416,0.20881527115488502,0.0,0.0,80.0,14,0,2,0,0,930,929
1788475626.5085225,2.1889546594184432,4102.96875,8.221113469534044,0.2207121642911255,0.0,0.0,82.0,13,0,3,0,0,931,930
1788475627.5082352,2.0505891227468664,4102.96875,7.004250555496066,0.1779209124325469,0.0,0.0,82.0,15,1,0,0,0,932,931
1788475628.5078008,2.180947400608831,4102.96875,10.368761988721717,0.20093300340943623,0.0,0.0039079476071692135,81.0,15,0,1,0,0,933,932
1788475629.507517,1.7204881336403133,4102.96875,7.208030117950526,0.20929552595040346,0.0,0.0,82.0,13,1,2,0,0,934,933
1788475630.5080402,1.6391425803128128,4102.96875,3.5473559143838505,0.16671519919704478,0.0,0.0,82.0,12,0,4,0,0,934,934
1788475631.508056,1.4799767116401232,4102.96875,7.472058020632419,0.15386625405007187,0.0,0.027343319735741004,82.0,13,0,3,0,0,935,934
1788475632.5086064,1.2892902347678585,4102.96875,6.998096798537297,0.1432145399158798,0.0,0.0,82.0,13,1,2,0,0,935,935
1788475633.5081487,1.6207419167708736,4102.96875,4.3713371675877015,0.1768502121943028,0.0,5.944127255518579,82.0,14,0,2,0,0,936,936
1788475634.5075166,1.7411004584589878,4102.96875,7.633042143517128,0.1586772569198834,0.0,0.0,82.0,15,0,1,0,0,937,936
1788475635.5080588,1.6491059143898847,4102.96875,9.777400539201226,0.1809760237984377,0.0,0.10541159964142213,82.0,14,0,2,0,0,938,937
1788475636.5075238,1.8710010066648717,4102.96875,7.018978735991374,0.18845340954089398,0.0,0.0,82.0,14,1,1,0,0,939,938
1788475637.5080283,1.689147835536059,4102.96875,4.6539774379113625,0.16395308381906482,0.0,0.0,82.0,16,0,0,0,0,939,939
1788475638.5085552,1.7490784017401109,4102.96875,9.327102447412305,0.17503289635159086,0.0,0.0039041928610270334,82.0,14,0,2,0,0,940,939
1788475639.5074406,1.7819862140539984,4102.96875,10.84176665762052,0.2000196198756501,0.0,0.0,82.0,14,0,2,0,0,941,940
1788475640.5075297,2.0698154375613047,4102.96875,6.122657329120376,0.17278656430839268,0.0,0.0,82.0,14,0,2,0,0,941,941
1788475641.5080748,1.1393790101013854,4102.96875,0.059792355221739556,0.029078847349872157,0.0,0.03904122156322157,82.0,13,0,3,0,0,942,941
1788475642.508527,1.7092269507585915,4102.96875,9.59259387240983,0.18752962501081336,0.0,0.0,82.0,14,0,2,0,0,942,942
1788475643.508081,1.6307274367887454,4102.96875,6.5347792081590805,0.1612982246824219,0.0,0.003907993282182446,82.0,15,0,1,0,0,943,942
1788475644.5085366,1.6592440187171766,4102.96875,4.571849631155696,0.14411463664278404,0.0,0.0,82.0,14,0,2,0,0,944,943
1788475645.5082748,1.6904425301304828,4102.96875,5.8639704321705155,0.18328124113148747,0.0,0.0,82.0,15,0,1,0,0,945,944
1788475646.5079806,1.7705209023464505,4102.96875,7.9303259902648895,0.1828655376609501,0.0,0.0,82.0,15,0,1,0,0,945,945
1788475647.508498,1.9190071664927044,4102.96875,8.594580116545462,0.1836684797761168,0.0,0.0,81.0,13,0,3,0,0,946,945
1788475648.5080512,1.7107643633878789,4102.97265625,5.115383679632099,0.18553535777580066,0.0,2.7551372354457917,82.0,14,0,2,0,0,947,946
1788475649.5081882,1.7197642363465235,4102.97265625,6.296221655022707,0.1462611913239929,0.0,0.0,82.0,14,0,2,0,0,947,947
1788475650.5075214,1.6310877018696277,4102.97265625,8.11536089525796,0.18456273602787732,0.0,0.0,82.0,15,0,1,0,0,948,947
1788475651.5075152,1.2200075626840092,4102.97265625,4.441069476081461,0.12370949183625883,0.0,0.0,81.0,14,2,0,0,0,948,948
1788475652.508039,1.7490838200681948,4102.97265625,8.798713023063739,0.1892481379129899,0.0,0.0,81.0,14,0,2,0,0,949,948
1788475653.508604,1.7889891280570869,4102.97265625,7.4137328751292095,0.18446417329532863,0.0,0.0,82.0,15,0,1,0,0,950,950
1788475654.5075734,1.4715166679755989,4102.97265625,5.142830957944678,0.1444168839906434,0.0,0.003910280261414073,81.0,16,0,0,0,0,951,950
1788475655.5082157,1.6789216292214848,4102.97265625,7.314328003015489,0.13781469517021452,0.0,0.0,81.0,13,0,3,0,0,951,951
1788475656.5075202,1.8512875093613685,4102.97265625,7.742684700792363,0.18843118041831977,0.0,0.003908968558617947,81.0,14,0,2,0,0,952,951
1788475657.5079067,1.669354833558823,4102.97265625,6.938084927638125,0.16002764587069598,14.463160328175551,8.414716659616175,82.0,14,0,2,0,0,953,952
1788475658.5084522,2.128838714842556,4142.9765625,8.936279724119,0.2009602077114001,1.1165784045720908,0.7730158185499091,82.0,15,0,1,0,0,954,953
1788475659.5081792,1.4904068650873719,4102.97265625,5.592920278005199,0.1523681787406583,0.011721949966600361,15.183832523403,82.0,16,0,0,0,0,954,954
1788475660.507729,1.5707070290731595,4102.97265625,4.696956599726745,0.1740905482662026,0.0,0.0,81.0,15,0,1,0,0,955,954
1788475661.508525,1.209037797887517,4102.97265625,4.885191257377356,0.12800901077319124,0.0,0.0,81.0,14,1,1,0,0,955,955
1788475662.5080132,2.0610545308644785,4120.9765625,9.045418612561836,0.19708417478539692,0.0,0.027357747489479167,82.0,12,1,3,0,0,956,955
1788475663.5085657,1.8989509893794034,4102.97265625,4.899322574042307,0.15384758356782754,0.0,0.0,82.0,13,0,3,0,0,957,956
1788475664.5082526,1.680526077923686,4102.97265625,7.587814044914477,0.16500488553397802,0.0,5.829950028511867,82.0,13,0,3,0,0,958,957
1788475665.5069134,1.752346737772481,4102.97265625,8.295749956967422,0.18109541247651115,0.0,0.0,82.0,16,0,0,0,0,959,958
1788475666.507515,1.6889840253125108,4112.9765625,6.932425854103588,0.1581242209888566,0.0,0.0,81.0,15,0,1,0,0,959,959
1788475667.507516,1.7099983692185106,4162.9765625,5.907899944400841,0.19111996543887574,0.0,0.0,81.0,14,1,1,0,0,960,959
1788475668.5075128,1.520004711165707,4103.98046875,6.3378883344050285,0.16143658129586144,0.0,0.0,82.0,14,0,2,0,0,961,960
1788475669.5080335,1.9589799470410127,4103.98046875,8.795945562098593,0.20993173339230328,0.0,0.1561686820026651,82.0,14,0,2,0,0,961,961
1788475670.5085793,1.8589854770292096,4150.98046875,9.027090308733776,0.21386110113608825,0.0,0.003904119365399504,82.0,14,1,1,0,0,962,962
1788475671.5081327,1.8608309689534626,4170.98046875,6.645093503029626,0.1739792497479386,0.0,0.0,81.0,13,0,3,0,0,963,962
1788475672.5078113,1.5905111715931917,4230.984375,5.64131557784055,0.1495527260481627,0.0,0.015630023305753745,81.0,13,1,2,0,0,964,963
1788475673.508559,1.4888867881373133,4250.984375,7.947653808035374,0.189302050773805,0.0,0.0,82.0,15,0,1,0,0,964,964
1788475674.5075169,2.0421281581351893,4250.984375,8.95277323050273,0.18134227922021665,0.0,0.0,81.0,15,1,0,0,0,965,964
1788475675.5080333,1.469241262299282,4310.98828125,4.599409503701921,0.14785283821878864,0.0,0.003904233796500392,82.0,13,0,3,0,0,966,965
1788475676.5085146,1.7291676355704926,4314.98828125,5.607992521071424,0.176476405653235,0.0,0.0,81.0,12,1,3,0,0,966,966
1788475677.5080278,1.4707160191798987,4314.98828125,5.669407112437152,0.1577382329634932,0.0,0.031265221496175576,82.0,13,1,2,0,0,967,967
1788475678.5085733,1.639105864949791,4314.98828125,2.8995165601040083,0.08084464727569418,0.0,0.0,82.0,14,0,2,0,0,967,967
1788475679.5075202,0.9810331209405335,4314.98828125,1.8212319329853048,0.06880949295291257,0.0,0.0,82.0,14,0,2,0,0,968,967
1788475680.5073118,1.9003960004102565,4314.98828125,7.802016010759688,0.18328385116718296,0.0,0.00390706414558011,82.0,14,0,2,0,0,968,968
1788475681.5078633,1.6590850773376025,4334.98828125,5.239642311890744,0.15960665459821566,0.0,0.0,82.0,14,1,1,0,0,969,968
1788475682.5078454,1.6900302200953332,4298.98828125,4.932241897140094,0.1689082784940927,0.0,0.0,82.0,13,0,3,0,0,970,970
1788475683.5075219,1.7105534222111924,4298.98828125,8.1626664968577,0.19700892951902327,0.0,0.0,82.0,14,1,1,0,0,971,970
1788475684.508066,2.4186840636651565,4298.98828125,10.059421634633486,0.20954461555178425,0.0,0.0,82.0,14,1,1,0,0,972,971
1788475685.5077732,1.7805212974911335,4298.98828125,5.5239380349891105,0.16828886478566094,0.0,0.0,82.0,12,0,4,0,0,972,972
1788475686.5083208,1.8589819332360962,4298.98828125,5.128119637773522,0.15219364433263968,0.0,0.0039041119229586037,82.0,12,2,2,0,0,973,973
1788475687.507538,1.7813943475823508,4308.98828125,7.9900224790092915,0.20554227716826043,0.0,0.0,82.0,14,0,2,0,0,974,974
1788475688.5081942,1.7688394150566311,4396.99609375,8.016168476189025,0.13674156361030207,0.0,0.015614754723310816,82.0,11,0,4,0,0,974,974
1788475689.5079074,1.9905709306789872,4374.9921875,4.609801671841437,0.16803983495746944,0.0,0.11722112107483221,82.0,6,0,1,0,0,975,975
1788475690.5084465,1.2793103693136962,4374.9921875,5.37163132228382,0.13080698142409328,0.0,0.0,82.0,4,0,0,0,0,976,975
1788475691.5080109,1.0704662852057834,5881.109375,0.07351548976893613,0.03269093664676038,0.0,0.003907952267835936,82.0,0,0,2,0,0,976,976
1788475692.5086226,2.8682452589666925,5925.10546875,0.0,0.0,0.0,0.0,82.0,0,0,1,0,0,976,976
1788475693.5081637,0.9904545748371013,6287.10546875,0.0010571563305703038,0.0009789191292104078,0.0,2.1376998596739463,82.0,0,0,1,0,0,976,976
1788475694.5077574,1.0004064303773315,6651.10546875,0.0013395029337403997,0.0009845919000143108,0.0,0.0,82.0,0,0,1,0,0,976,976
1788475695.5084898,1.0092607953156945,7013.10546875,0.0014256525981946816,0.0010635215906318613,0.0,0.0,82.0,0,0,1,0,0,976,976
1788475696.5075252,1.0009655730029035,7555.10546875,0.0156668157426106,0.018290997833546287,0.0,5.872852697852973,82.0,0,0,1,0,0,976,976
1788475697.5075226,1.0000026226112482,9161.10546875,0.001243594570050304,0.0007953664658143816,0.0,0.0,82.0,0,0,1,0,0,976,976
1788475698.5080514,0.989476752415689,3689.09375,0.0,0.0,0.0,0.0,82.0,0,0,0,0,0,976,976
1788475699.508516,1.1794519348569577,3689.1328125,0.4659166165624427,0.09940582705570898,0.0,0.0,68.0,16,0,0,0,0,976,976
1788475700.5074632,3.063225136328172,3689.2109375,14.951999671590267,0.2879532818061008,0.0,0.0,82.0,16,0,0,0,0,977,977
1788475701.5079951,2.6785752340922264,3689.2109375,8.284306934173074,0.21590383494954765,0.0,0.0,82.0,16,0,0,0,0,978,978
1788475702.5077083,2.520722987592719,3689.2109375,7.960442641376871,0.2113767352610872,0.0,0.003907370702494407,82.0,16,0,0,0,0,980,979
1788475703.508225,2.9884560050578193,3689.2109375,11.524172572621138,0.18122465280946776,0.0,0.0,82.0,16,0,0,0,0,980,980
1788475704.507783,2.41106575868511,3689.2109375,7.304945795417954,0.18105308351918328,0.0,0.0,82.0,16,0,0,0,0,982,981
1788475705.5083125,3.0983593330199453,3689.2109375,12.330282793501766,0.23826952061527096,0.0,0.0,82.0,14,0,2,0,0,983,982
1788475706.5075173,3.2025464278068476,3689.2109375,10.141105792001802,0.21786560578233816,0.0,0.011728075297144884,82.0,15,0,1,0,0,984,983
1788475707.508041,2.43872316454148,3689.2109375,5.027410461098534,0.18903181222447277,0.0,0.003904205885857262,82.0,16,0,0,0,0,985,984
1788475708.508586,2.518627285486986,3689.2109375,6.877660195539712,0.196540524568757,0.0,0.0,82.0,16,0,0,0,0,986,985
1788475709.507526,3.5037139683488303,3689.2109375,12.23493397628273,0.25472366843936,0.0,0.027372765377728793,82.0,16,0,0,0,0,987,987
1788475710.5080462,3.538159345700606,3689.2109375,6.647669502531404,0.25580354610976896,0.0,0.0,82.0,16,0,0,0,0,988,988
1788475711.5076525,2.7610868440576906,3689.2109375,7.4712254985089395,0.2127359454741425,0.0,0.0,82.0,14,1,1,0,0,990,989
1788475712.508176,2.848508614321822,3689.2109375,9.76318169903491,0.1596425592755868,0.0,0.003904205885857262,82.0,16,0,0,0,0,990,990
1788475713.5077662,2.2809348218340073,3689.2109375,4.533424605583429,0.14055862910352443,0.0,0.0,82.0,15,0,1,0,0,991,990
1788475714.5082996,3.168310205953023,3689.2109375,10.680580030077152,0.23976889538312623,0.0,0.0,82.0,16,0,0,0,0,992,992
1788475715.50786,3.3614778530983083,3689.2109375,11.82314440686375,0.23176082777176168,0.0,0.0,82.0,15,0,1,0,0,994,993
1788475716.508566,3.2277213661749182,3689.2109375,9.275746944736632,0.2296171435446654,0.0,0.0039034942992639252,82.0,16,0,0,0,0,995,994
1788475717.5075288,2.9630730647639933,3689.2109375,10.283910515485372,0.1833919895063287,0.0,0.003910305459200745,82.0,14,0,2,0,0,996,995
1788475718.507284,2.710663721953058,3689.2109375,10.813054324815651,0.20359446800199463,0.0,0.0,82.0,16,0,0,0,0,997,996
1788475719.5075128,2.8493478360359727,3689.2109375,11.9784089868957,0.22016635901816906,0.0,0.011716068404753551,82.0,15,0,1,0,0,998,997
1788475720.5080388,2.6885859345032266,3689.2109375,8.038171718880688,0.19742690950337305,0.0,0.12883848721914162,82.0,16,0,0,0,0,999,998
1788475721.5085182,2.538782755822632,3689.21875,6.711407508730875,0.23053369444381558,0.0,0.0,82.0,14,0,2,0,0,1000,999
1788475722.5075147,3.0830938964390295,3689.21875,8.152725892849684,0.19756115314807898,0.0,0.003910173874339364,82.0,16,0,0,0,0,1001,1000
1788475723.5075173,3.739990191485161,3689.21875,13.070053155282805,0.2757370393020076,0.0,0.0,82.0,15,0,1,0,0,1002,1002
1788475724.5075245,3.77997296352671,3689.21875,9.590947215934639,0.23641798674116082,0.0,5.574178880365751,82.0,16,0,0,0,0,1004,1003
1788475725.5080423,4.027914164169873,3689.21875,12.797250836177783,0.291314903266455,0.0,2.381579210747303,82.0,15,0,1,0,0,1005,1005
1788475726.5085814,2.608593799929355,3689.21875,7.129865497138732,0.20752877651126575,0.0,0.0,82.0,15,0,1,0,0,1006,1006
1788475727.5080965,3.361630200345048,3689.21875,13.259978961278735,0.27205976714286056,0.0,4.6428765322844185,81.0,16,0,0,0,0,1008,1007
1788475728.5077972,2.470739283037036,3689.21875,5.914932069718241,0.20313905227437123,0.0,0.0,82.0,16,0,0,0,0,1009,1007
1788475729.5083296,3.6080790995052667,3689.21875,12.827792058070738,0.24688928037570024,0.0,0.0,82.0,16,0,0,0,0,1010,1009
1788475730.507521,3.903156544446741,3689.21875,11.192481254676787,0.26341760456912483,0.0,0.6528717377029153,82.0,16,0,0,0,0,1012,1011
1788475731.5072024,2.7108634838138888,3689.21875,7.7045930233667415,0.22479923529108736,0.0,0.0,82.0,16,0,0,0,0,1013,1012
1788475732.507941,3.2076307773237236,3689.22265625,13.018448078120704,0.2280029408667552,0.0,0.0,82.0,14,1,1,0,0,1014,1013
1788475733.5085075,2.728454378222349,3689.2265625,10.474938284548738,0.21462394082941755,0.0,0.003904038430378299,81.0,15,0,1,0,0,1015,1014
1788475734.5081658,2.7609432868316044,3734.23046875,8.156786125783503,0.16587011620438596,0.0,0.0,80.0,16,0,0,0,0,1016,1015
1788475735.5077574,2.0008171557874355,3734.23046875,6.4814860309531745,0.1454823520825189,0.0,0.0,82.0,16,0,0,0,0,1016,1016
1788475736.5075228,3.040713363158511,3689.2265625,8.607973634256389,0.23999503972985606,0.0,0.0,81.0,16,0,0,0,0,1017,1016
1788475737.50753,3.4299754669039757,3689.2265625,10.177042648487221,0.2371780597348709,0.0,0.011718666181567802,82.0,16,0,0,0,0,1018,1018
1788475738.5082147,3.797399775467804,3689.2265625,13.024291571285074,0.24453870888425933,0.0,0.0039035770718216247,82.0,15,0,1,0,0,1020,1019
1788475739.5077877,2.541085062825052,3689.2265625,10.565858710515627,0.242071521304764,0.0,0.027355430978985636,81.0,16,0,0,0,0,1021,1020
1788475740.5075204,1.6204330886587706,3689.2265625,6.064393564506963,0.09134063550291031,0.0,0.0,81.0,16,0,0,0,0,1021,1021
1788475741.5080657,2.858441396838202,3689.2265625,7.189432565622907,0.2138240300281824,0.0,0.0,81.0,15,1,0,0,0,1022,1022
1788475742.507521,3.0116407010562014,3689.2265625,13.232179529720643,0.23518309435143303,0.0,0.0,82.0,16,0,0,0,0,1024,1023
1788475743.5080848,3.1482248421303836,3689.2265625,11.05503436177597,0.21105500576766956,0.0,0.0039040486633565813,82.0,15,1,0,0,0,1024,1024
1788475744.507521,2.7715627732182724,3689.2265625,9.2444933001172,0.24000540084194927,0.0,0.0,82.0,16,0,0,0,0,1026,1025
1788475745.5075185,3.1700075578870495,3719.23046875,12.785626377168601,0.20905926003279693,0.0,0.0,82.0,14,0,2,0,0,1027,1026
1788475746.5075223,2.959988708538749,3749.23046875,7.631422495183963,0.2206679509431803,0.0,0.0,81.0,16,0,0,0,0,1028,1027
1788475747.5080519,3.6380735394168684,3749.23046875,12.704520049326526,0.2782330618785781,0.0,0.0,82.0,16,0,0,0,0,1029,1028
1788475748.5085945,3.1283024558093633,3749.23046875,9.153458292228434,0.20076729146114217,0.0,0.0,82.0,15,0,1,0,0,1030,1030
1788475749.507516,3.633919566182582,3789.234375,9.828943763157016,0.2204249387796018,0.0,0.0039104678527273505,82.0,15,1,0,0,0,1032,1031
1788475750.5080476,2.158852195645118,3789.234375,8.092067406102274,0.1833646528301689,0.0,0.031233394034219666,81.0,16,0,0,0,0,1033,1032
1788475751.5085213,2.99857945981344,3789.23828125,10.609906700941378,0.3016835581707751,0.0,0.0,82.0,15,0,1,0,0,1034,1033
1788475752.5080373,3.6917867868369836,3825.2421875,10.751104531812567,0.24294404421085072,0.0,0.0,81.0,15,0,1,0,0,1035,1035
1788475753.5086138,2.5385365435208573,3825.2421875,8.578141702023627,0.20361320096970922,0.0,0.0,82.0,15,1,0,0,0,1036,1035
1788475754.5075233,2.9532205655259753,3825.2421875,7.7115928711396675,0.2274351807873061,0.0,0.09776286300071842,82.0,16,0,0,0,0,1037,1037
1788475755.507523,3.0100007176403123,3825.2421875,14.518587712904862,0.24399953937519536,0.0,0.04296876024455076,80.0,15,0,1,0,0,1039,1038
1788475756.507518,3.5000175238528475,3827.30859375,12.265624422577112,0.25820956764243136,0.0,0.0,80.0,16,0,0,0,0,1040,1039
1788475757.5080435,2.538665995632523,3825.2421875,14.086599620446332,0.21344794290872315,0.0,0.0,82.0,15,0,1,0,0,1041,1040
1788475758.5085201,2.5587804884441785,3826.25,4.192717256118064,0.11246852288788488,0.0,0.0,82.0,13,0,3,0,0,1041,1041
1788475759.507519,0.900901910573193,3831.24609375,0.9548285782814512,0.05991544364640027,0.0,5.99428224352373,82.0,14,1,1,0,0,1042,1041
1788475760.5080538,3.0583644696456074,3831.24609375,13.78629525655259,0.24063688551563941,0.0,0.0,82.0,15,0,1,0,0,1043,1042
1788475761.507524,3.511860464561742,3831.24609375,8.603357472492188,0.2464684612562445,0.0,0.0,82.0,16,0,0,0,0,1044,1043
1788475762.5080397,3.0084485449305354,3835.24609375,8.431225600010675,0.2241066115854122,0.0,0.0,81.0,16,0,0,0,0,1045,1044
1788475763.5075204,2.9715430499944584,3835.9609375,9.911641014606909,0.22266792553468098,0.0,0.0,82.0,15,0,1,0,0,1046,1046
1788475764.508024,2.718631060409445,3835.12890625,8.285949724717474,0.18923481370769724,0.0,0.0,82.0,16,0,0,0,0,1047,1047
1788475765.5085754,3.528054411446372,3841.8828125,10.825248050989643,0.250477944496722,0.0,0.003904097038161929,82.0,15,0,1,0,0,1049,1048
1788475766.5075135,2.632795808919283,3841.12890625,5.728945904984665,0.1869861689559292,0.0,0.0,82.0,15,0,1,0,0,1050,1049
1788475767.508037,2.38874932920278,3841.12890625,7.196652448468962,0.16404527582509235,0.0,0.0,82.0,16,0,0,0,0,1051,1050
1788475768.507756,2.9108182179160864,3874.16796875,10.763256521091071,0.20429250260843643,0.0,0.0,82.0,15,0,1,0,0,1051,1051
1788475769.5082767,3.08839185528485,3875.4140625,13.862521232039743,0.2572370038946853,0.0,0.0,82.0,16,0,0,0,0,1053,1052
1788475770.507828,1.9408708760712134,3877.4140625,7.226901299535209,0.16523813680970093,0.0,0.03126402828722872,81.0,16,0,0,0,0,1053,1053
1788475771.5085154,4.1071768877585235,4005.9921875,17.120540018826894,0.31802633525739976,0.0,0.015614267365261543,82.0,13,3,0,0,0,1055,1054
1788475772.5080636,3.051378622648879,4024.53125,10.19391762588049,0.24274826239520048,0.0,0.0,82.0,15,0,1,0,0,1056,1055
1788475773.5086136,2.9783618067054767,4084.77734375,8.388396255931275,0.17630607173264332,0.0,0.0,82.0,16,0,0,0,0,1057,1057
1788475774.5081334,2.3011049331031144,4097.01171875,7.084814266188646,0.18016883374003229,0.0,0.0,82.0,15,1,0,0,0,1058,1057
1788475775.507524,3.742280537856997,4099.01171875,13.889107837589473,0.2735469784920277,0.0,0.00390863191203288,82.0,15,0,1,0,0,1059,1058
1788475776.5080638,2.81847864254762,4139.01171875,8.359293594194114,0.19809043961637224,0.0,0.003904142623210204,82.0,15,0,1,0,0,1060,1060
1788475777.5085263,3.198520581739107,4140.01171875,9.116763467520002,0.23391585427348838,0.0,0.0,81.0,15,0,1,0,0,1062,1061
1788475778.5073378,2.653153316804087,4140.140625,6.973214500972593,0.1558248488596834,0.0,0.0,81.0,16,0,0,0,0,1063,1062
1788475779.50789,3.2482064137329565,4171.1484375,12.142968388846262,0.2381306861235947,0.0,0.0,82.0,15,0,1,0,0,1064,1063
1788475780.5078874,2.520006608980782,4223.15234375,7.5987242665212,0.1896615234081167,0.0,0.0,82.0,15,1,0,0,0,1065,1064
1788475781.50842,3.038381675562058,4209.37109375,11.449557706852648,0.25896965546362266,0.0,0.003904170532948826,82.0,16,0,0,0,0,1066,1065
1788475782.5079334,2.7613437038656707,4213.37109375,7.99574645006766,0.19926421600934865,0.0,0.0,80.0,15,0,1,0,0,1067,1066
1788475783.5075185,1.4105851789023112,4253.24609375,2.4387682573241576,0.03029172601777814,0.0,0.0,81.0,15,0,1,0,0,1067,1066
1788475784.5075219,2.1999926567320927,4253.49609375,6.295843090581115,0.1830876914912031,0.0,0.0,82.0,15,0,1,0,0,1068,1068
1788475785.5075233,3.589994864471298,4346.625,14.368385741635691,0.24760973795451457,0.0,0.21093719825191748,82.0,15,0,1,0,0,1069,1069
1788475786.508086,3.528014899453216,4349.01171875,12.252835109029458,0.26691391066809256,0.0,0.0039040533147280793,82.0,16,0,0,0,0,1071,1070
1788475787.5085247,3.1786055769299675,4372.0078125,11.091385805634888,0.24594580166934213,0.0,0.0,82.0,16,0,0,0,0,1072,1071
1788475788.5075245,3.1231236418908295,4378.0078125,8.802494636774366,0.18652879913147843,0.0,0.0,82.0,16,0,0,0,0,1073,1072
1788475789.5075393,2.209967332369219,4378.0078125,10.055833944867949,0.18754872607683737,0.0,0.0,82.0,14,0,2,0,0,1074,1073
1788475790.5075243,3.2800492675554027,4438.01171875,7.597107557720217,0.22461179507806062,0.0,0.011718926022610527,81.0,15,1,0,0,0,1075,1074
1788475791.5080407,2.8085496238504675,4430.0078125,10.544649193250518,0.23621091059866983,0.0,5.707989810483573,81.0,15,0,1,0,0,1076,1075
1788475792.5085177,2.418846027636291,4430.13671875,5.2201906200812385,0.15580373685897475,0.0,0.0,81.0,16,0,0,0,0,1077,1076
1788475793.5080357,3.5116929252371403,4458.13671875,12.281121355862988,0.26207588134576826,0.0,0.0,82.0,16,0,0,0,0,1079,1078
1788475794.507715,2.95094628876675,4460.13671875,11.085333293266164,0.2170953734582189,0.0,0.0,82.0,16,0,0,0,0,1080,1079
1788475795.5083864,3.347752363525374,4522.64453125,9.800643298261665,0.23560155535224153,0.0,0.0,82.0,14,1,1,0,0,1081,1080
1788475796.5075233,3.182746950140173,4610.40625,11.515789785152018,0.2510110521337328,0.0,0.0,82.0,16,0,0,0,0,1082,1082
1788475797.5080395,3.4082407471613374,4615.4140625,15.8172673264118,0.22798023767124218,0.0,0.0039042347268620358,81.0,16,0,0,0,0,1083,1083
1788475798.508522,3.5982636247689928,4676.65234375,10.70390684426956,0.23305232574765367,0.0,0.0,82.0,16,0,0,0,0,1084,1084
1788475799.5080721,2.7212242675285307,4682.65234375,8.608100768601979,0.23164298780393267,0.0,0.0,82.0,14,2,0,0,0,1086,1085
1788475800.5077996,3.220877729236027,4702.890625,10.089390796108235,0.2343129681879613,0.0,0.0,82.0,16,0,0,0,0,1087,1086
1788475801.5083852,3.20812146513028,4760.89453125,8.738984359362938,0.21517932881556248,0.0,0.02342378406199068,82.0,14,1,1,0,0,1088,1088
1788475802.5079556,3.631560228236136,4838.8984375,12.358114557846365,0.26035145600407583,0.0,0.003907928964613493,82.0,15,0,1,0,0,1089,1088
1788475803.5075254,2.3510111866422685,4818.89453125,8.869894335122241,0.18526797853309482,0.0,0.0,82.0,16,0,0,0,0,1090,1090
1788475804.5080376,3.278321096011783,4818.89453125,9.902636798895829,0.24079103013688707,0.0,0.0,82.0,14,0,2,0,0,1091,1091
1788475805.507517,3.541843415302146,4891.421875,11.93758004599581,0.2550298524303091,0.0,0.0,81.0,16,0,0,0,0,1093,1092
1788475806.5080311,2.438746410069494,4891.421875,5.649438812713573,0.1191652011457276,0.0,0.0,80.0,16,0,0,0,0,1093,1093
1788475807.5085914,1.3292552400078002,4891.421875,5.966944141690022,0.11052519459550394,0.0,0.015616250470017305,80.0,16,0,0,0,0,1094,1093
1788475808.5075197,3.053272165867409,4897.9453125,9.628131497163713,0.24532574157915074,0.0,0.0,82.0,16,0,0,0,0,1095,1095
1788475809.508042,3.1883344934280444,4992.23046875,6.9883976985555805,0.20534851107888846,0.0,0.0,82.0,14,0,2,0,0,1096,1096
1788475810.5076728,3.631341091955615,5022.4609375,15.624864319522604,0.23805254540272447,0.0,0.0,81.0,15,0,1,0,0,1097,1097
1788475811.5082042,2.9984065417805823,5074.17578125,9.94705296014591,0.27603643293166047,0.0,0.0,82.0,15,0,1,0,0,1099,1098
1788475812.5079322,2.93079728119351,5115.41796875,7.157298678825507,0.1881920640814583,0.0,0.0,82.0,15,1,0,0,0,1100,1099
1788475813.5075164,3.0612728833933853,5121.41796875,8.636826187341386,0.21726773140992617,0.0,0.00390787490220772,81.0,16,0,0,0,0,1101,1100
1788475814.5075283,2.7499672178361676,5124.65625,9.955376203343828,0.21828581946111367,0.0,0.0,82.0,16,0,0,0,0,1102,1101
1788475815.5082357,3.127787440934945,5150.90234375,8.06220613346148,0.17906301499236052,0.0,0.09758721798044491,82.0,15,0,1,0,0,1103,1102
1788475816.5078216,3.101284344412294,5173.8984375,15.37824154032601,0.2892137442287744,0.0,0.02735507864275037,82.0,16,0,0,0,0,1104,1104
1788475817.5077217,3.3603356887465026,5173.8984375,6.779420990322815,0.20704239625073173,0.0,0.0,81.0,14,0,2,0,0,1105,1105
1788475818.5075235,3.680729247571457,5223.90234375,20.3895062636626,0.31163190987517986,0.0,0.003907024082425235,81.0,16,0,0,0,0,1107,1106
1788475819.5080795,3.3081606887044,5225.8984375,6.155799073353038,0.23194768381150999,0.0,0.0,82.0,16,0,0,0,0,1108,1108
1788475820.508635,3.0882844107917684,5300.94921875,10.932209956836836,0.23553543149104736,0.0,0.0,80.0,15,0,1,0,0,1109,1109
1788475821.5081887,3.181419930007049,5323.07421875,10.802636751174497,0.2451350433352288,0.0,0.0,82.0,16,0,0,0,0,1111,1110
1788475822.5077157,3.191509655751524,5331.07421875,9.514507480345012,0.21733837111670865,0.0,6.018471872376154,82.0,16,0,0,0,0,1112,1111
1788475823.5082316,3.088406574290261,5363.78515625,11.800738144553945,0.21853329990839915,0.0,0.0039042356572241226,81.0,14,0,2,0,0,1113,1112
1788475824.5069976,2.5231136599315733,5422.84375,7.562457867126524,0.1843228471414576,0.0,0.0,81.0,16,0,0,0,0,1114,1113
1788475825.5075135,3.5481693652854647,5436.31640625,10.99812985586927,0.26033035400246113,0.0,0.0,82.0,15,0,1,0,0,1115,1114
1788475826.5080082,3.178427572914485,5463.671875,10.424261488297411,0.24625707067926897,0.0,0.01561727384490295,82.0,16,0,0,0,0,1116,1116
1788475827.5085194,3.1383957480229627,5472.66796875,8.286666247264353,0.2284341423985237,0.0,0.0,82.0,15,0,1,0,0,1118,1117
1788475828.5080426,2.731302386468175,5493.91015625,10.903675878466828,0.20492979516752602,0.0,0.003908113533751369,82.0,16,0,0,0,0,1119,1118
1788475829.5085833,3.2382489708264472,5504.19140625,11.161776802590305,0.21653292258538637,0.0,0.0,82.0,14,0,2,0,0,1120,1119
1788475830.5075285,1.0611192301449615,5506.19140625,7.255577725376383e-05,0.005424499030998501,0.0,0.0,82.0,14,1,1,0,0,1120,1119
1788475831.5080602,2.5186608949199103,5530.43359375,11.782269844590799,0.23328584970358873,0.0,0.039041742542774586,82.0,16,0,0,0,0,1121,1120
1788475832.5085132,2.808727659570357,5530.91015625,12.305739187131989,0.21884922658669598,0.0,0.0,81.0,16,0,0,0,0,1122,1121
1788475833.50752,3.283261105004379,5635.55859375,7.789142982880278,0.21978941982340439,0.0,0.003910133747384931,82.0,16,0,0,0,0,1123,1122
1788475834.508069,3.2582109880670287,5697.43359375,14.552726047495035,0.27101513198638805,0.0,0.0,82.0,15,0,1,0,0,1124,1123
1788475835.5075197,2.671467480916103,5717.4375,5.352690839694657,0.16091793893129772,0.0,0.0,82.0,16,0,0,0,0,1125,1125
1788475836.507519,3.220002303124921,5759.9140625,16.784632290338724,0.2772552565969872,0.0,0.003906252793969722,82.0,15,0,1,0,0,1126,1126
1788475837.5075252,3.259979791766267,5849.91796875,10.656156287178167,0.21818311863873371,0.0,0.0,82.0,15,1,0,0,0,1128,1127
1788475838.507522,2.8300087714470936,5937.91796875,11.51384584426784,0.24927693381312838,0.0,0.0039062621072309955,82.0,13,1,2,0,0,1129,1128
1788475839.5080526,2.988414701768791,6005.91796875,6.12144751054979,0.13640320369524433,0.0,0.0,82.0,11,1,4,0,0,1129,1129
1788475840.5085511,5.077468713026227,6197.9140625,6.634984552216843,0.1944221170790643,0.0,0.0,82.0,6,0,10,0,0,1130,1130
1788475841.508551,10.280002450943778,6971.7734375,6.257548870455949,0.09427358967628233,0.0,0.0,81.0,2,1,13,0,0,1131,1131
1788475842.508395,4.000623800269455,8338.9296875,1.9618871388885577,0.07356264828967606,0.0,0.01172057753985192,81.0,2,1,0,0,0,1131,1131
1788475843.507524,3.42298122177206,8762.91796875,1.4739046510912028,0.05034253627896954,0.0,0.0,82.0,2,0,1,0,5,1131,1131
1788475844.5080848,1.7889968012626833,9140.91796875,1.640625297856198,0.04928876705643732,0.0,0.00390406075694553,81.0,1,0,1,0,0,1131,1131
1788475845.5086477,1.5791111084634335,10958.93359375,0.3319092660481597,0.01777983231923444,0.0,0.1054094143802281,81.0,0,1,1,0,0,1131,1131
1788475846.5082283,4.041694999099556,9133.41796875,0.015866257845771482,0.015429291754769477,0.0,0.08988144432558268,82.0,0,0,2,0,4,1131,1131
1788475847.5078166,2.290943293349138,9857.41796875,0.0010914528224526348,0.0008701092430741284,0.0,0.027355013396295404,81.0,0,0,2,0,0,1131,1131
1788475848.507516,2.000601472486688,12075.4140625,0.0009635007320459152,0.0006925757737280538,0.0,0.0,81.0,0,0,2,0,0,1131,1131
1788475849.508068,1.9988962546048963,12433.4140625,0.007517478351625832,0.0066834738432357465,0.0,0.003904094247275188,81.0,0,0,2,0,0,1131,1131
1788475850.5086415,1.1093638944231143,7325.40234375,0.0003583760513297443,0.0002687820384973082,0.0,0.0,81.0,0,0,1,0,0,1131,1131
1788475851.5075243,1.0011184790594274,8845.390625,0.01493023946335919,0.03541134299117485,0.0,0.0,81.0,0,0,1,0,0,1131,1131
1788475852.5080621,0.9994624168361926,3745.37890625,7.244028442343252e-05,8.578454734353851e-05,0.0,0.0,81.0,0,0,0,0,0,1131,1131
1788475853.507657,0.9503849754510965,3745.37890625,0.28982172181734267,0.05490238169348174,0.0,6.147021243355861,62.0,16,0,0,0,0,1132,1131
1788475854.5083292,2.1585492347975737,3745.37890625,6.0118914789964455,0.27550300527289767,0.0,0.0039036263650124143,83.0,16,0,0,0,0,1133,1132
1788475855.5075228,2.0016139646598052,3745.37890625,7.557409085637958,0.20872924859971148,0.0,0.0,86.0,16,0,0,0,0,1134,1133
1788475856.508227,3.0678393560750106,3745.37890625,10.620033364639486,0.27417042269024205,0.0,0.0,90.0,16,0,0,0,0,1135,1134
1788475857.507526,2.7619366397038405,3745.37890625,9.310257307706348,0.26479787124140763,0.0,0.01172697282483049,94.0,16,0,0,0,0,1136,1136
1788475858.5082157,2.9579597621932554,3745.37890625,12.218199908176814,0.2511390339791056,0.0,0.0,95.0,15,0,1,0,0,1138,1137
1788475859.5075204,3.50243499289541,3745.37890625,11.534855756613322,0.24135202944704715,0.0,0.0,97.0,14,2,0,0,0,1139,1138
1788475860.5075226,4.059991288203304,3745.37890625,13.3089209126739,0.30050785432560706,0.0,0.003906241618114814,97.0,16,0,0,0,0,1141,1140
1788475861.5075254,4.05998838428046,3745.37890625,18.788459429380143,0.3344345061268631,0.0,0.0,98.0,15,0,1,0,0,1142,1142
1788475862.5075202,2.360012378757229,3745.37890625,4.420869173794228,0.0921883650169445,0.0,0.0,98.0,14,0,2,0,0,1143,1142
1788475863.5075233,2.7399915075567707,3745.37890625,7.499710679950991,0.22322585536572462,0.0,0.0,96.0,16,0,0,0,0,1144,1143
1788475864.5080545,3.2382798367797485,3745.37890625,11.656174193357753,0.24505853881252423,0.0,0.0,97.0,16,0,0,0,0,1145,1145
1788475865.5086458,2.4885285876040046,3745.37890625,9.094487588591646,0.2362637676849702,0.0,0.0039039416848710823,96.0,15,0,1,0,0,1147,1146
1788475866.5081818,2.6712393550360694,3791.25,8.816798565389693,0.22800819968142033,0.0,0.0,98.0,15,0,1,0,0,1147,1147
1788475867.5075243,2.3915725987498324,3791.25,9.114223725565699,0.18623200127113004,0.0,0.027361741944380426,96.0,16,0,0,0,0,1148,1148
1788475868.5075226,2.530004222400283,3791.25,5.726846715909722,0.2040799685859156,0.0,0.0,96.0,15,0,1,0,0,1149,1149
1788475869.5075183,2.760011844685605,3791.25,10.396925722280264,0.2393313188466404,0.0,0.0,96.0,15,0,1,0,0,1150,1150
1788475870.5080564,2.73852636956808,3791.25,7.575752622206611,0.20765669794862984,0.0,0.0039041491354468577,97.0,15,0,1,0,0,1152,1151
1788475871.5085158,2.1090310423803236,3791.25,6.937143355549301,0.21277951571302914,0.0,0.0,96.0,16,0,0,0,0,1153,1152
1788475872.508036,2.8713780794318766,3791.25,9.009200935717487,0.2524328583106469,0.0,0.0,96.0,15,1,0,0,0,1154,1153
1788475873.5075371,3.411701660126276,3791.25,8.549045706657965,0.2279751119456745,0.0,0.0,95.0,15,0,1,0,0,1155,1154
1788475874.5082371,2.8679924140629196,3791.25,12.474271664236499,0.2592999209004012,0.0,0.0,94.0,15,0,1,0,0,1156,1156
1788475875.5079837,2.8807300892075007,3813.12109375,10.094660430917278,0.25302242346671705,0.0,0.08595928543100671,94.0,14,0,2,0,0,1158,1157
1788475876.5085158,2.9384363103283824,3833.12109375,8.50763868104551,0.23312274695129506,0.0,6.215442450630711,93.0,16,0,0,0,0,1159,1158
1788475877.507517,2.5325293267604665,3833.12109375,12.524886787116822,0.26669435087103815,0.0,0.027371086473760266,93.0,16,0,0,0,0,1160,1159
1788475878.5075257,3.259972019435934,3833.12109375,12.61920969687722,0.28213354186832734,0.0,0.0,94.0,14,0,2,0,0,1161,1160
1788475879.5080981,3.208163509229301,3833.12109375,11.764217880456215,0.288693153319092,0.0,0.0,95.0,14,0,2,0,0,1162,1162
1788475880.5078566,2.830683661114789,3878.125,10.493413407273666,0.23976776236135294,0.0,0.0,96.0,16,0,0,0,0,1164,1163
1788475881.5075202,3.1210499480906244,3878.125,12.64577273972887,0.31902841307898866,0.0,0.003907564538374817,95.0,15,0,1,0,0,1165,1164
1788475882.5080576,2.658571295809875,3878.125,10.013105025594784,0.23043837354327046,0.0,1.3352199588329292,93.0,16,0,0,0,0,1166,1165
1788475883.5085855,2.6585966365447233,3878.125,10.117119955162828,0.22241296236546584,0.0,0.0,94.0,15,0,1,0,0,1167,1166
1788475884.5082905,2.8508407807458402,3878.125,11.093888077629096,0.25678483076945824,0.0,0.0,96.0,15,1,0,0,0,1169,1168
1788475885.5079784,1.6805244747492474,3878.125,5.759193130447329,0.060323468069959536,0.0,6.197246598195323,96.0,16,0,0,0,0,1169,1168
1788475886.5085163,2.418699048744759,3878.125,7.513222258230551,0.21126065158129514,0.0,0.003904150065768153,95.0,15,0,1,0,0,1170,1169
1788475887.507524,2.072056097382566,3878.125,8.075410332155808,0.20396349336132283,0.0,0.0,96.0,15,0,1,0,0,1170,1170
1788475888.508082,2.8284220248369163,3878.125,10.365206102781174,0.22045043611037773,0.0,0.011712215760974722,92.0,15,0,1,0,0,1172,1171
1788475889.5086315,2.3587037629668464,3878.125,7.935107607118033,0.21621456752344573,0.0,0.0,93.0,16,0,0,0,0,1173,1172
1788475890.5081716,3.6616840430542092,3878.12890625,10.84790649691404,0.28516437580130594,0.0,0.0,93.0,14,0,2,0,0,1174,1173
1788475891.507747,2.1709218244003208,3878.12890625,4.5917534620561415,0.2058846188798487,0.0,0.0,96.0,16,0,0,0,0,1175,1174
1788475892.5084598,2.1284826652601554,3878.12890625,7.517298526145654,0.20488343203978562,0.0,0.003903467329188758,95.0,15,0,1,0,0,1176,1176
1788475893.5075219,3.092900951466983,3878.12890625,7.948119139837294,0.23092089720000858,0.0,0.0,93.0,15,0,1,0,0,1177,1176
1788475894.5075288,2.919979810854385,3878.12890625,8.068341736338054,0.23075897884121266,0.0,0.0,93.0,16,0,0,0,0,1178,1178
1788475895.5075243,2.1100095582442617,3822.125,6.142110037825279,0.1799334093892046,0.0,0.0,94.0,15,0,1,0,0,1179,1179
1788475896.5075305,3.0799809075584648,3835.125,13.009052697331875,0.254724830902671,0.0,0.0039062257857631613,94.0,14,0,2,0,0,1180,1180
1788475897.5081177,2.648444767126786,3875.12890625,5.833254026254019,0.20275893324551972,0.0,0.0039039574987126996,94.0,15,0,1,0,0,1181,1181
1788475898.5075161,2.4514746357214836,3875.12890625,9.598010010542058,0.21297104977573972,0.0,0.02736020798796502,93.0,15,1,0,0,0,1183,1182
1788475899.5080774,2.6485135553100543,3875.12890625,9.825538321207018,0.23901209009645294,0.0,0.0,96.0,14,1,1,0,0,1184,1183
1788475900.5075302,2.681467220132691,3875.12890625,8.021621136786681,0.2591816954591462,0.0,0.0,96.0,15,0,1,0,0,1185,1184
1788475901.5080655,2.268785633147599,3875.12890625,7.7144005705640515,0.19508219730068682,0.0,0.0,95.0,16,0,0,0,0,1186,1185
1788475902.5085227,2.5388390223395825,3875.1328125,9.71207719705964,0.2875272089989519,0.0,0.003904464539769345,93.0,15,0,1,0,0,1187,1186
1788475903.507839,3.0220664421453467,3875.1328125,9.992998103752509,0.21823546870332744,0.0,0.0,94.0,15,0,1,0,0,1188,1188
1788475904.5085242,2.4283360677100934,3875.1328125,12.431290738682039,0.2310724015040582,0.0,0.0,96.0,15,1,0,0,0,1189,1189
1788475905.5076804,2.6322209715888287,3875.1328125,7.6683984904904,0.21187348849195792,0.0,0.10555781581644401,95.0,16,0,0,0,0,1190,1189
1788475906.5075147,2.400397748097255,3875.1328125,7.356557084840289,0.23945007748695693,0.0,0.0,97.0,16,0,0,0,0,1191,1190
1788475907.507517,2.69999356271353,3875.1328125,10.159149744153632,0.24333609739280368,0.0,0.08984353579631854,96.0,16,0,0,0,0,1193,1192
1788475908.508065,3.278203918313159,3875.1328125,10.914549437854722,0.24422425571927,0.0,0.031232887941243893,95.0,15,0,1,0,0,1194,1193
1788475909.508637,2.9283250971058266,3875.1328125,10.287388933646247,0.26642819375114224,0.0,0.0,92.0,15,1,0,0,0,1195,1194
1788475910.5081682,1.460684668077849,3875.1328125,1.6580686003847973,0.013105813510265633,0.0,0.0,92.0,14,2,0,0,0,1195,1194
1788475911.5077624,1.9607956681793675,3895.13671875,8.09931684428906,0.22421016829167184,0.0,0.0,92.0,15,0,1,0,0,1196,1195
1788475912.5083044,2.6385700917675203,3875.1328125,8.269086924891406,0.2085156545441678,0.0,0.0,91.0,15,0,1,0,0,1197,1196
1788475913.50745,2.982547852744212,3875.1328125,4.988446618135638,0.22600788742557665,0.0,0.003909589781806042,90.0,15,1,0,0,0,1198,1197
1788475914.507522,2.6398099273212723,3875.1328125,8.733496304539688,0.2634240259991046,0.0,0.0,89.0,16,0,0,0,0,1199,1199
1788475915.5080543,2.5786277825329496,3877.1328125,8.214746638656264,0.2240714722809479,0.0,6.129550657971241,94.0,16,0,0,0,0,1201,1200
1788475916.5086122,1.82897961323374,3877.1328125,7.483697926247735,0.17976745227853494,0.0,0.0,93.0,15,0,1,0,0,1201,1201
1788475917.5081346,2.8413568968446454,3877.1328125,11.712128494590441,0.26638068211228155,0.0,0.0,93.0,15,0,1,0,0,1202,1202
1788475918.5075216,2.29140457180833,3897.13671875,7.541921205382118,0.167835117360767,0.0,0.0,93.0,15,0,1,0,0,1203,1203
1788475919.507516,2.8700164223660436,3877.1328125,9.535205088835271,0.25331069933337785,0.0,0.003906272351869689,95.0,16,0,0,0,0,1204,1204
1788475920.5075154,2.5600012207036524,3877.1328125,6.509598974990356,0.1791554351594139,0.0,0.0,96.0,16,0,0,0,0,1205,1204
1788475921.508051,2.8684639715956064,3877.1328125,8.127009090800778,0.24673696250491475,0.0,0.0,94.0,15,0,1,0,0,1206,1206
1788475922.508515,2.708743244563635,3877.1328125,8.869037831397081,0.25500863866547513,0.0,0.0,96.0,16,0,0,0,0,1208,1207
1788475923.507518,3.1731630980761913,3877.13671875,13.465256270519982,0.25635333378041647,0.0,0.0,98.0,14,1,1,0,0,1209,1208
1788475924.5075161,2.680005111703922,3881.13671875,9.710434361332629,0.23431345808688753,0.0,0.01953128725297404,98.0,16,0,0,0,0,1210,1209
1788475925.5075183,2.2699951291188625,3881.18359375,6.933558845036124,0.19571071591462058,0.0,0.0,97.0,15,0,1,0,0,1211,1210
1788475926.50752,2.9799950265967583,3882.9140625,12.53386980603012,0.2890267316848941,0.0,0.0,96.0,15,0,1,0,0,1212,1212
1788475927.507529,2.1299807025751494,3930.91796875,6.2202643465888094,0.1697162510830066,0.0,0.0,95.0,14,1,1,0,0,1213,1213
1788475928.5080783,2.9283913865672737,3892.9140625,12.599785350454463,0.2671357439150857,0.0,0.0,95.0,16,0,0,0,0,1214,1214
1788475929.5085495,2.81867208098618,3897.04296875,10.589541212693147,0.2554910539811452,0.0,0.031235284585394683,95.0,15,0,1,0,0,1215,1215
1788475930.5082715,2.500695183416334,3955.046875,7.870024788118111,0.23991864803877191,0.0,0.0,97.0,16,0,0,0,0,1217,1216
1788475931.5080278,2.3405703122276784,3955.046875,7.546512731554901,0.22893952755860444,0.0,0.0,94.0,16,0,0,0,0,1218,1217
1788475932.5086,3.138204305093086,3972.8359375,14.597405964299602,0.27932873035601274,0.0,0.0,93.0,14,1,1,0,0,1219,1218
1788475933.5075154,2.8130509397326984,4013.46875,8.12226872454356,0.2404379253679511,0.0,0.0,92.0,15,0,1,0,0,1220,1219
1788475934.5080657,3.0783061002541325,4014.046875,10.080021693690053,0.2732651958293976,0.0,0.0039041016896486976,94.0,16,0,0,0,0,1221,1220
1788475935.508617,1.4791846382899898,4014.046875,1.8376263160603687,0.029002415279358415,0.0,0.0,94.0,16,0,0,0,0,1221,1220
1788475936.5075257,2.6528949499569956,4078.84375,10.565432067530892,0.2422678136308165,0.0,0.09776293300255601,94.0,15,0,1,0,0,1222,1222
1788475937.5080824,2.318709157494552,4080.84375,7.836566357029994,0.21047509685727078,0.0,0.0,94.0,15,0,1,0,0,1223,1223
1788475938.5075188,2.9616692605333457,4103.6328125,8.280737796819611,0.24052538919927288,0.0,0.0,94.0,15,0,1,0,0,1225,1224
1788475939.507527,2.809976551728813,4101.62890625,13.145288447118842,0.26841988689993823,0.0,0.027343521827873234,94.0,15,0,1,0,0,1226,1225
1788475940.5082178,2.878012160961664,4202.50390625,6.439249395013486,0.2251957911951322,0.0,0.0,95.0,14,2,0,0,0,1227,1226
1788475941.5075307,2.471698359172415,4158.71875,8.100791569066537,0.20333719677951778,0.0,0.011726807751641328,94.0,16,0,0,0,0,1228,1227
1788475942.5075262,2.5400115061327133,4162.71875,8.402311240175619,0.22530848523645866,0.0,0.0,95.0,15,0,1,0,0,1229,1228
1788475943.508064,2.918430257162628,4165.50390625,10.706946642011552,0.24825857368892618,0.0,0.0,97.0,16,0,0,0,0,1230,1230
1788475944.5086555,2.4485516413161847,4165.50390625,6.97483907324297,0.18595949041945203,0.0,0.0039039407546490944,94.0,14,0,2,0,0,1231,1230
1788475945.5075324,2.8532046907658137,4184.5,6.95983118169235,0.2236761422887617,0.0,0.0,94.0,16,0,0,0,0,1232,1231
1788475946.508314,3.097579130080036,4248.28515625,9.515635430111907,0.2634335672298957,0.0,0.0,94.0,15,0,1,0,0,1233,1233
1788475947.5075183,2.201751719830088,4268.28515625,9.186283738335328,0.24104985794447917,0.0,6.2471577561932605,95.0,16,0,0,0,0,1234,1234
1788475948.5076625,2.929577428259164,4278.29296875,8.653387236767234,0.23395978315620194,0.0,0.0,95.0,16,0,0,0,0,1236,1235
1788475949.5081995,2.608599394360191,4296.29296875,12.913121140287416,0.2569097135841866,0.0,0.0,95.0,14,0,2,0,0,1237,1236
1788475950.5075188,2.7418663474137444,4366.296875,7.24822752227213,0.21534319038595007,0.0,0.003908910737074458,96.0,13,3,0,0,0,1238,1237
1788475951.507518,2.7100019383444707,4358.5,10.276643474085432,0.24952334131479834,0.0,0.0,95.0,15,0,1,0,0,1239,1238
1788475952.507523,2.2799885845753325,4370.07421875,8.790689324265525,0.22201426928051593,0.0,0.0,95.0,16,0,0,0,0,1240,1239
1788475953.507989,3.1185471627339267,4440.078125,11.978096675657216,0.2573645376428237,0.0,0.0,95.0,14,0,2,0,0,1241,1241
1788475954.508518,2.758540591818276,4366.19921875,7.929614111491823,0.24672425243469415,0.0,0.011712553463903331,95.0,15,1,0,0,0,1242,1242
1788475955.5080342,3.0814906751111515,4460.2109375,10.695066521160944,0.2743541394588857,0.0,0.00390814056806865,97.0,15,0,1,0,0,1244,1243
1788475956.507782,2.1505424675777145,4442.96875,7.17849990198524,0.1936571333997576,0.0,0.0039072355878953914,97.0,15,0,1,0,0,1244,1244
1788475957.5083263,2.3287324485348915,4490.75,8.61417051523059,0.21321707377924012,0.0,0.0,98.0,15,1,0,0,0,1246,1245
1788475958.5079033,2.951248243900279,4503.06640625,12.377462773074969,0.2662640458148183,0.0,0.0,96.0,14,0,2,0,0,1247,1246
1788475959.5084887,2.3386311579961134,4525.640625,6.279529513131442,0.17244163889325073,0.0,0.02732775458395395,95.0,15,0,1,0,0,1247,1247
1788475960.5082169,1.280347994974878,4525.640625,2.0739966287986826,0.0654636928104887,0.0,0.003907311996382684,95.0,16,0,0,0,0,1248,1247
1788475961.5070329,1.561849208633408,4525.640625,5.546446717834655,0.13913224476038935,0.0,0.0,95.0,16,0,0,0,0,1248,1248
1788475962.5085227,3.065432879909071,4561.86328125,10.036817533310495,0.25812982243052285,0.0,0.0,91.0,14,1,1,0,0,1250,1249
1788475963.5075226,3.0930936068729022,4602.85546875,10.337560192348219,0.2737332131455292,0.0,0.0,96.0,15,0,1,0,0,1251,1251
1788475964.5080779,2.4286514260363536,4603.4296875,10.885261589469463,0.2197418740213881,0.0,0.0,96.0,16,0,0,0,0,1252,1251
1788475965.5075173,2.3913403990930875,4607.8671875,8.570912889529056,0.2242086206596305,0.0,0.0,97.0,16,0,0,0,0,1253,1252
1788475966.508095,1.7090127234862418,4621.8671875,5.424338538103622,0.1114039583704158,0.0,0.1015038624146865,96.0,14,1,1,0,0,1254,1253
1788475967.5075283,2.8115933889115365,4672.84765625,9.692758485536604,0.23254985117822902,0.0,0.07426083517198653,93.0,13,1,2,0,0,1255,1254
1788475968.5080888,2.728470631967621,4802.4140625,6.915991903075187,0.1819372810011783,0.0,0.0,93.0,16,0,0,0,0,1256,1255
1788475969.5078273,2.8607482149105765,4809.19140625,10.068110637037476,0.2566646483228708,0.0,0.0,94.0,15,0,1,0,0,1257,1256
1788475970.507516,2.2707070406425007,4834.19140625,9.377681553866708,0.18364330247712973,0.0,0.027352266802893776,95.0,15,0,1,0,0,1258,1257
1788475971.5075183,2.579993848815252,4851.9921875,8.192410010313964,0.25193917288977413,0.0,0.0039062406867964583,95.0,16,0,0,0,0,1259,1258
1788475972.5080798,2.288714942053132,4851.9921875,9.2446853556603,0.23155943811493856,0.0,0.011712173898331983,92.0,15,0,1,0,0,1260,1259
1788475973.5078776,3.1106289037010586,4891.9921875,12.630407949910527,0.25126768946663564,0.0,0.0,93.0,15,0,1,0,0,1261,1261
1788475974.5075264,2.4908747717236857,4864.1171875,4.401544445745607,0.20896334719906431,0.0,0.0,95.0,15,0,1,0,0,1262,1261
1788475975.508109,3.0382296387583545,4864.1171875,11.71416820833655,0.23623243520935733,0.0,0.0,95.0,16,0,0,0,0,1263,1263
1788475976.5076823,2.5710972652682327,4894.12109375,9.311889715812518,0.23511907175503766,0.0,0.0039079177791654365,92.0,14,0,2,0,0,1264,1264
1788475977.5073717,3.1709850963546886,4972.3203125,10.239633141036695,0.24907792771811885,0.0,0.0,94.0,15,0,1,0,0,1266,1265
1788475978.5079935,2.2286142573397,4962.4453125,5.681950920105067,0.19064207207585004,0.0,6.023598302752118,95.0,16,0,0,0,0,1267,1266
1788475979.5085306,2.3387437272984997,4964.4453125,5.973594067708362,0.21834851760621862,0.0,0.0,97.0,16,0,0,0,0,1268,1267
1788475980.5082994,3.0006939585542196,5063.32421875,11.0269413311699,0.23023970902389362,0.0,0.0,96.0,15,0,1,0,0,1269,1268
1788475981.5075305,2.842185356085796,5184.22265625,6.952252629931338,0.23617975227858984,0.0,0.0,97.0,11,0,5,0,0,1270,1269
1788475982.5075896,6.319626334350509,5426.234375,12.293928886803645,0.19660359437670577,0.0,0.0039060190456573192,98.0,3,2,11,0,0,1270,1270
1788475983.508522,6.114298691228924,5465.921875,1.4714196390608867,0.052561386208186095,0.0,0.0,98.0,2,0,0,0,0,1271,1271
1788475984.5081213,2.78111461965477,7587.1015625,0.5129113683724962,0.023426861895286078,0.0,0.0,98.0,0,1,1,0,0,1271,1271
1788475985.5075374,3.822231751814098,8524.2421875,0.00046566496217068576,0.00027481866619909326,0.0,0.011725596424494646,99.0,0,0,3,0,5,1271,1271
1788475986.5081637,2.218610427476449,9429.11328125,0.021208830929076508,0.017370788321275712,0.0,0.0,98.0,0,0,2,0,0,1271,1271
1788475987.5077546,1.1204584089826004,6639.6015625,0.002740073672872221,0.00475410414760525,0.0,0.003907848803650633,98.0,0,0,1,0,0,1271,1271
1788475988.5083447,0.9994102620128437,7009.6015625,0.0030308958370216777,0.0022188444995554922,0.0,0.0,98.0,0,0,1,0,0,1271,1271
1788475989.5079448,0.9903959880048933,7377.6015625,0.0014215431041206385,0.00087009886641478,0.0,0.0,98.0,0,0,1,0,0,1271,1271
1788475990.508561,1.009378148761872,8896.96484375,0.0005642275895854262,0.0005032300123329476,0.0,0.02732691460911037,98.0,0,0,1,0,0,1271,1271
1788475991.5081441,1.0004169294339778,9288.96484375,0.014143162309579169,0.014143162309579169,0.0,0.0,98.0,0,0,1,0,0,1271,1271
1788475991.6923428,0.9772060291091768,3816.953125,0.002350550424872344,0.01770161212034922,0.0,0.021206728062284408,98.0,0,0,0,0,0,1271,1271
