timestamp,cpu_cores_busy,rss_mb,network_recv_mb_s,network_send_mb_s,disk_read_mb_s,disk_write_mb_s,num_fds,active_read_tasks,active_rechunk_tasks,active_compute_tasks,active_store_tasks,active_other_tasks,sources_started,sources_finished
1788468359.5300214,0.0,1787.82421875,0.0,0.0,0.0,0.0,18.0,0,0,0,0,0,0,0
1788468360.5315413,0.9984823882043832,1791.14453125,0.007077903358004741,0.003420399416380066,0.0,0.0,18.0,0,0,0,0,0,0,0
1788468361.5320983,0.9994433642150681,1859.73828125,0.009452323763772924,0.009452323763772924,0.0,0.0,18.0,0,0,0,0,0,0,0
1788468362.5315094,1.0306069181175501,1975.6484375,1.246753568962893,0.12291517269052162,0.0,0.0,56.0,0,0,0,0,16,0,0
1788468363.5321357,1.9887543921976594,2053.38671875,5.8897942329764295,0.2184176961689387,0.0,5.680036197878879,84.0,0,0,0,0,16,1,0
1788468364.5317826,0.890314368147652,2070.0625,2.320809631124424,0.13367318391451297,0.0,0.00390762977592901,92.0,0,0,0,0,16,1,1
1788468365.5321057,1.979360553371854,2116.13671875,8.27893973270945,0.22194368036105888,0.0,0.027334919258214265,98.0,0,0,0,0,16,2,1
1788468366.5317469,1.2404450964618237,2127.66015625,3.7729726609837484,0.1367372964933449,0.0,0.0,98.0,0,0,0,0,16,3,2
1788468367.5324855,2.1783909951917377,2196.75,11.306300421069986,0.17712575540774983,0.0,0.0,98.0,0,0,0,0,16,3,3
1788468368.532064,1.2805397783107613,2198.39453125,3.755600905991028,0.12463768945573753,0.0,0.0,98.0,0,0,0,0,16,4,3
1788468369.5315034,1.510846863025525,2201.08984375,3.9178635829170796,0.16550280978818227,0.0,0.0039084407673463896,98.0,0,0,0,0,16,5,4
1788468370.532082,1.239282898999254,2205.4140625,2.117460471018991,0.13325037987900581,0.0,0.0,98.0,0,0,0,0,16,5,5
1788468371.5315104,1.7810182575658629,2209.8828125,8.885255537695741,0.17013072335114385,0.0,0.0,98.0,1,0,0,0,15,6,5
1788468372.5315053,1.5700078606998462,2314.9765625,10.855671875264497,0.16729057147550605,0.0,0.16015705187275156,98.0,1,0,5,0,10,6,6
1788468373.532097,2.8283263240013126,2544.0703125,7.078071648161235,0.16955451147616296,0.0,0.13663789385496425,98.0,2,0,0,0,14,7,7
1788468374.5317032,1.2504925283567536,2550.47265625,4.192590274604236,0.1196207078479206,0.0,0.003907789151114855,98.0,0,0,0,0,16,8,7
1788468375.5322862,1.768968808951977,2558.8515625,4.679102800763162,0.20798956525634485,0.0,0.0,98.0,0,0,0,0,16,8,8
1788468376.5315144,1.7713670719174672,2576.1328125,8.24528932608331,0.20376481693086748,0.0,0.0,98.0,0,0,0,0,16,9,8
1788468377.5320857,1.7490008816449885,2588.68359375,8.230783234446113,0.16312912526508924,0.0,0.0,98.0,0,0,0,0,16,10,9
1788468378.5315003,1.721007335903587,2595.35546875,6.513914026960418,0.15985117784538516,0.0,0.0,98.0,0,0,0,0,16,10,10
1788468379.5320892,1.30922900303906,2590.98046875,1.965518276657261,0.04925688159524435,0.0,0.0,98.0,0,0,0,0,16,11,10
1788468380.5315092,1.3007545318068732,2601.0,4.551370974917883,0.1371311283195499,0.0,0.00390851722297752,98.0,0,0,0,0,16,11,11
1788468381.5321195,1.51907283152371,2605.08984375,5.699369815176284,0.16754605343418325,0.0,0.0,98.0,1,0,0,0,15,12,11
1788468382.531509,1.4708981156526328,2660.828125,5.133684006867788,0.1471120724720003,0.0,0.0,98.0,1,0,2,0,13,12,12
1788468383.5315025,2.240014419648497,2735.6953125,9.741342310009568,0.18865611403347943,0.0,0.0,98.0,1,0,5,0,10,13,12
1788468384.5321002,1.8588889135106585,2794.9375,5.310156688018593,0.1530400106175856,0.0,0.0,98.0,1,0,1,0,14,14,13
1788468385.5317304,1.7206362692962336,2799.32421875,5.9733840748548745,0.16710357132890966,0.0,0.01563078006264619,98.0,0,0,0,0,16,14,14
1788468386.5323803,1.6689153234548784,2809.5234375,7.181018958644565,0.1913543624896653,0.0,0.0,98.0,0,0,0,0,16,15,14
1788468387.5320144,1.520556481885819,2809.5234375,4.477272179793354,0.14230023166074734,0.0,0.0,98.0,0,0,0,0,16,16,15
1788468388.5318253,1.7603328189672,2809.5234375,7.105383531842411,0.160140750793309,0.0,0.0,98.0,0,0,0,0,16,16,16
1788468389.532003,1.669703424203109,2815.5234375,6.82267787575306,0.15219464659411605,0.0,0.0,98.0,0,0,0,0,16,17,16
1788468390.5316386,1.3604956334420284,2818.5078125,2.8005197511147744,0.13688973606030944,0.0,0.003907673579509136,98.0,1,0,0,0,15,17,17
1788468391.5322034,1.8789387498144319,2838.2421875,7.238893285228561,0.18670980560076994,0.0,0.02732831459587154,98.0,1,0,1,0,14,18,18
1788468392.5312803,1.981829539293228,2956.99609375,6.9960758222541255,0.1711594413177448,0.0,0.0,98.0,0,0,2,0,14,19,18
1788468393.531885,2.008785429037076,2931.37890625,6.2488510403065165,0.14681426978393267,0.0,0.13663613575928557,98.0,2,3,0,0,11,19,19
1788468394.5315075,1.6706305237100931,2983.4140625,7.427122386631498,0.1526474096416146,0.0,0.0,98.0,0,0,3,0,13,20,19
1788468395.5321002,1.4191588523609302,3063.41796875,4.531976105547335,0.10894802932717625,0.0,5.21175469823365,98.0,0,3,1,0,12,20,20
1788468396.5316827,2.2209271725366655,3019.4296875,8.121533585860453,0.19592644386367924,0.0,0.027355169988310224,98.0,0,0,0,0,16,21,20
1788468397.532256,1.7090204607991968,3019.44921875,4.98640076936494,0.1804366660725502,0.0,0.0,98.0,0,0,0,0,16,22,21
1788468398.5315006,0.6404837638292863,3019.46484375,1.8403096439724218,0.07857344643552489,0.0,0.0,97.0,0,0,0,0,16,22,22
1788468399.5315137,1.699977708155213,3019.48046875,7.4897909311053255,0.21007643837830764,0.0,0.0,98.0,0,0,0,0,16,23,22
1788468400.5315208,2.059985265837144,3019.48046875,9.2067784778227,0.18970830649156695,0.0,0.0,98.0,0,1,0,0,15,24,23
1788468401.5321531,1.7189131551533152,3052.5078125,6.314606109761455,0.164998632342107,0.0,0.0039037816932081253,98.0,0,0,2,0,14,24,24
1788468402.5319555,1.4302826939472078,3085.42578125,4.603341143085388,0.12825449060743177,0.0,0.0937685332570243,98.0,0,1,0,0,15,25,24
1788468403.5315568,1.620646047637747,3067.42578125,5.327561302780688,0.16991236054106346,0.0,0.0,97.0,1,0,1,0,14,25,25
1788468404.5315154,1.7400721866037807,3055.421875,6.102952459747313,0.17561305920417344,0.0,0.01562564822740354,96.0,0,0,2,0,14,26,25
1788468405.5322244,2.198441180212441,3176.53515625,7.097763836467348,0.18213137180810993,0.0,0.0,97.0,0,1,2,0,13,27,26
1788468406.5315094,1.5110804486907925,3162.5390625,6.925148134053714,0.17003296109445626,0.0,0.003909045034899632,98.0,0,0,1,0,15,27,27
1788468407.531521,1.479982710086765,3184.5390625,5.292900239917813,0.17421518885034235,0.0,0.0,96.0,1,0,0,0,15,28,27
1788468408.5322995,1.648716578572003,3184.55859375,5.794667341978179,0.14743486051092908,0.0,0.0,98.0,0,0,0,0,16,29,28
1788468409.5315022,1.6212926107621028,3184.57421875,7.358760761257564,0.19521637047359078,0.0,0.0,98.0,0,0,0,0,16,29,29
1788468410.5320597,1.7190417672034246,3198.56640625,6.246689615173274,0.16204003105339937,0.0,0.0,98.0,1,0,1,0,14,30,30
1788468411.5316358,1.410597964091306,3248.57421875,7.092299010190993,0.1447299313110998,0.0,0.0,98.0,0,0,1,0,15,31,30
1788468412.5314982,1.6502270176385783,3246.57421875,5.837551180608561,0.1669359975029371,0.0,0.003906787447060812,98.0,1,0,2,0,13,31,31
1788468413.5315404,1.549934592622975,3247.71484375,6.665295658747769,0.15238977122557,0.0,0.0,98.0,0,2,1,0,13,32,31
1788468414.5315127,1.8200503363225993,3358.4609375,5.802085171194043,0.1527752213300882,0.0,0.0,98.0,1,0,2,0,13,32,32
1788468415.5315106,1.9200041198818463,3332.8046875,6.42552896255509,0.153495164264793,0.0,0.0,98.0,1,0,2,0,13,33,32
1788468416.5320878,2.0088404744175428,3362.66796875,6.962899880263777,0.19044278574364534,0.0,0.0,98.0,1,0,1,0,14,34,33
1788468417.5319068,1.1602099512464672,3350.58984375,4.563675839892024,0.16418471722611777,0.0,0.003906957001772963,98.0,1,0,0,0,15,34,34
1788468418.5325089,1.9688147599057744,3356.390625,7.4533272620828726,0.17137129008591964,0.0,0.0,98.0,0,0,0,0,16,35,34
1788468419.532101,1.7707223381805597,3369.8828125,6.50716919099946,0.18196471730024832,0.0,0.0,98.0,0,1,0,0,15,36,35
1788468420.5315077,1.951157398130116,3418.25390625,7.891034339293519,0.18774488193184052,0.0,0.0,98.0,0,0,1,0,15,36,36
1788468421.532117,1.7489346199144462,3425.1171875,4.66219332124334,0.17110605812585078,0.0,0.04294259111397357,98.0,0,0,0,0,16,37,37
1788468422.53188,2.050485940700965,3431.61328125,6.726212943951198,0.18968022874531099,0.0,0.0039071759540792355,98.0,1,0,1,0,14,38,37
1788468423.532475,1.9088640487990531,3407.78125,7.77392012962257,0.1699075486084636,0.0,0.0,98.0,2,0,1,0,13,38,38
1788468424.5322292,1.620398309387331,3482.02734375,4.493152723421537,0.1363307373500366,0.0,0.0,98.0,0,1,3,0,12,39,38
1788468425.531499,1.9214031548174646,3565.96484375,9.372442195521565,0.19069101490465473,0.0,0.0,98.0,2,0,1,0,13,40,39
1788468426.532052,2.058861179843553,3564.09765625,7.720951888946925,0.1703674191445314,0.0,6.063052587031862,98.0,0,1,1,0,14,40,40
1788468427.5307317,1.151520423914801,3614.6875,3.770187210266699,0.1515233842138711,0.0,0.0,98.0,1,0,0,0,15,41,40
1788468428.5322294,1.9071435842522606,3624.62890625,7.263956981240237,0.16167839439544862,0.0,0.00390040818114425,98.0,0,0,0,0,16,42,41
1788468429.5318775,1.4605139633680726,3630.0078125,4.094834321846735,0.14561055211422935,0.0,0.0,96.0,1,0,0,0,15,42,42
1788468430.531964,1.579863269241562,3656.1171875,5.864518923671414,0.1719335527706967,0.0,0.0,95.0,0,0,1,0,15,43,43
1788468431.5315735,2.1308321530978094,3722.953125,9.303190857559366,0.19688379661055758,0.0,0.0,93.0,1,0,1,0,14,44,43
1788468432.5321257,1.6191059662300842,3688.48828125,6.512318008301919,0.16077414681338792,0.0,0.08198597919277895,92.0,1,0,2,0,13,44,44
1788468433.5317273,1.8307293578998436,3745.0859375,5.176741202962434,0.16064940575528552,0.0,0.06643271662461274,92.0,0,2,0,0,14,45,44
1788468434.5322819,1.7690189699830396,3789.7421875,5.044866952769246,0.16884118923993777,0.0,0.0,94.0,1,0,0,0,15,46,45
1788468435.531891,1.1004300128916984,3789.7421875,0.007265068876239814,0.005321674877434758,0.0,0.0,94.0,1,0,0,0,15,46,45
1788468436.5324743,1.0393938547685346,3789.76171875,3.5701492821826415,0.15785262405432776,0.0,0.0,96.0,0,0,1,0,15,46,46
1788468437.5315006,1.7917446243872273,3848.765625,7.462591462978078,0.20400265379860724,0.0,0.011730171685496227,96.0,0,0,2,0,14,47,46
1788468438.5315046,1.8099926638900006,3903.78125,6.234449866855684,0.16047126579010046,0.0,0.003906234167580402,96.0,0,1,0,0,15,47,47
1788468439.531511,1.7999884129315997,3863.77734375,7.234115762442211,0.18353344073226457,0.0,0.0,98.0,0,0,0,0,16,48,48
1788468440.5321066,1.988815521914076,3867.78515625,7.458489583258872,0.17699190955398897,0.0,0.0,98.0,3,0,0,0,13,49,48
1788468441.5317104,1.6906699307978665,3917.7890625,5.626953124068308,0.1813977916549994,0.0,0.0,98.0,0,0,3,0,13,50,49
1788468442.5322683,2.13880676083067,3897.78515625,7.633796910102453,0.19660280929237745,0.0,0.0,98.0,2,0,0,0,14,50,50
1788468443.5318491,1.5506499392015756,3897.78515625,6.315579125428797,0.1465457981856371,0.0,0.003907887951616989,98.0,0,0,1,0,15,51,50
1788468444.5324507,1.3591824109026862,3901.796875,4.2673229084734725,0.14172421212501732,0.0,0.0,98.0,2,0,2,0,12,52,51
1788468445.5320556,2.010794383595616,3898.95703125,7.428994618435561,0.18247946941395257,0.0,0.0,98.0,2,0,1,0,13,52,52
1788468446.530685,1.6322372560466456,3898.95703125,6.7298025213946095,0.16901389620047963,0.0,0.0,98.0,1,1,0,0,14,53,52
1788468447.5315108,1.8784486231729587,3898.96875,5.731280051684609,0.17737807329990604,0.0,0.0,98.0,0,0,1,0,15,54,53
1788468448.532082,1.4291835775729185,3898.96875,3.470279981890533,0.08889365453808945,0.0,0.0039040198251006743,96.0,0,0,1,0,15,54,53
1788468449.5315092,1.7109802545432615,3901.96875,6.031303697296286,0.16001904625133084,0.0,0.0,96.0,1,0,1,0,14,55,54
1788468450.531515,1.4499917030807408,3901.96875,5.100542446847266,0.1643057004602406,0.0,0.0,97.0,0,0,1,0,15,55,55
1788468451.5320961,1.5091228004961854,3901.96875,8.307284078935517,0.1555244520630527,0.0,0.0,96.0,2,1,0,0,13,56,55
1788468452.5316818,1.7007047235512072,3901.97265625,5.85712234464526,0.17614033983007066,0.0,0.027355085167412987,97.0,0,0,3,0,13,56,56
1788468453.5315077,1.7002959289618331,3963.0546875,4.655774763960288,0.1600296072037837,0.0,0.0,97.0,1,1,2,0,12,57,56
1788468454.5315022,1.800009870583256,3903.05078125,7.396545915736213,0.17927077370352631,0.0,0.003906271420536679,96.0,1,0,0,0,15,58,57
1788468455.5315073,1.8299908376200338,3916.05078125,8.842182711163298,0.19004535890757154,0.0,0.0,97.0,0,0,2,0,14,58,58
1788468456.5315154,1.999983787668042,3996.05859375,4.68831839494099,0.12621777262585895,0.0,0.0,96.0,2,0,1,0,13,59,58
1788468457.5321143,1.0393775090449158,3958.0546875,1.7227307558873204,0.141805597386209,0.0,5.492804068608202,97.0,1,0,1,0,14,59,59
1788468458.5317152,1.7607027188184892,3958.0546875,6.530632085349769,0.1625423660089252,0.0,0.0,97.0,1,0,0,0,15,60,60
1788468459.5315082,1.5203146250473176,3958.0546875,5.827781323000995,0.16801210272435302,0.0,0.003907058555323129,97.0,1,0,0,0,15,61,60
1788468460.5320623,1.3592468620043474,3958.0546875,5.548278284374979,0.1482466399213845,0.0,0.0,98.0,1,0,2,0,13,61,61
1788468461.5314996,1.9811147095476649,3958.0546875,6.266861389369705,0.1531222745342018,0.0,0.0,98.0,0,1,2,0,13,62,61
1788468462.531501,1.3299980974223877,3958.0546875,7.279778557140507,0.1564481404569524,0.0,0.0,98.0,2,0,1,0,13,62,62
1788468463.5320706,1.6490607247183393,3966.0546875,5.300069364139812,0.11528982463096538,0.0,0.08979260574933644,98.0,0,0,2,0,14,63,62
1788468464.530944,1.28144358180139,3966.0546875,6.3698409792487505,0.1476339269411079,0.0,0.003910655462040458,98.0,1,0,1,0,14,63,63
1788468465.5307333,1.7303646951655283,3966.0546875,6.268218303914227,0.15959860924972935,0.0,0.0,98.0,0,1,0,0,15,64,64
1788468466.5323153,1.8670465055549585,3966.0546875,5.7397472327020225,0.19208181789833179,0.0,0.0,98.0,0,0,1,0,15,65,64
1788468467.5315046,1.981606336007715,4022.05859375,6.936950118637888,0.16550128564147495,0.0,0.0,98.0,0,2,0,0,14,65,65
1788468468.5320816,1.329233068459993,4022.06640625,6.585051578326333,0.15294024577265505,0.0,0.0,98.0,0,0,1,0,15,66,65
1788468469.5313056,1.6813047807363424,4022.06640625,4.632841085847481,0.17526399715202567,0.0,0.01563713523750259,95.0,0,0,2,0,14,67,66
1788468470.531505,2.0395929862666944,4028.6796875,6.691147687288699,0.1734501891593155,0.0,0.0,96.0,0,1,1,0,14,67,67
1788468471.5320773,1.888919151791374,4028.6875,7.64939724126362,0.1715355669592137,0.0,0.0,95.0,0,1,2,0,13,68,67
1788468472.5315123,1.5208593646750936,4044.69140625,4.750218872720802,0.1569165926753618,0.0,0.0,96.0,0,2,1,0,13,69,68
1788468473.5320911,1.7389933310013692,4062.69140625,5.419184260515086,0.16435264391436002,0.0,0.0,93.0,0,2,1,0,13,69,69
1788468474.5315115,1.7410090811436778,4084.69140625,6.547266102765995,0.17543088733842843,0.0,0.0,94.0,1,0,1,0,14,70,69
1788468475.5320904,1.7190049019094178,4084.69140625,5.185100216072887,0.14807521662093268,0.0,0.0039039900570253237,97.0,0,1,0,0,15,71,70
1788468476.5317094,1.6606326892463696,4111.69140625,7.39992739772357,0.17633862235987927,0.0,0.0,97.0,0,0,1,0,15,71,70
1788468477.5323107,1.5590625486974612,4111.69140625,6.9052545900163596,0.20080413150318835,0.0,0.0,97.0,0,0,1,0,15,72,71
1788468478.5320802,2.010463513903119,4111.69140625,7.738749354034746,0.18712161698427768,0.0,0.0,97.0,0,1,1,0,14,73,72
1788468479.5317018,1.6206131918754583,4101.69140625,5.764109526113973,0.13787336469406353,0.0,0.0,97.0,1,1,1,0,13,73,73
1788468480.5313044,1.580628210837164,4101.69140625,5.908745259844818,0.1721055269034739,0.0,0.003907803132014529,97.0,1,0,1,0,14,74,73
1788468481.531934,2.0986785387941986,4101.69140625,7.465636075764634,0.20365098899318432,0.0,0.0,97.0,1,0,1,0,14,75,74
1788468482.53154,2.1908634322294485,4108.41015625,8.418402581087717,0.2000738911967631,0.0,0.0,97.0,1,0,1,0,14,75,75
1788468483.5315053,1.340046326331371,4152.4140625,5.895880437532292,0.17360524481785264,0.0,0.02734469532509378,98.0,0,1,2,0,13,76,76
1788468484.5322762,1.7486521262352073,4160.4140625,5.675766526894224,0.14105224087363613,0.0,0.0,98.0,1,1,1,0,13,77,76
1788468485.5318851,2.0007823188311775,4120.41015625,6.52432439136549,0.16174060215652863,0.0,0.003907777966467144,98.0,1,1,1,0,13,77,77
1788468486.5315077,1.220460622111539,4128.5390625,4.871387340106819,0.13457990646169873,0.0,0.0,98.0,0,1,1,0,14,78,77
1788468487.5320878,1.4391651799956193,4128.5390625,3.1689286224035484,0.11966820889657846,0.0,0.0,98.0,0,0,1,0,15,78,78
1788468488.5316908,1.790710852997324,4164.54296875,8.636845671664076,0.20649047056042746,0.0,5.717113254921304,98.0,3,0,0,0,13,79,78
1788468489.5322764,1.988835425423431,4200.546875,8.603485545992623,0.16825932385935818,0.0,0.0,98.0,2,0,2,0,12,80,79
1788468490.5318701,1.4205771311358835,4214.9921875,5.242984305681439,0.1361618089013977,0.0,0.0,97.0,1,1,1,0,13,80,80
1788468491.5324354,1.6890451988775101,4206.8671875,6.217512673723841,0.1710344498918787,0.0,0.0039040430817254136,95.0,0,0,1,0,15,81,81
1788468492.532085,2.3008063758309447,4206.8671875,8.816800283531377,0.2303034176883702,0.0,0.0,98.0,0,0,1,0,15,82,81
1788468493.5315259,2.0311355907822297,4206.8671875,7.896809105241726,0.1809874571769428,15.1725453421658,8.457853714695206,98.0,1,0,1,0,14,83,82
1788468494.5315034,2.150048185474829,4246.87109375,9.240021839631302,0.16525543546937327,0.42188445499867677,0.265630953147315,98.0,0,0,2,0,14,83,83
1788468495.5321238,2.23861124361614,4209.2578125,9.214604282297483,0.20255778899980129,0.011711484603181487,15.154661076516843,97.0,0,0,1,0,15,84,83
1788468496.5311546,1.5014551675930656,4212.1015625,4.473680856867592,0.09013710196482826,0.0,0.003910039498940275,97.0,1,0,0,0,15,84,84
1788468497.5317705,0.9793968529531714,4212.1015625,0.0563379476264193,0.03291773164252457,0.0,0.0,96.0,1,0,0,0,15,84,84
1788468498.5315003,2.570694417184449,4215.1015625,8.236273693584163,0.22025908316164544,0.0,0.0,97.0,0,0,1,0,15,85,85
1788468499.5320697,2.688469337277855,4531.11328125,11.205241652234665,0.23905685716273675,0.0,0.0,97.0,1,1,1,0,13,86,86
1788468500.5316877,2.2108444244310963,5295.1171875,6.754663698970258,0.16325128759449156,0.0,0.0,96.0,2,1,2,0,11,87,86
1788468501.5322678,2.5485216729089424,5907.125,8.58520035923147,0.1772624779680023,0.0,0.0,95.0,0,2,2,0,12,88,87
1788468502.5318816,3.3212828059545356,6309.09765625,6.495529832441463,0.208922971538041,0.0,0.015631037302119597,96.0,0,0,1,2,13,89,88
1788468503.5324364,2.9583587024925833,6693.140625,7.947805751804245,0.17107532208573972,0.0,0.0,97.0,0,0,3,1,12,89,89
1788468504.5320225,3.091279464042004,6975.1484375,8.361196288289182,0.1422965590540213,0.0,0.0,97.0,0,0,2,2,12,90,89
1788468505.5318081,3.0306495842876817,6873.14453125,5.958241572182987,0.1189696678474891,0.0,0.0,96.0,2,0,3,1,10,90,90
1788468506.5324013,2.508511987251433,7227.1484375,5.60665193795642,0.14455040897904875,0.0,0.0,95.0,1,0,2,0,13,91,90
1788468507.5321677,2.8706707328123326,7881.56640625,8.549430475679914,0.17489037336490096,0.019535814547122998,0.0039071629094245995,94.0,1,0,1,0,14,91,91
1788468508.5315218,3.162042287005159,9249.69140625,8.882351467639406,0.2170028354361526,0.0,0.0,97.0,0,0,2,0,14,92,91
1788468509.5321112,2.688415526585224,9249.69140625,6.429214234927001,0.17095217852942354,0.0,0.0,97.0,0,1,2,0,13,93,92
1788468510.5317225,1.460567609120135,9249.69140625,3.3967830553961504,0.08216045416361968,0.0,0.0,97.0,1,0,2,0,13,93,93
1788468511.5322895,2.148781728041434,3787.671875,9.817880887806128,0.2071798625676189,0.0,0.0,94.0,1,2,0,0,13,94,93
1788468512.5318906,2.0908339799041835,3787.671875,7.342026522248202,0.19466440046834554,0.0,0.00390780872440241,97.0,0,0,1,0,15,95,94
1788468513.5316951,2.110412592488855,3743.671875,6.955147557496344,0.2124600928488102,0.0,0.027349096836902204,98.0,1,0,0,0,15,95,95
1788468514.5315104,1.7703271111276264,3743.671875,5.0180265833382816,0.12824520827207825,0.0,0.0,98.0,1,0,1,0,14,96,95
1788468515.5315025,1.7000133753873408,3743.671875,8.618195629228536,0.18858104304657472,0.0,0.0,97.0,0,0,3,0,13,97,96
1788468516.5315046,2.179995322237579,3744.671875,8.227200974271591,0.1781383506667242,0.0,0.0,97.0,1,2,0,0,13,97,97
1788468517.5320907,1.9488579052136363,3736.671875,5.511481470714804,0.18244732486617063,0.0,0.0,98.0,0,0,1,0,15,98,97
1788468518.5318663,1.81040616803262,3678.66796875,6.092388376584617,0.17040261002922952,0.0586068985680467,0.003907126571203113,97.0,1,0,0,0,15,98,98
1788468519.5315764,1.8205278019444697,3678.66796875,6.291948082177145,0.17020010073721326,0.0,5.794648717126853,96.0,0,0,1,0,15,99,98
1788468520.5321522,2.4186074121236865,3688.671875,10.101506438720342,0.20857627112989932,0.0,0.0,96.0,2,0,2,0,12,100,99
1788468521.5318286,2.010650513827139,3738.671875,8.367708916902599,0.22184492196061625,0.0,0.0,95.0,1,0,1,0,14,101,100
1788468522.5315008,1.8005902794921553,3738.671875,5.75634264257754,0.13805909902123312,0.0,0.0,95.0,1,1,1,0,13,101,101
1788468523.5315104,2.1899791147314756,3726.671875,9.428112715599864,0.21697218921480926,0.0,0.0039062127474522833,95.0,0,0,1,0,15,102,101
1788468524.5315003,2.2700227310549326,3716.67578125,10.02231429510126,0.2118074645789891,0.0,0.2265647687245098,95.0,0,0,1,0,15,103,102
1788468525.5320556,1.6490843016295162,3746.67578125,5.149836070964509,0.14431473993556262,0.0,0.1171224646043626,96.0,1,0,1,0,14,103,103
1788468526.5315077,2.2412279371737633,3750.67578125,9.16195253537328,0.21200542174796505,0.0,0.1172517405747988,98.0,0,1,0,0,15,104,104
1788468527.5321214,1.7789083027907615,3750.67578125,7.561514058783696,0.1805742268419525,0.0,0.0,98.0,0,0,2,0,14,105,104
1788468528.5317464,1.5505815183468268,3750.67578125,5.248672523946802,0.14574557728602192,0.0,0.0039077155200274,97.0,1,1,0,0,14,105,104
1788468529.5318334,2.0698198785171686,3752.6875,8.839626678529342,0.19861590986082572,0.0,1.886554576773519,98.0,0,0,1,0,15,106,105
1788468530.531509,2.1607011209072824,3756.69140625,8.41498107653741,0.18791765115814835,0.0,0.0,98.0,0,0,2,0,14,107,106
1788468531.5314722,1.9200704981937584,3818.69140625,8.780623487476605,0.17419596342524707,0.0,0.0,98.0,1,0,2,0,13,107,107
1788468532.53151,1.999924185766081,3795.6953125,7.048629586194943,0.17691895243801173,0.0,0.0,98.0,1,1,0,0,14,108,107
1788468533.5322824,2.22827923859269,3756.40234375,10.070196779401664,0.23008888771359817,0.0,0.0039032357738801008,97.0,1,0,0,0,15,109,108
1788468534.5315075,2.2617525424391958,3758.40234375,7.229542735550532,0.19430148120258053,0.0,0.01563711658212946,98.0,0,0,1,0,15,110,109
1788468535.5315032,1.9100081968657812,3762.40234375,7.975089919953002,0.17250707271750185,0.0,0.0,98.0,1,0,1,0,14,110,110
1788468536.5321012,2.228667359891288,3764.40234375,10.836482549134915,0.19968299747522644,0.0,3.989801782877098,98.0,1,0,1,0,14,111,110
1788468537.5317287,1.8807003912953522,3764.40234375,8.171630880221105,0.2108548534586674,0.0,0.0,97.0,1,0,1,0,14,112,111
1788468538.5322971,2.1187956979407434,3764.40234375,6.520365583526819,0.18801207047080937,0.0,0.003904030988245969,96.0,2,0,1,0,13,112,112
1788468539.531878,1.5506499392015756,3778.421875,7.131626462774648,0.1765399831033458,0.0,0.0,95.0,1,0,2,0,13,113,112
1788468540.5315077,2.4309000749150775,3781.171875,7.607947144965203,0.1840471804788789,0.0,0.0,97.0,2,0,1,0,13,114,113
1788468541.532234,1.678780830762103,3785.17578125,7.3200586084076855,0.17678678213634794,0.0,0.690904499267395,97.0,1,0,1,0,14,114,114
1788468542.531332,1.90171522824998,3785.17578125,7.113523115622138,0.1559366961769193,0.0,0.0,96.0,0,0,1,0,15,115,114
1788468543.5319521,1.6389836224549914,3791.17578125,6.607064015030123,0.17572758973576957,0.0,0.003903829131228846,95.0,0,0,1,0,15,116,115
1788468544.5315554,2.4309644329110696,3791.17578125,8.819095367119523,0.2050259502366051,0.0,0.02735460235078614,95.0,0,0,1,0,15,116,116
1788468545.5314944,1.4200866752119554,3793.17578125,4.682251609900507,0.11436015992187024,0.0,0.0,95.0,1,0,1,0,14,117,116
1788468546.5314136,2.280184293383669,3795.17578125,7.188896426174277,0.21793601043404034,0.0,0.0,97.0,0,1,1,0,14,118,117
1788468547.5320241,2.1187063391363656,3805.1796875,7.635351625558601,0.20505019818364423,0.0,0.0,96.0,0,0,1,0,15,118,118
1788468548.531623,2.050822910060272,3797.17578125,10.194111034601029,0.20710576987521648,0.0,0.0,96.0,0,0,1,0,15,119,119
1788468549.532367,2.2783047034788915,3855.1796875,8.63051418429156,0.2153539372353288,0.0,0.031226764027945705,97.0,0,1,1,0,14,120,119
1788468550.5320342,2.340779086972492,3878.1796875,10.293303835905773,0.21782686383769928,0.0,5.849603187095925,98.0,2,0,1,0,13,121,120
1788468551.531632,1.7106880595105889,3916.18359375,5.922094004770767,0.1511056220971293,0.0,0.0,98.0,0,1,1,0,14,121,121
1788468552.531509,1.8502276223785319,3912.18359375,8.443338576008134,0.20111650851211363,0.0,0.0,98.0,0,1,1,0,14,122,122
1788468553.5320823,1.998853863825202,3904.1796875,7.812357730783812,0.20082593289170156,0.0,0.0039040114527835977,98.0,0,1,0,0,15,123,122
1788468554.531661,2.1809187897447933,3906.49609375,8.838333448220016,0.1435150125091323,0.0,0.015631585362275872,98.0,1,0,1,0,14,123,123
1788468555.5315173,0.9901423492042084,3906.49609375,0.0073758238844400205,0.007109710491997403,0.0,0.10157710337479949,98.0,1,0,1,0,14,123,123
1788468556.53151,1.6600118733300184,3906.49609375,8.135602013602353,0.19071810759144492,0.0,0.0,98.0,0,1,1,0,14,124,123
1788468557.5315104,2.339999442100576,3906.49609375,7.151330196540309,0.21794981528524987,0.0,0.0,97.0,0,0,1,0,15,125,124
1788468558.5321038,2.1087486182903312,3906.49609375,10.719635683723261,0.19089528599575914,0.0,0.0,97.0,2,0,1,0,13,126,125
1788468559.5318484,1.9304929442268801,3906.49609375,6.689909194170703,0.19300620785918646,0.0,0.003907247701236731,97.0,1,0,2,0,13,126,126
1788468560.5315208,1.9206291733943341,3934.5,6.608452800309092,0.16970090127905785,0.0,0.0,97.0,1,1,1,0,13,127,126
1788468561.5315053,2.0800322346913696,3948.50390625,8.996056734010628,0.1883955587652492,0.0,0.0,98.0,0,0,1,0,15,128,127
1788468562.5320816,2.1887387224457338,3948.50390625,7.907214227488556,0.16732110616836335,0.0,0.0,96.0,0,0,1,0,15,128,128
1788468563.5315056,1.4308241823255456,3948.5078125,5.176541930509594,0.15655284683178558,0.0,0.0,96.0,1,0,1,0,14,129,128
1788468564.5322158,2.1384811460174276,3948.51953125,7.163190092257301,0.21873483393900292,0.0,0.0,98.0,1,0,0,0,15,130,129
1788468565.5318282,1.710663170412837,3948.5234375,9.362779588606614,0.137574123269185,0.0,0.003907764917792399,98.0,0,0,1,0,15,130,130
1788468566.5324144,2.018816425897751,3968.5234375,7.534183845978436,0.19795161175410667,0.0,0.0,96.0,0,0,3,0,13,131,131
1788468567.5315075,2.121924467247236,3975.359375,7.688556496838086,0.1745147357117289,0.0,0.011729387901205106,96.0,2,0,1,0,13,132,131
1788468568.532249,1.2990367878888784,3975.359375,1.6716730825217623,0.053683529906747345,0.0,0.0,96.0,1,0,1,0,14,132,131
1788468569.5318506,2.480988419449085,4038.36328125,8.934748164220432,0.22767649827685849,0.0,0.0,96.0,0,0,1,0,15,133,132
1788468570.5316143,2.030479747159319,4044.37109375,7.626848747040825,0.2009876200512578,0.0,0.003907173158788767,96.0,0,0,1,0,15,134,133
1788468571.5315003,2.3202644268025745,4066.37109375,8.795313873298511,0.20256634395418407,0.0,0.0,98.0,0,1,1,0,14,134,134
1788468572.5315042,1.989992408781636,4066.37109375,5.791081271815217,0.16318449712945127,0.0,0.0,98.0,0,0,1,0,15,135,134
1788468573.5315049,2.199998426438549,4066.37109375,8.66437673732514,0.20459923415238798,0.0,0.0,97.0,0,0,0,0,16,136,135
1788468574.532065,1.9489085230537853,4070.37109375,7.569239582114604,0.15896286874325802,0.0,0.0,97.0,0,0,2,0,14,137,136
1788468575.5316873,2.090789597206732,4090.375,7.69366711824305,0.1661336793298861,0.0,0.03126180617832815,98.0,0,0,1,0,15,137,136
1788468576.532285,1.5990442266758305,4070.37109375,4.213311488175188,0.13728233175141794,0.0,0.0,97.0,1,0,1,0,14,138,137
1788468577.531915,1.6706181715494512,4070.5,6.251763042507641,0.18564036222509703,0.0,0.0,98.0,2,0,1,0,13,138,138
1788468578.532486,2.168761610017624,4090.50390625,7.768168267488329,0.18677632110380088,0.0,0.0,98.0,0,1,1,0,14,139,138
1788468579.532095,1.7606884405714271,4070.5,7.293361929312724,0.1786243781996363,0.0,0.0,97.0,1,0,1,0,14,140,139
1788468580.5317268,2.5809500949254653,4060.49609375,10.313836231980844,0.23756570850704548,0.0,0.027353819441131855,98.0,1,0,1,0,14,140,140
1788468581.5322864,1.609099598703951,4060.49609375,7.57969247383211,0.17720510950279164,0.0,5.56329320689283,97.0,0,0,1,0,15,141,140
1788468582.5318687,1.7607354756720874,4060.49609375,6.31679607074641,0.14730407637162282,0.0,0.0,96.0,0,0,1,0,15,142,141
1788468583.5324905,2.0187447532852545,4061.03125,7.848490509212487,0.1881507165268178,0.0,0.0,97.0,1,0,1,0,14,142,142
1788468584.5320628,2.0508772072101826,4063.03125,10.120800188908316,0.19041194892796917,0.0,0.0,98.0,0,1,1,0,14,143,142
1788468585.5316591,2.060831839634006,4063.03125,8.251598824694206,0.17428184966361057,0.0,0.08597220204784083,97.0,0,1,1,0,14,144,143
1788468586.5322442,1.968848067961058,4063.03125,7.701869871934479,0.2048810057668324,0.0,0.07417535154516891,98.0,0,0,2,0,14,144,144
1788468587.5315056,2.0615226834471443,4091.03515625,8.248212089789908,0.15727406383747303,0.0,0.0,98.0,0,0,2,0,14,145,145
1788468588.5315068,2.219997353556954,4097.04296875,6.951427756038003,0.2360503243800111,0.0,0.0,97.0,0,0,1,0,15,146,145
1788468589.5315125,1.6999902725774516,4097.4921875,7.342346139834557,0.1513911167653078,0.0,0.0,97.0,0,2,0,0,14,146,146
1788468590.5315113,1.840002193453688,4097.68359375,5.874723761944487,0.14034097235318702,0.0,0.015625018626473697,95.0,0,0,0,0,16,147,146
1788468591.5321047,2.0587782718851684,4097.6953125,9.68847784486869,0.2097372922610193,0.0,0.0039039333128891513,94.0,1,0,1,0,14,148,147
1788468592.531439,2.1013988269625896,4097.6953125,7.616733054802181,0.20350556076184442,0.0,0.0,97.0,2,0,0,0,14,149,148
1788468593.5320485,1.9488123978405627,4137.69921875,6.891590379474178,0.1729207073859981,0.0,0.0,98.0,0,0,2,0,14,149,149
1788468594.5310972,2.262151962836189,4097.69921875,6.918451457337087,0.1871306064414266,0.0,0.0,98.0,1,0,3,0,12,150,150
1788468595.5316927,2.0987500482509347,4097.69921875,8.535851822411445,0.17436705377094272,0.0,0.0,98.0,0,1,2,0,13,151,150
1788468596.5315018,2.0303877498120033,4097.69921875,7.71875637146319,0.22494129609541236,0.0,0.003906996131873519,98.0,0,0,1,0,15,152,151
1788468597.531502,2.3199994468689646,4137.69921875,7.759206829260152,0.1826343100942826,0.0,0.0,98.0,1,0,2,0,13,152,152
1788468598.5315037,2.1399964284957456,4119.55859375,7.251138029583405,0.20607913910055786,0.0,0.0,98.0,0,0,1,0,15,153,152
1788468599.532082,1.469150238399697,4127.6953125,5.796185125085483,0.15394366566350468,0.0,0.0117119757525502,98.0,0,1,0,0,15,154,153
1788468600.5315073,1.7109835198561014,4103.82421875,5.141665591178019,0.16586014957919967,0.0,0.0,98.0,1,0,1,0,14,154,154
1788468601.5320704,2.1887674072704923,4103.82421875,8.816849375194499,0.22170742203453886,0.0,0.00390405145417815,96.0,1,0,1,0,14,155,154
1788468602.5315075,2.0511546077799157,4125.703125,9.421175812743638,0.1618896058462627,0.0,0.0,95.0,1,1,2,0,12,156,155
1788468603.5315073,1.8600004434585629,4145.703125,5.212494185565516,0.17767624322801667,0.0,0.0,96.0,1,3,0,0,12,156,156
1788468604.5315123,2.029989836266833,4149.70703125,7.691924683947954,0.1704169324027108,0.0,0.0,97.0,0,0,0,0,16,157,156
1788468605.5320654,2.018883292856335,4149.70703125,7.065538394671527,0.18090922608267979,0.0,0.0,97.0,1,0,1,0,14,158,157
1788468606.5311038,2.3522617988191263,4179.70703125,8.912726647035479,0.21134766701246768,0.0,0.031280077111957676,97.0,0,1,0,0,15,159,158
1788468607.5314152,1.9293992339612756,4179.70703125,7.946337242975396,0.19238203741529838,0.0,0.0,96.0,1,0,0,0,15,159,159
1788468608.5321352,2.0185465977846655,4197.70703125,6.038143350382291,0.18093909357485866,0.0,0.0,96.0,0,1,2,0,13,160,159
1788468609.5315084,2.731712243912286,4321.7109375,12.510166460901669,0.243879594672774,0.0,0.0,96.0,2,1,1,0,12,161,160
1788468610.532116,2.1387007595215333,4299.70703125,7.140347098253644,0.17939350732406098,0.0,0.0,96.0,2,0,0,0,14,162,161
1788468611.531506,2.321415772806781,4299.70703125,8.340769693583534,0.19224638134085414,0.0,0.027360436438658257,97.0,0,0,1,0,15,162,162
1788468612.5315073,1.6699980092073106,4305.4296875,5.030565940659117,0.11592278966571132,0.0,7.121085261004852,97.0,0,0,1,0,15,163,162
1788468613.5320606,1.0893971608136674,4305.4296875,1.596212194322819,0.06654108956602031,0.0,0.003904089595806154,97.0,0,0,1,0,15,163,162
1788468614.5316434,1.7707388098042205,4305.4296875,5.782807329374887,0.13008967803396213,0.0,0.0,96.0,1,0,0,0,15,163,163
1788468615.5315168,2.3402962821305913,4307.4296875,11.011276957527267,0.22755451952215822,0.0,0.0,96.0,0,0,1,0,15,164,164
1788468616.5322702,2.0584491588255966,4367.43359375,9.261114806464093,0.19990356081672173,0.0,0.0,95.0,0,0,1,0,15,165,164
1788468617.5318685,2.1908801539083984,4487.4453125,9.991839468360945,0.21227876895086342,0.0,0.00390781990922619,98.0,0,1,1,0,14,166,165
1788468618.5315113,2.470882478226054,5123.44921875,6.646766866866724,0.20561409232862193,0.0,0.0,98.0,0,2,2,0,12,166,166
1788468619.532103,2.278651596721618,5729.57421875,5.509628558616046,0.18715083399534788,0.0,0.0,96.0,0,1,1,0,14,167,167
1788468620.5317311,2.7810343584060555,5755.01953125,11.424796744089312,0.21537208090930426,0.0,0.0,98.0,1,1,2,0,12,168,168
1788468621.5315092,3.530783719931398,6366.015625,7.808142991334184,0.1724053643689698,0.0,0.0,98.0,0,1,3,1,11,169,168
1788468622.5320768,2.9982979423044616,6812.0234375,4.213796365464646,0.12016722722815747,0.0,0.003904033779042268,98.0,0,0,4,2,10,169,169
1788468623.5319676,3.02032980705514,6642.01171875,5.969723256409511,0.13485187581995142,0.0,0.0,98.0,5,0,1,0,10,170,169
1788468624.531502,3.2415093488119178,7002.01171875,10.898212482685729,0.219279349462867,0.0,0.0,97.0,0,0,3,0,13,170,170
1788468625.5315065,3.2599852324200977,7249.0078125,8.846544245638688,0.19487960273922633,0.0,0.0,97.0,1,0,1,0,14,171,170
1788468626.5315104,2.0299922561940638,7265.01953125,4.907723778824696,0.13513322779377826,0.0,0.015624940395582598,97.0,0,0,1,0,15,172,171
1788468627.5320837,3.158189104843674,9073.01171875,7.886693120728647,0.1867244071485538,0.0,0.0,97.0,1,0,2,0,13,172,172
1788468628.531514,2.731556496626619,7290.12890625,9.450983011578959,0.22358092270022714,0.0,0.003908477130017457,97.0,0,0,2,0,14,173,173
1788468629.531507,2.000013828373199,3642.12109375,9.335239105685726,0.199241108415638,0.0,0.0,98.0,1,0,0,0,15,174,173
1788468630.5315082,2.1699974131615734,3652.125,6.155918412305817,0.15232640227508273,0.0,0.0,95.0,1,0,1,0,14,174,174
1788468631.531507,2.0500024437933035,3652.125,8.492438903378133,0.2235214990633715,0.0,0.003906254656618424,97.0,1,0,0,0,15,175,175
1788468632.5312421,2.2305908456875296,3652.125,9.822316311221543,0.20376452979865226,0.0,0.011721854920582,97.0,0,1,2,0,13,176,175
1788468633.5318356,2.0088079254802325,3652.125,3.555175582879594,0.13843427588637325,0.0,0.0039039333128891513,97.0,1,1,1,0,13,177,176
1788468634.5323892,2.3187163402218194,3652.125,13.038639135343487,0.21290341336111437,0.0,0.0,98.0,0,0,1,0,15,177,177
1788468635.5317671,1.9712261698430145,3652.125,8.195485597115248,0.19172196450361967,0.0,0.0,97.0,0,0,1,0,15,178,177
1788468636.5315025,2.300608843759628,3652.125,8.876897181480276,0.19553686283057736,0.0,0.023443704250268413,96.0,1,0,1,0,14,179,178
1788468637.53209,2.318637885153464,3537.3359375,8.694283791717817,0.2048671739776895,0.0,0.0,97.0,0,1,0,0,15,180,179
1788468638.5315094,2.2112837591058305,3537.3359375,9.944307897026363,0.25815692236565596,0.0,0.003908519087786379,98.0,0,0,1,0,15,181,180
1788468639.531504,1.1700064158792187,3537.3359375,5.44139126586893,0.12636063248981172,0.0,0.0,98.0,0,0,1,0,15,181,180
1788468640.5320814,2.5285398951468085,3537.3359375,8.261204567560522,0.20598914487150222,0.0,0.0,98.0,2,0,2,0,12,182,181
1788468641.5315042,2.4914380864162937,3537.3359375,9.25864104508642,0.21286471974527915,0.0,0.027359542239132152,97.0,2,1,0,0,13,183,182
1788468642.5315115,2.1499841095190124,3537.3359375,9.81733981668131,0.2116740794428676,0.0,0.07812442258427141,97.0,0,0,1,0,15,184,183
1788468643.5320919,2.438584862814936,3537.3359375,10.682357583437422,0.2489647912259474,0.0,6.1370635955830455,96.0,0,0,1,0,15,184,184
1788468644.5316677,1.9608316801927603,3537.33984375,7.892561165407481,0.17060745016428047,0.0,0.0039079075258943,96.0,1,0,0,0,15,185,184
1788468645.5322385,2.358653741584355,3562.34375,10.55950559225372,0.2412010585465049,0.0,0.0,96.0,1,0,1,0,14,186,185
1788468646.5317214,1.7108847496562378,3612.21484375,5.869688833971234,0.14308222421272215,0.0,0.0,96.0,2,0,1,0,13,186,186
1788468647.5315142,2.0204186019337187,3620.21484375,7.5411036536872516,0.19799329189554626,0.0,0.0,97.0,2,0,1,0,13,187,187
1788468648.5320902,2.338652890828947,3626.97265625,8.593636935511542,0.20622867382146057,0.0,0.0,97.0,1,1,0,0,14,188,188
1788468649.5306845,2.012829466470306,3626.97265625,6.923290185674366,0.17957562873530947,0.0,0.003911748807661527,97.0,0,0,2,0,14,189,188
1788468650.5315056,2.1981950321934978,3626.97265625,9.860869208918686,0.21883638560485288,0.0,0.0,97.0,0,0,1,0,15,189,189
1788468651.5321014,1.9688269570911638,3627.3515625,8.535886006562615,0.17941561707804726,0.0,0.0,97.0,1,0,0,0,15,190,189
1788468652.5317152,1.9907689107977335,3666.9765625,7.928072804914465,0.19280632644864246,0.0,0.0,98.0,0,0,1,0,15,191,190
1788468653.5315104,2.270464994771584,3630.9765625,7.729242186316978,0.2356926107293645,0.0,3.692162410619431,97.0,0,0,1,0,15,192,191
1788468654.5315366,2.0899451890062855,3630.9765625,6.222481614833443,0.15638227413889044,0.0,0.0039061475572034618,97.0,0,1,1,0,14,192,192
1788468655.532312,2.268241348060388,3630.98046875,8.961730111522039,0.2242857510417967,0.0,0.0,97.0,2,0,0,0,14,193,192
1788468656.5319219,2.460959904290097,3675.046875,10.198995007474954,0.2088302722753149,0.0,0.0,95.0,0,0,2,0,14,194,193
1788468657.531515,2.6710870803943965,3737.05078125,11.680029346965616,0.2554178233681892,0.0,0.0,96.0,1,0,1,0,14,195,194
1788468658.531511,2.5100095749268805,3677.05859375,5.464091163983017,0.2119377591619841,0.0,0.0,97.0,1,0,2,0,13,196,195
1788468659.5315135,2.029995160114356,3681.05859375,7.401224610269999,0.17673450294851553,0.0,0.0039062406867964583,97.0,0,0,1,0,15,197,196
1788468660.5321097,1.6690047976971414,3681.05859375,8.843497851341676,0.18608346110910562,0.0,0.0,97.0,0,0,1,0,15,197,197
1788468661.5317178,2.4009410732089846,3681.0625,7.75625402489112,0.21663955579512767,0.0,0.0,97.0,0,0,1,0,15,198,198
1788468662.5325205,2.5279706580148575,3721.0625,7.5776781934553705,0.20035300527363864,0.0,0.011709350256368352,97.0,1,0,1,0,14,199,198
1788468663.5321023,2.140895292840745,3725.07421875,7.78456643331624,0.2111202013094656,0.0,0.6487087810521043,97.0,0,3,0,0,13,200,199
1788468664.5317118,2.440953264581588,3728.07421875,12.005864526294248,0.21020801561583966,0.0,0.019538880511827082,96.0,0,1,0,0,15,201,200
1788468665.5323038,2.1587220509402525,3766.078125,9.990744824552687,0.22854054780478494,0.0,0.0,97.0,1,0,1,0,14,201,201
1788468666.531513,2.5720340530762162,3767.046875,8.995114515983945,0.20122897064581685,0.0,0.0,97.0,1,1,1,0,13,202,201
1788468667.5323029,1.0191949575201542,3767.046875,0.00010482137841541999,0.00010291553517150326,0.0,0.0273221687447902,97.0,1,1,1,0,13,202,201
1788468668.5320842,1.330290841269992,3767.046875,5.792165616958321,0.12151513800181095,0.0,0.0,98.0,1,0,2,0,13,202,202
1788468669.5315213,2.1512109301103157,3767.046875,7.666877149808573,0.20039776304210244,0.0,0.0039084500910436994,98.0,1,0,1,0,14,203,203
1788468670.531503,2.28004185753415,3767.046875,10.63367528748444,0.20880224174800266,0.0,0.0,98.0,0,0,0,0,16,204,203
1788468671.532084,2.1287631331074417,3767.05078125,9.331681893164243,0.22112872822030238,0.0,0.0,97.0,1,0,1,0,14,205,204
1788468672.5317016,2.0507842678941515,3767.05078125,6.942257733679967,0.1791609225558709,0.0,0.12895556562596894,96.0,2,0,1,0,13,206,205
1788468673.5323298,2.458455517223195,3825.0546875,10.363025052305979,0.22532993688971892,0.0,0.003903797505753598,96.0,1,1,1,0,13,206,206
1788468674.5315084,2.5821208301211396,3827.0546875,11.828381723174175,0.23937622334705128,0.0,5.711722584797054,97.0,0,0,1,0,15,207,207
1788468675.532092,2.4385767279075043,3827.0546875,7.699032966446433,0.21994437603175027,0.0,0.0039039714522087557,96.0,0,1,0,0,15,208,207
1788468676.531895,2.3204575296348797,3847.0546875,6.504546942787572,0.21416786118059072,0.0,0.0,97.0,0,1,1,0,14,209,208
1788468677.5324829,2.188713167507447,3897.05859375,9.737538154342506,0.18587628104470819,0.0,0.0,97.0,0,2,1,0,13,210,209
1788468678.5315068,2.132081093787771,3857.05859375,9.294932712202968,0.21827450175528196,0.0,0.0,95.0,0,0,1,0,15,210,210
1788468679.532117,1.2192561158177335,3857.05859375,3.6401702890944976,0.08260264869260683,0.0,0.0,95.0,0,0,1,0,15,211,210
1788468680.5319114,1.7603617839474022,3857.05859375,7.309083087354016,0.16824269895708585,0.0,0.003907052965082145,96.0,1,0,1,0,14,211,211
1788468681.532477,2.19875653969956,3867.0625,8.25234542766704,0.23838294879090022,0.0,0.0,97.0,1,0,1,0,14,212,212
1788468682.5320597,2.5210518648060165,3917.0625,8.732821091869061,0.18897693386894956,0.0,0.0,96.0,3,0,1,0,12,213,213
1788468683.5316484,2.0408393401769764,3917.0625,10.788406849340227,0.19377667063637918,0.0,0.0,95.0,1,0,1,0,14,214,213
1788468684.5315194,2.2302876724316745,3937.19140625,7.107596685840377,0.19076709866532754,0.0,0.0,94.0,2,0,1,0,13,214,214
1788468685.5315044,2.5200378519021496,3938.16015625,11.518235599718757,0.22685868551664057,0.0,0.003906308674203509,97.0,0,0,1,0,15,215,215
1788468686.532073,1.6190793456459467,3938.16015625,5.074850197381793,0.16549999297064902,0.0,0.0,97.0,1,0,0,0,15,216,215
1788468687.5317013,1.880699045613652,3938.16015625,6.789317261126064,0.1429736366032277,0.0,0.0,97.0,0,0,0,0,16,216,216
1788468688.532319,1.8588517082270537,3949.54296875,6.269295753169903,0.15118986774746568,0.0,0.0,98.0,2,0,2,0,12,217,216
1788468689.531506,2.121724978011742,3949.625,10.56498207780965,0.20772274364371898,0.0,0.0,97.0,1,1,0,0,14,218,217
1788468690.5320973,2.3086349547653087,3949.625,8.098836633002794,0.2064113854799294,0.0,0.0,98.0,0,0,2,0,14,219,218
1788468691.5317287,2.3108517686927614,3949.625,7.3038777816415825,0.22930109488789957,0.0,0.003907690355608408,96.0,1,0,0,0,15,219,219
1788468692.5324757,2.598059339544493,3952.0390625,10.130866049925228,0.21133086690759145,0.0,0.0,97.0,0,0,3,0,13,220,220
1788468693.5320675,1.8507554276685207,3988.04296875,9.2958723386392,0.19462804871067826,0.0,0.011723535225941375,96.0,1,2,0,0,13,221,220
1788468694.5315037,2.17122426638372,3989.23046875,9.184218568065996,0.21503557184396052,0.0,0.0,97.0,1,0,1,0,14,222,221
1788468695.531496,1.9400148011381415,3989.23828125,5.34027645322001,0.15783716459018396,0.0,0.0,97.0,1,0,1,0,14,222,222
1788468696.5315084,2.009975080799273,3989.57421875,8.64029376619438,0.22518927816332232,0.0,0.0039062015718265212,97.0,1,0,0,0,15,223,222
1788468697.5318983,2.06919339866492,3991.97265625,8.299588721380363,0.1942392394169696,0.0,0.011714183642803196,96.0,0,0,2,0,14,224,223
1788468698.5315144,2.550979203347492,3991.984375,8.490556191317564,0.24592207301558378,0.0,0.027354250035895776,97.0,1,0,1,0,14,225,224
1788468699.5321147,1.718968038196321,3995.984375,8.503215051770125,0.17428806844798278,0.0,0.0,97.0,1,0,0,0,15,225,225
1788468700.5316942,2.5210602832650193,3995.984375,7.2795231530289515,0.20621961865599375,0.0,0.0,96.0,1,1,1,0,13,226,226
1788468701.5322564,2.178775112220204,4013.984375,9.520483660585484,0.22603392887013535,0.0,0.003904055175279782,98.0,2,0,0,0,14,227,226
1788468702.5318925,2.3208443852738525,4013.984375,7.1655909280195615,0.20541416693180511,0.0,0.08206110602564695,97.0,0,0,1,0,15,228,227
1788468703.5315144,2.18082463929133,4073.65234375,6.281890649454602,0.1866407423537667,0.0,0.09769319090861822,97.0,2,0,1,0,13,228,228
1788468704.5315251,2.5199729636231805,4089.65234375,12.868800378795374,0.23416458668556192,0.0,0.0,98.0,0,0,2,0,14,229,229
1788468705.5322545,2.4981780227252206,4125.65625,7.520865838861209,0.21942157492692435,0.0,6.3274165231837225,98.0,2,0,0,0,14,230,229
1788468706.5318851,2.570949478326467,4125.65625,9.473589561040415,0.23813363766783416,0.0,0.0,98.0,0,0,2,0,14,231,230
1788468707.5316873,2.5305007542671984,4125.65625,8.79964535370912,0.1968057987243989,0.0,0.003907023150733735,97.0,0,0,1,0,15,232,231
1788468708.5322473,2.1487965767003914,4167.66015625,9.49873816110124,0.2082592961581527,0.0,0.0,96.0,0,1,1,0,14,233,232
1788468709.5320003,2.2205484791337247,4127.65625,6.5867519080583445,0.17549271832852087,0.0,0.0,94.0,0,0,1,0,15,234,233
1788468710.5315924,2.4109835226074625,4127.66015625,9.233978113306014,0.244354746573302,0.0,0.0,97.0,1,0,0,0,15,234,234
1788468711.5315013,2.4802258887981408,4128.67578125,9.733755658784307,0.22236369679741302,0.0,0.0,97.0,2,2,0,0,12,235,235
1788468712.531504,2.779992709178945,4150.9296875,12.054468965730996,0.23103558030333915,0.0,0.0039062397554785466,98.0,1,0,2,0,13,236,235
1788468713.5315151,1.669981286735721,4150.67578125,6.992843469704848,0.1702222823030309,0.0,0.0,97.0,1,0,1,0,14,237,236
1788468714.5313456,1.8003051798302336,4186.6796875,6.417278930024922,0.1685056227440288,0.0,0.0,97.0,0,0,1,0,15,237,237
1788468715.531951,2.6983665579103606,4188.6796875,10.440293334775687,0.22542849470423362,0.0,0.0,97.0,0,0,2,0,14,238,238
1788468716.531545,2.3809667364005076,4188.6796875,8.559197500549182,0.2055039341926408,0.0,0.0,97.0,1,0,0,0,15,239,238
1788468717.5315163,2.440069810957323,4188.6796875,9.880678577763875,0.24622763331317843,0.0,0.003906361761906487,98.0,2,0,1,0,13,240,240
1788468718.5315092,2.090014948951751,4220.5546875,8.619902276293823,0.22146860219432493,0.0,0.0,97.0,2,0,4,0,10,241,240
1788468719.5321057,2.778342653913449,4283.55859375,11.619360056195116,0.20836988891075736,0.0,0.0,97.0,0,1,1,0,14,241,241
1788468720.5317283,1.1404304173827606,4283.55859375,1.451193151177958,0.0166383596714401,0.0,0.0,97.0,0,1,1,0,14,241,241
1788468721.5321603,1.7192572559958101,4283.55859375,4.726080022573256,0.15201772305627395,0.0,0.0,98.0,0,0,1,0,15,242,241
1788468722.5315168,1.49095942007918,4283.55859375,7.559073910828907,0.174672947474774,0.0,0.0,96.0,1,0,0,0,15,243,242
1788468723.5321035,2.4885398539112957,4283.55859375,7.028335396430346,0.2235026264277366,0.0,0.019519796795865386,96.0,1,0,0,0,15,244,243
1788468724.531515,2.2413193649082177,4284.55859375,6.3025438739835895,0.19737418099710508,0.0,0.0,97.0,1,0,1,0,14,244,244
1788468725.5314415,2.030149079779734,4344.5625,11.856389944101043,0.20269928726684527,0.0,0.0,96.0,0,0,2,0,14,245,245
1788468726.532051,1.8688606746803247,4398.56640625,5.926830552643988,0.16816091836255717,0.0,0.0,95.0,0,1,0,0,15,246,245
1788468727.5315075,1.8209898798288686,4968.56640625,3.682483688070488,0.18409913683700285,0.0,0.0,95.0,1,1,1,0,13,247,246
1788468728.5315146,2.339983263135604,5586.56640625,7.3577631156698535,0.20129059822131476,0.0,0.0039062220605226004,96.0,0,1,3,0,12,247,247
1788468729.5315144,2.010000479221449,5451.79296875,3.4148767983619686,0.14549640309724882,0.0,0.027343756519259577,95.0,1,0,2,0,13,248,247
1788468730.532116,3.3479860856784467,6263.7890625,5.765387041209943,0.1602296210923157,0.0,0.01171170505717772,95.0,0,0,4,1,11,249,248
1788468731.5317523,3.1211348082025063,6615.7890625,4.734997957202133,0.13789708448740085,0.0,0.0,95.0,0,0,3,2,11,249,249
1788468732.532504,3.0077389810068245,6484.78125,6.733320674875287,0.14950385435753125,0.0,0.0897762621511072,97.0,2,0,1,0,13,250,249
1788468733.5315104,2.2822679550255485,6844.78125,4.222720217195814,0.07968428709712524,0.0,0.003910135613736643,96.0,1,0,2,0,13,250,249
1788468734.5315003,2.970029740631622,7206.78125,6.4287371652033185,0.20775621551538745,0.0,0.02734402381157877,97.0,1,0,1,0,14,251,250
1788468735.5320747,2.588513286469591,9038.77734375,9.765457871434144,0.17633228672058346,0.0,0.0,96.0,0,0,2,0,14,252,251
1788468736.5315182,3.451920886838453,9086.78125,7.464343494824629,0.21727254727490894,0.0,0.0,97.0,2,0,1,0,13,252,252
1788468737.532094,1.3492231431267183,3614.76953125,4.80052345653831,0.1410168276694246,0.0,5.96921928773406,97.0,1,0,0,1,14,253,252
1788468738.531694,2.3809525390529718,3614.76953125,8.537184094169143,0.21904457969778368,0.0,0.0,93.0,1,0,3,0,12,254,253
1788468739.5324128,2.198419705531351,3614.76953125,8.965481060648475,0.21407284030591908,0.0,0.0039034440794230795,98.0,2,0,0,0,14,254,254
1788468740.5321896,2.45054686352359,3674.7734375,13.559805864879973,0.2505212993469688,0.0,0.0,98.0,1,0,1,0,14,255,254
1788468741.5318425,1.5805486676358635,3614.76953125,2.322701896181307,0.11762601458483589,0.0,0.0,96.0,2,0,0,0,14,256,255
1788468742.5315032,1.8906414372359879,3614.76953125,8.629700675979118,0.19226875267864746,0.0,0.0,96.0,0,0,2,0,14,256,256
1788468743.5320957,2.408572992352092,3656.640625,9.687217537026521,0.21104420546279548,0.0,0.0,96.0,3,0,0,0,13,257,257
1788468744.5317464,1.7806219413623765,3656.640625,8.899091999478157,0.18629095941914298,0.0,0.003907614864296006,96.0,0,0,0,0,16,258,257
1788468745.531515,1.280296394300163,3656.640625,1.8437581751795051,0.1088203584117932,0.0,0.0,97.0,0,0,0,0,16,259,258
1788468746.532125,2.2586219850397695,3656.640625,7.019421887252455,0.21778170981516431,0.0,0.0,96.0,0,0,2,0,14,259,259
1788468747.5319438,1.8303316526545792,3656.640625,7.753309372692883,0.18644850274612595,0.0,0.0,96.0,0,0,2,0,14,260,259
1788468748.531538,2.0608362634945485,3656.640625,4.174844165985705,0.17188085108006912,0.0,0.0,96.0,0,1,1,0,14,261,260
1788468749.5321343,2.688396949584549,3656.6796875,11.702647132759326,0.2544468947211033,0.0,0.0039039221503024326,97.0,0,1,0,0,15,262,261
1788468750.5315125,1.7010577102917857,3676.68359375,5.055500208030353,0.20149743683702254,0.0,0.0,96.0,1,0,1,0,14,263,262
1788468751.5323024,2.208255741293251,3716.68359375,9.533893158904206,0.20935497450100854,0.0,0.0,97.0,1,1,1,0,13,263,263
1788468752.5319502,2.200774990239328,3716.68359375,10.547315212385342,0.22448338555347025,0.0,0.0,98.0,0,0,2,0,14,264,264
1788468753.5317364,2.090447066072923,3686.75,9.983794084380552,0.18003022363438606,0.0,0.0,98.0,0,2,0,0,14,265,265
1788468754.5323315,1.8189175752953997,3646.74609375,7.926728936332443,0.1854498665650019,0.0,0.0,98.0,2,0,1,0,13,266,265
1788468755.5319667,2.260824704598903,3668.6171875,10.753211119893416,0.22595255551575164,0.0,0.003907675443513054,96.0,1,0,2,0,13,267,266
1788468756.5317698,2.4304786432649035,3703.80078125,8.748906754727221,0.21494711549696935,0.0,0.0,94.0,0,0,1,0,15,268,267
1788468757.5315113,1.7304472267136177,3703.80078125,8.810765950749067,0.17226475119359347,0.0,0.0,94.0,0,0,0,0,16,268,268
1788468758.532116,1.768930452435624,3723.8046875,6.698383545715347,0.18686726203524556,0.0,0.0,95.0,0,0,2,0,14,269,268
1788468759.5315044,1.8211136905231295,3706.80078125,6.868484893739806,0.16573837254657314,0.0,0.03908640304179244,97.0,1,0,2,0,13,269,269
1788468760.5320654,1.8089851612842724,3720.8046875,8.60598995819768,0.18852910781128884,0.0,0.0039040598266667967,98.0,1,0,0,0,15,270,269
1788468761.5316458,1.2905415327781526,3720.84375,4.871327766625705,0.1841640779440836,0.0,3.3099826740041367,97.0,0,0,0,0,16,271,270
1788468762.5315073,2.410333882328277,3720.84375,12.329249213646204,0.21106973445790292,0.0,0.10548336168125554,97.0,1,0,2,0,13,272,271
1788468763.5321188,2.2985943092340415,3720.84375,6.7260426760997305,0.18265235345682698,0.0,0.0,97.0,3,0,0,0,13,273,272
1788468764.5317025,1.6306788170848212,3720.84375,4.936550907584343,0.1541569609770455,0.0,0.02735513736482596,96.0,1,0,2,0,13,273,272
1788468765.531504,2.220440985522522,3722.84375,8.325567054118176,0.18207542153027886,0.0,0.0,96.0,0,0,1,0,15,274,273
1788468766.5320797,1.709015981293995,3722.84375,9.894331262112141,0.21283674222648694,0.0,0.050752027953265395,96.0,1,0,1,0,14,275,274
1788468767.531883,1.690332480501328,3723.0,6.677001124841689,0.1536156494404765,0.0,0.0,96.0,1,0,1,0,14,275,275
1788468768.5324938,2.2686142659784525,3723.0,6.5051302567201335,0.2115616748306951,0.0,0.0,96.0,1,0,0,0,15,276,275
1788468769.5320752,2.0908753722079405,3723.0,9.935067648599372,0.21597272112328827,0.0,5.986881485912624,95.0,2,0,1,0,13,277,276
1788468770.531509,2.0311501268270256,3723.0,9.00864494603797,0.20541950972929168,0.0,0.0,97.0,0,0,1,0,15,278,277
1788468771.5321066,1.7889307285936507,3723.0,9.20544480082615,0.2055169985019578,0.0,0.6402423173214138,97.0,0,0,0,0,16,279,278
1788468772.5319223,1.6903115202916656,3723.00390625,4.380559485550482,0.15623015544656757,0.0,0.0,96.0,1,0,2,0,13,279,278
1788468773.531533,2.1508374017420944,3753.00390625,9.462301239472403,0.19616802749369078,0.0,0.0,96.0,2,0,1,0,13,280,279
1788468774.5321143,1.738989187326977,3753.00390625,5.328141687051527,0.16353352195584098,0.0,0.0,97.0,0,1,1,0,14,281,280
1788468775.53192,1.5202954103372928,3753.00390625,3.6109215977435496,0.06950966128681868,0.0,0.0,96.0,1,1,1,0,13,281,280
1788468776.5315526,0.9103344596392268,3753.00390625,0.10989889006366446,0.02084067236807804,0.0,0.0,96.0,0,0,2,0,14,281,281
1788468777.5315003,1.4800772802649627,3753.00390625,5.458321421716536,0.1674329442536334,0.0,0.003906453970293878,94.0,1,0,1,0,14,282,281
1788468778.531521,1.8299620421652858,3753.00390625,6.306425891148441,0.1768018289186678,0.0,0.0,92.0,1,0,1,0,14,282,282
1788468779.5321229,1.7789294962766846,3753.00390625,8.19726707885098,0.21741181673397147,0.0,0.0,93.0,0,0,1,0,15,283,283
1788468780.531506,1.6310059863295885,3789.0078125,5.305010810605773,0.16099560156375062,0.0,0.0,92.0,1,0,1,0,14,284,283
1788468781.5315082,1.669996416576518,3790.01953125,5.0740676721074465,0.18359240237912622,0.0,0.0,91.0,1,0,1,0,14,285,284
1788468782.5320864,1.8489310127005147,3790.0234375,8.412214369810393,0.19374231693302094,0.0,0.003903992847763103,93.0,0,1,0,0,15,285,285
1788468783.531713,2.350877731926148,3795.01953125,10.64397346077909,0.2239462613690624,0.0,0.0,94.0,0,0,1,0,15,286,286
1788468784.5316026,2.2602495039749866,3834.0234375,6.853710476863572,0.20041293887870332,0.0,0.0,96.0,1,1,1,0,13,287,286
1788468785.5323699,1.9784820472650475,3836.0234375,5.680809773004167,0.1952809300344346,0.0,0.0,97.0,0,1,0,0,15,288,287
1788468786.5320113,1.5705631749667732,3836.0234375,6.6018288494562105,0.1552404121350887,0.0,0.0,97.0,0,0,0,0,16,288,288
1788468787.5316162,1.7006718667226783,3838.0234375,6.651281636636712,0.15318246444310718,0.0,0.0,98.0,0,0,1,0,15,289,288
1788468788.5321944,1.679029243966019,3843.02734375,4.663186019397488,0.11176323274626501,0.0,0.003903992847763103,98.0,0,0,2,0,14,289,289
1788468789.5318284,1.550567465080907,3917.02734375,7.783614122313917,0.16455378295346107,0.0,0.0,98.0,2,0,1,0,13,290,289
1788468790.5315347,1.870549439647004,3918.03125,8.77688434636944,0.18954694791789886,0.0,0.0390739772653558,98.0,0,0,1,0,15,291,290
1788468791.5321178,2.498542920116757,3918.03125,8.330467147197236,0.21268076487758383,0.0,0.0,98.0,0,0,1,0,15,292,291
1788468792.5319211,2.0003934680488444,3923.02734375,6.316585345962148,0.14669633495243448,0.0,0.08986142532250668,98.0,1,0,1,0,14,292,292
1788468793.5315046,2.421008391776261,3923.03125,13.062513401725964,0.22852402483734865,0.0,0.003907877698502369,98.0,0,0,1,0,15,293,292
1788468794.5315087,1.7399929476070235,3931.02734375,10.066700188183022,0.19747844764384986,0.6562473401535076,0.019531170837902012,98.0,0,0,2,0,14,294,293
1788468795.5321126,2.36856958704865,3983.03515625,6.5785390283206135,0.18376696545517493,0.0,0.02732724668601616,96.0,1,0,1,0,14,295,294
1788468796.5318782,1.8304289893379722,4009.140625,7.573342465315677,0.1620786960979138,0.0,0.0,96.0,1,0,0,0,15,295,295
1788468797.5316293,1.9304805139677166,4009.140625,8.77586317089806,0.15012663178529354,0.0,0.0,94.0,1,0,1,0,14,296,295
1788468798.532206,1.7789740042409008,4019.140625,8.283877682658588,0.19016265786424313,0.0,0.0,93.0,0,0,1,0,15,297,296
1788468799.531162,1.4415049815925762,4033.06640625,4.943467007165999,0.17307612904765599,0.0,0.0,94.0,0,1,1,0,14,297,296
1788468800.5317957,2.3984800434219755,4072.15625,11.072633014070654,0.19221903843780336,0.0,0.003903776112340307,95.0,0,1,0,0,15,298,297
1788468801.5324068,2.1686747947931995,4085.1640625,9.033587197306943,0.21186375455786424,0.0,5.961201057836715,95.0,1,1,0,0,14,299,298
1788468802.5319965,2.0208291833459047,4098.1640625,7.355032446584838,0.1819059992372244,0.0,0.0,97.0,0,0,2,0,14,300,299
1788468803.5315106,1.8208847625605546,4116.16015625,7.695792204025222,0.18586511447508341,0.0,0.0,96.0,1,0,2,0,13,300,300
1788468804.5321183,2.3385787779559135,4078.203125,9.09780447397133,0.1981275017256978,0.0,0.0,97.0,1,0,1,0,14,301,300
1788468805.5319452,1.9903445124902979,4078.26953125,10.675021664077788,0.18812479462645026,0.0,0.003906926257243815,97.0,1,1,1,0,13,302,301
1788468806.5317607,1.9303562201771094,4078.203125,7.031383106833622,0.2029450129127489,0.0,0.0,96.0,0,0,2,0,14,303,302
1788468807.5323315,2.0988020581894666,4118.20703125,5.999896108797917,0.17596500868063417,0.0,0.0,97.0,2,0,1,0,13,303,303
1788468808.5319512,1.6206162841257277,4088.83203125,6.104555312567602,0.1374901048462939,0.0,0.0,97.0,1,0,1,0,14,304,303
1788468809.5310462,1.8917120692764375,4143.20703125,9.89780618483487,0.21537818326560884,0.0,0.0,98.0,1,0,1,0,14,305,304
1788468810.531508,1.8991229531383877,4143.20703125,8.115965694058087,0.160856347383289,0.0,0.0,98.0,0,0,1,0,15,305,305
1788468811.5312228,1.760502004718437,4143.20703125,5.4688112016194195,0.17301724639575228,0.0,0.003907364179505989,97.0,0,0,1,0,15,306,306
1788468812.5318427,2.0487300162214357,4089.203125,8.710489446506282,0.19421935788857692,0.0,0.0,97.0,1,0,2,0,13,307,306
1788468813.5324526,2.2186469033290015,4095.203125,7.016186855798451,0.22647873577925604,0.0,0.0,95.0,1,0,2,0,13,308,307
1788468814.5320885,1.9807211115687946,4095.203125,9.765720428250775,0.1971237678512356,0.0,0.0,96.0,1,0,0,0,15,309,308
1788468815.5318832,2.240459918019641,4115.3359375,8.996277283368345,0.19298223440738316,0.0,0.0,97.0,1,0,3,0,12,309,309
1788468816.532472,2.068782200037918,4095.203125,7.2502477498783,0.20654059678710285,0.0,0.0039039519173422054,95.0,0,1,1,0,14,310,309
1788468817.5320678,1.560630681277403,4095.203125,4.054564592119132,0.17355780135948762,0.0,0.0,94.0,0,0,0,0,16,311,310
1788468818.5317004,2.360867389833514,4095.203125,8.564671077282451,0.2243427544080121,0.0,0.0,96.0,0,0,1,0,15,312,311
1788468819.5314975,1.9203896359394874,4095.203125,6.154791290137268,0.1851295340617863,0.0,0.0,97.0,1,0,1,0,14,312,312
1788468820.5321128,1.579028331727365,4095.203125,6.5059347587556005,0.14649722353602732,0.0,0.0,98.0,3,0,0,0,13,313,313
1788468821.5315104,1.8811333522750624,4095.203125,5.1180003134708745,0.19530619114518735,0.0,0.039086048709175134,97.0,0,1,1,0,14,314,313
1788468822.5321271,2.1286870495325,4095.203125,5.212182065247823,0.17988935142704446,0.0,0.0,97.0,0,1,2,0,13,315,314
1788468823.5318694,1.7404485666514846,4135.20703125,5.847217760658091,0.19690820163869177,0.0,0.0937741684618252,98.0,0,0,1,0,15,315,315
1788468824.531507,2.160783059656864,4095.203125,11.567004644169602,0.205967204606772,0.0,0.08206098859373628,97.0,0,0,0,0,16,316,316
1788468825.5320683,1.7889959486810332,4095.203125,3.925328201630917,0.16763434142119754,0.0,0.0,96.0,0,0,1,0,15,317,316
1788468826.5316808,1.9107402784709704,4095.203125,8.93139875482955,0.18806686607775125,0.0,0.0312621118859803,96.0,0,0,1,0,15,318,317
1788468827.5315075,1.910331118279298,4095.203125,8.10175561340593,0.20703566430281356,0.0,0.01172078156666731,97.0,1,0,1,0,14,318,318
1788468828.5321417,2.1486373483307046,4095.203125,6.419266879582479,0.17847567908612036,55.43749815342709,0.0,97.0,2,0,1,0,13,319,319
1788468829.5317223,2.020847499550005,4095.203125,7.18415950216396,0.16572272927303106,0.36343366618605166,0.0,97.0,0,0,3,0,13,320,319
1788468830.5323262,1.6689920718865912,4095.203125,3.0609003876014245,0.08116302825199073,0.0,0.0,97.0,0,1,3,0,12,320,319
1788468831.5319617,1.1504193761886645,4095.203125,1.8315421170942872,0.06458729600324367,0.0,0.003907674511510873,96.0,0,2,2,0,12,320,320
1788468832.5315275,2.0608947585477924,4097.203125,7.7334572376322095,0.22123786786970873,0.0,6.06513323965774,94.0,0,0,2,0,14,321,320
1788468833.5315104,2.110036221172215,4117.203125,5.402720688793562,0.18353968020843864,0.0,0.0,94.0,1,0,0,0,15,322,321
1788468834.532112,1.6689960486816124,4117.1640625,5.437130479764832,0.17368645407590066,0.0,0.0039039016857259066,97.0,0,0,0,0,16,323,322
1788468835.5315127,2.0712409755161296,4117.1640625,6.242184307376012,0.17297713554898134,0.0,0.0,95.0,0,0,0,0,16,323,323
1788468836.5320919,0.9694385799621072,4117.1640625,2.9339193129512884,0.1159949894358302,0.0,0.003903989126780284,96.0,0,0,0,0,16,324,323
1788468837.5315099,2.1012228691633337,4117.1640625,7.081263867640713,0.19821449317403741,0.0,0.0,96.0,1,0,2,0,13,325,324
1788468838.532128,1.8488570007792944,4117.1640625,6.298875574025286,0.1769107033124711,0.0,0.0,97.0,1,0,1,0,14,325,325
1788468839.5315144,1.8811544445850419,4155.16796875,8.062189120005344,0.22952909657826243,0.0,0.0,97.0,0,1,1,0,14,326,326
1788468840.5320954,2.2087166780128085,4821.16796875,10.325041264161882,0.17204397412182454,0.0,0.0,96.0,0,1,1,0,14,327,326
1788468841.5317032,2.6610436574973995,5539.16796875,7.248994969540809,0.21192183766912598,0.0,0.0,96.0,2,1,1,0,12,328,327
1788468842.532312,2.1686799621717645,5768.40625,7.942537951614744,0.20230377160813437,0.0,0.0039038737798309546,98.0,0,0,2,0,14,328,328
1788468843.5315,1.9816087001858256,6026.40234375,3.567491366410882,0.11788496931088055,0.0,0.0,98.0,0,1,1,1,13,329,328
1788468844.5315003,2.379999432564026,6065.36328125,7.694756580649237,0.16097064948781742,0.0,0.0,97.0,0,1,3,0,12,329,329
1788468845.5315163,2.2099646979249457,6058.4140625,3.641470914232432,0.11771395520329508,0.0,0.0,98.0,0,0,4,2,10,330,330
1788468846.5315144,2.7500052452185173,6026.4140625,4.996962541508754,0.17021879237898327,0.0,0.0,97.0,1,0,2,0,13,331,330
1788468847.531503,3.320037994819518,6386.4140625,6.20675895796537,0.17917552004455617,0.0,0.003906294703995178,97.0,0,0,2,0,14,332,331
1788468848.5315142,2.8399681762448137,6688.41015625,6.469967821004966,0.18005360066432208,0.0,0.0,94.0,1,0,1,0,14,332,332
1788468849.5321286,2.6683605467966105,7050.41015625,3.9426383545304238,0.17023975661926083,0.0,0.0,95.0,2,0,1,0,13,333,332
1788468850.531529,3.18190794431669,7466.28125,5.3119257672559375,0.17489429930752717,0.0,0.0,95.0,0,0,5,0,11,334,333
1788468851.5324512,2.9672635804347864,9260.28125,4.133512395394948,0.13365626753739485,0.0,0.02731855674326826,97.0,1,0,3,0,12,334,334
1788468852.531503,2.762619490077973,9260.28125,6.005780455797364,0.1873371696290051,0.0,0.0039099573851873615,96.0,0,0,1,0,15,335,334
1788468853.531501,2.0300038719250826,3789.375,5.416842302021602,0.2091411764930277,0.0,0.17578158527676635,94.0,0,0,1,1,14,336,335
1788468854.5320728,2.05882291380226,3733.37109375,6.508746153527222,0.19655720134524682,0.0,0.003904017964582665,94.0,0,0,1,0,15,337,336
1788468855.531519,2.14118588800843,3733.37109375,7.434666330787282,0.19972895869518492,0.0,0.0,94.0,1,0,1,0,14,338,337
1788468856.5322664,2.418192540737413,3733.37109375,8.541885659327033,0.23682250057713763,0.0,0.04293665732843289,93.0,0,0,1,0,15,339,338
1788468857.5318959,2.22082282034467,3733.37109375,8.897694353348042,0.2198938644088009,0.0,0.0,95.0,1,0,2,0,13,339,339
1788468858.5324986,2.6284157955332748,3793.24609375,7.057654916851568,0.22459417007876417,0.0,0.0039038970347157094,96.0,0,0,1,0,15,340,340
1788468859.5315084,1.981962444790194,3793.24609375,4.405801127453402,0.20321558817331403,0.0,0.050831581009849046,95.0,1,0,1,0,14,341,341
1788468860.531512,1.909993169332219,3793.24609375,5.902769913304162,0.18789414920515107,0.0,0.0,97.0,2,0,0,0,14,342,341
1788468861.5315177,2.119987869332226,3793.24609375,9.129435752282607,0.20441605902065837,0.0,0.0,97.0,0,0,1,0,15,343,342
1788468862.5315146,2.0200062608912743,3793.24609375,6.603513204019464,0.1768708942703308,0.0,0.0,98.0,2,0,1,0,13,343,343
1788468863.5323644,2.048259545083316,3793.24609375,8.027034675697282,0.2101733546647965,0.0,0.003902933584381405,98.0,0,0,2,0,14,344,344
1788468864.531508,2.2219028365585882,3793.24609375,8.124277688373718,0.20599172646557434,0.0,6.2983626648645865,97.0,2,0,0,0,14,345,344
1788468865.5321112,2.0687521307728,3811.25,7.2636544595283015,0.19702852197632786,0.0,0.0,96.0,0,2,2,0,12,346,345
1788468866.531248,2.4821422755808062,3791.375,8.144181713534115,0.21799496215892203,0.0,0.0,97.0,1,0,1,0,14,347,346
1788468867.5318773,1.4490882530449514,3831.37890625,5.023321975066137,0.1393871682317344,0.0,0.0,97.0,1,0,1,0,14,347,347
1788468868.5316796,2.160427006241922,3791.375,6.995955383065358,0.2227679907475304,0.0,0.003907022219042679,98.0,0,0,1,0,15,348,348
1788468869.5322702,2.2286838221963525,3791.375,7.3016876506065005,0.20454152837615305,0.0,0.0,98.0,1,0,0,0,15,349,348
1788468870.5315094,1.8714237673857856,3791.375,7.337281528796766,0.1886410602625126,0.0,0.0,98.0,0,0,2,0,14,350,349
1788468871.5315082,2.200002622607542,3791.375,6.581435419840121,0.1810943854980296,0.0,0.0,97.0,1,1,1,0,13,351,350
1788468872.5320866,2.05880917762157,3791.375,7.778329318302583,0.1939948483700405,0.0,0.0,96.0,1,0,1,0,14,351,351
1788468873.5317142,1.9107115677519364,3791.375,7.103672966283162,0.19189446906105836,0.0,0.0,95.0,0,0,0,0,16,352,352
1788468874.5322962,2.0488076354412312,3851.25,4.912054461255091,0.19197258827972633,0.0,2.861615847519923,97.0,1,1,0,0,14,353,352
1788468875.531514,2.2617692720846345,3791.375,10.967340432157018,0.2231626979856708,0.0,0.0,98.0,0,0,1,0,15,354,353
1788468876.5321074,1.9788257176372712,3831.37890625,6.372706969345402,0.1742787885892871,0.0,0.0,97.0,0,0,1,0,15,355,354
1788468877.5315123,1.7410360779883138,3831.37890625,6.588586118448173,0.1766016000732858,0.0,0.0,97.0,0,0,1,0,15,355,355
1788468878.5315037,2.1000180245991955,3831.37890625,6.369224856399257,0.205844738581321,0.0,0.0,96.0,1,0,1,0,14,356,356
1788468879.5320704,1.669054112047188,3831.37890625,6.912596883108342,0.18583733192968444,0.0,0.0039040375001102062,97.0,0,0,0,0,16,357,356
1788468880.5318983,1.8003099021315818,3831.37890625,5.396559790651525,0.16238146768085135,0.0,0.0,95.0,0,0,2,0,14,357,357
1788468881.5324879,1.9988214765759533,3851.37890625,7.514088072823502,0.1810036606662684,0.0,0.0,97.0,2,0,2,0,12,358,357
1788468882.5320718,2.080865724250916,3856.3828125,7.71939810507139,0.2075391187100766,0.0,0.027355130840138447,98.0,1,0,1,0,14,359,358
1788468883.531688,2.090802562743586,3932.265625,4.08002968974125,0.1255736764953512,0.0,0.10550925013845514,98.0,0,1,0,0,15,360,359
1788468884.532272,1.0194045397945357,3932.265625,0.00043271537955286393,0.0033130366945501215,0.0,0.003903969591736852,98.0,0,1,0,0,15,360,359
1788468885.5318716,2.0208094214983086,3915.2578125,6.371303508256404,0.19554531958983204,0.0,0.7893786802727838,97.0,0,0,1,0,15,360,360
1788468886.5315032,2.0607590944291743,3917.2578125,8.037285233899683,0.20109431522298324,0.0,0.0,97.0,0,0,0,0,16,361,361
1788468887.5320702,1.8089743850021924,3919.2578125,10.708391057506859,0.20575397421105532,0.0,0.0,98.0,0,0,1,0,15,362,361
1788468888.531517,2.311278439993991,3919.2578125,9.61221798556483,0.19487669800266413,0.0,0.0,97.0,1,1,1,0,13,363,362
1788468889.5315049,2.1200257781301084,3921.2578125,7.1041045926414075,0.1914963165073733,0.0,0.0,97.0,1,0,2,0,13,364,363
1788468890.5320792,2.2287199339101997,3921.2578125,9.742670513804494,0.21895516800886788,0.0,0.007808015463530625,96.0,1,0,1,0,14,364,363
1788468891.5316987,2.510955458858789,3922.25390625,11.220582020021428,0.24110145519315918,0.0,0.0,97.0,0,2,1,0,13,365,364
1788468892.5323043,1.878862192638196,3922.25390625,4.0986893961271855,0.13704393110632657,0.0,0.05855828808504676,97.0,0,1,0,0,15,366,365
1788468893.5315108,2.0015881742102666,3940.25390625,5.867251924134139,0.23069852941176472,0.0,0.0,97.0,1,0,1,0,14,367,366
1788468894.5321035,1.758957450813589,3940.25390625,4.212535771387179,0.1375880136961821,0.0,0.0,96.0,1,0,1,0,14,367,367
1788468895.5317316,1.9207143770285773,3940.25390625,3.5061382235595593,0.1355580021103125,0.0,6.459433726456946,97.0,1,0,0,0,15,368,367
1788468896.5323296,1.6090378696971845,3940.25390625,6.694550053707433,0.1779941536575858,0.0,0.0,98.0,1,0,0,0,15,369,368
1788468897.5315137,1.9515922423967533,3940.25390625,7.4278359543408765,0.18792321043637114,0.0,0.0,97.0,0,0,2,0,14,370,369
1788468898.5315137,2.240000000000009,3964.25,5.893917083740234,0.1945323944091797,0.0,0.0,97.0,1,0,0,0,15,370,370
1788468899.5321012,2.268667241076925,3964.25,6.457854234496641,0.19168083630069616,0.0,0.0,98.0,0,1,2,0,13,371,370
1788468900.53175,2.010706141029763,3964.25,5.552386919482326,0.1844815591184095,0.0,0.0039076223200982824,94.0,0,0,1,0,15,372,371
1788468901.5323718,1.8588441787677545,3964.25,5.585128303857694,0.18224542234862204,0.0,0.0,94.0,1,0,2,0,13,373,372
1788468902.5319848,1.700658075346107,3964.25,4.97697773811077,0.15787702427158185,0.0,0.0,93.0,2,0,0,0,14,373,373
1788468903.5315745,1.880771715193117,3964.25,5.828368812257265,0.16084976731528033,0.0,0.0,96.0,0,0,1,0,15,374,373
1788468904.5321515,2.0388236538785605,3964.25,5.549626804145329,0.2063199772012646,0.0,0.0,97.0,0,1,0,0,15,375,374
1788468905.5315046,2.351521033421575,3964.25,9.105161262155587,0.22402376567751958,0.0,0.0039087783135329755,97.0,2,0,1,0,13,376,375
1788468906.5320656,2.268727246472591,4000.2578125,8.020844210046235,0.20096376711272806,0.0,0.0,94.0,0,0,2,0,14,376,376
1788468907.5316663,1.7106831632370045,4016.2578125,6.269539231828048,0.1742601122112164,0.0,0.0,93.0,1,0,1,0,14,377,377
1788468908.5324004,2.2783275007307853,4052.26171875,8.155204326124158,0.2196177951833321,0.0,0.0,95.0,1,0,1,0,14,378,377
1788468909.5315077,1.5213580237485977,4062.265625,5.067893551219885,0.15378756061242413,0.0,0.0,94.0,1,0,1,0,14,379,378
1788468910.53209,1.9288769727787245,4112.265625,7.673566139099197,0.18243848924857498,0.0,0.0039039770336351067,95.0,0,0,2,0,14,379,379
1788468911.5315158,2.0111546278819805,4173.26953125,6.233929467715802,0.2140806928416163,0.0,0.0,95.0,1,1,0,0,14,380,379
1788468912.531506,1.8700182797310378,4173.26953125,7.017814571952212,0.17529945070206612,0.0,6.19146677258913,96.0,1,0,0,0,15,381,380
1788468913.5315087,2.229994151607611,4173.26953125,9.022384823266732,0.22584855929990952,0.0,0.027343678288349826,96.0,1,0,0,0,15,382,381
1788468914.532085,1.6390554816485219,4173.26953125,6.921361701194813,0.16051865253849373,0.0,0.0039040002897500216,96.0,0,0,1,0,15,382,382
1788468915.5317025,2.6210023326258725,4173.26953125,8.870586495575644,0.20677558613781097,0.0,0.0,96.0,1,1,2,0,12,383,383
1788468916.5315082,1.7003303931402316,4215.2734375,5.6734141904271125,0.18053892593971274,0.0,0.003907009175414553,94.0,0,0,3,0,13,384,383
1788468917.5315037,2.0700093770453574,4195.26953125,4.2344971788993835,0.1819218293463606,0.0,0.0,95.0,1,0,0,0,15,385,384
1788468918.5315099,1.9699877882761048,4195.26953125,5.159118142826149,0.18478183643156357,0.0,0.0,95.0,0,0,0,0,16,386,385
1788468919.5316446,1.8897454390114254,4195.26953125,5.118335757326391,0.22001163802731385,0.0,0.0,97.0,1,0,2,0,13,386,386
1788468920.5315082,2.0002727880560798,4195.26953125,7.43359947655215,0.19239379149645233,0.0,0.0,97.0,0,2,0,0,14,387,386
1788468921.5313427,2.1703591130313384,4195.26953125,6.6401529946752325,0.2184227908651496,0.0,0.003906896444829157,98.0,0,0,1,0,15,388,387
1788468922.5315034,2.309628856218023,4195.26953125,6.878954788320701,0.2067176514394116,0.0,0.0,98.0,0,2,1,0,13,389,388
1788468923.5315053,2.169995861061434,4217.26953125,5.0444773779346885,0.18810999277116247,0.0,0.023437455296601684,96.0,0,0,3,0,13,390,389
1788468924.5315032,2.2200047636134594,4217.26953125,10.076957390932206,0.19654411528039872,0.0,0.0,95.0,2,0,0,0,14,390,390
1788468925.5320187,2.1588871779252803,4217.26953125,6.93792348132929,0.1799666671909173,0.0,0.015616950071798509,95.0,0,0,2,0,14,391,391
1788468926.5316803,2.460832538932288,4217.26953125,9.254872480404304,0.24290196368371658,0.0,5.7949292670798265,95.0,1,0,0,0,15,392,392
1788468927.531827,2.18967893301379,4217.26953125,8.132842612694072,0.22688018529082446,0.0,0.0,97.0,1,0,1,0,14,393,392
1788468928.5324154,2.0487944544046623,4217.26953125,7.402841040685556,0.20495657138391124,0.0,0.011711858542708538,96.0,2,0,1,0,13,394,393
1788468929.5320232,2.1708514048004743,4217.26953125,6.484149557595789,0.18047353719918552,0.0,0.0,97.0,0,0,3,0,13,395,394
1788468930.531639,2.350902963799071,4217.26953125,7.10130219407908,0.20682649552447555,0.0,0.0,96.0,0,0,0,0,16,396,395
1788468931.5322344,1.9088635939612917,4217.26953125,6.062954140546574,0.1968966362712933,0.0,0.003903925871157579,97.0,0,0,1,0,15,396,396
1788468932.53187,1.7606418279063298,4239.22265625,6.331481178932807,0.17058487517217116,0.0,0.0,95.0,0,0,1,0,15,397,396
1788468933.5315025,2.2308196098849558,4221.21875,5.413146414428862,0.2062315470728968,0.0,0.007815371391132768,95.0,1,0,1,0,14,398,397
1788468934.5320807,2.178740328479469,4221.21875,9.221168200281696,0.23760981469139417,0.0,0.0,97.0,1,0,2,0,13,399,398
1788468935.531862,1.5503389503522482,4221.21875,1.9887379819701831,0.03301770144277168,0.0,0.0,96.0,1,0,1,0,14,399,399
1788468936.532452,0.8694869279510649,4221.21875,1.8583613766652949,0.06236401773836554,0.0,0.0,95.0,0,0,1,0,15,399,399
1788468937.532055,2.440969566177721,4221.21875,9.288426999898393,0.22313970345162162,0.0,0.003907802199951438,98.0,0,0,3,0,13,400,399
1788468938.531676,2.3809019978702244,4221.21875,7.195730690018282,0.18861191375993838,0.0,0.0,97.0,2,0,1,0,13,401,400
1788468939.5322578,2.2386976570405737,4221.21875,8.21281069324219,0.231049594638129,0.0,0.0,97.0,0,1,1,0,14,402,401
1788468940.5311136,2.16247423979668,4221.21875,7.089687206483821,0.19815037814729902,0.0,0.0,97.0,0,0,0,0,16,403,402
1788468941.531507,2.54899724830176,4221.21875,11.979407781877494,0.2731355014854786,0.0,0.0,97.0,1,0,1,0,14,403,403
1788468942.5315125,2.3099873328902993,4221.21875,10.733363421593022,0.24459227904738948,0.0,0.08593702875336139,97.0,1,0,1,0,14,404,403
1788468943.5322764,2.857816933285305,4257.22265625,10.957117413474853,0.22040029465101674,0.0,0.10929151296435885,96.0,0,1,0,0,15,405,404
1788468944.5315065,2.5119338212747344,4873.22265625,8.23540404311543,0.23543076656943623,0.0,0.02736481690258466,96.0,0,1,1,0,14,406,406
1788468945.532104,2.548477343506321,5413.22265625,14.470911001451102,0.23724495509684737,0.0,0.0,98.0,1,1,1,0,13,407,406
1788468946.5315073,2.4014330832976998,6081.34765625,4.875375524744615,0.16377590443821163,0.0,0.0,98.0,2,1,1,0,12,407,407
1788468947.531511,2.3799909210552506,6696.59765625,5.226170630757787,0.10743958496252075,0.0,0.0039062350988956496,98.0,1,0,2,0,13,408,407
1788468948.5315118,3.7499973177929036,6710.09375,7.758123570830652,0.16503131506587382,0.0,0.0,99.0,0,0,5,2,9,408,408
1788468949.5321324,2.9681579506048528,6530.58203125,8.447631553427321,0.1345219229303866,0.0,0.0,99.0,3,0,1,1,11,409,408
1788468950.531517,3.2820196181858483,6886.58203125,7.7728704878638215,0.19691950064448438,0.0,0.0,98.0,1,0,3,0,12,410,409
1788468951.5321026,3.3180570916613497,7280.45703125,10.362275660271257,0.1988686510546231,0.0,0.0,97.0,0,1,1,0,14,410,410
1788468952.5317125,2.9711589088378,7962.45703125,8.381759776829456,0.19890532710913433,0.0,0.0,96.0,1,0,1,0,14,411,411
1788468953.5323632,2.798179380528782,9272.46484375,9.75404291555487,0.16227368238467507,0.0,0.0039037100732827214,98.0,0,0,1,0,15,412,411
1788468954.532043,3.100992926001822,9330.45703125,7.985738002332957,0.19485323140377409,0.0,0.027352508167855602,97.0,0,0,2,0,14,413,412
1788468955.5316322,1.7107027484979187,3858.4453125,6.594385654087541,0.11785580290517941,0.0,0.0,98.0,0,1,1,1,13,413,412
1788468956.532192,2.398657215322708,3818.4453125,15.84396800115902,0.23811552637674033,0.0,0.0,95.0,1,0,1,0,14,414,413
1788468957.5317972,2.090825502164887,3798.44140625,10.671159610823517,0.20824834329044556,0.0,6.232929642555254,98.0,2,0,1,0,13,415,414
1788468958.5315115,2.2606456979620853,3748.4375,9.748488113584536,0.2112715490617218,0.0,0.015629464172858973,98.0,1,0,1,0,14,415,415
1788468959.5315182,2.769981508378886,3748.4375,12.774819923649344,0.249899149614289,0.0,0.011718671769425978,98.0,0,0,2,0,14,416,416
1788468960.5321016,1.9988338598120308,3748.4375,6.037395118271253,0.18018700656769962,0.0,0.0,98.0,0,1,1,0,14,417,416
1788468961.5316777,2.4910559791398037,3748.4375,9.967307537269894,0.22341566874003882,0.0,0.0,98.0,0,1,0,0,15,418,417
1788468962.532235,2.4086579338097533,3748.4375,9.791707224897245,0.2164264229415859,0.0,0.0,97.0,0,0,1,0,15,419,418
1788468963.5318446,2.1608433581773583,3748.4375,8.205481618263507,0.17495117069874616,0.0,0.003907775170315219,96.0,2,0,1,0,13,419,419
1788468964.5315065,2.8109503191834384,3760.4453125,8.785895919898609,0.23258252191926992,0.0,0.0,97.0,0,0,1,0,15,420,420
1788468965.5315406,2.199924996072006,3780.44921875,11.203165518601141,0.2209883686693383,0.0,0.0,97.0,1,0,1,0,14,421,421
1788468966.5321233,2.5085382872645474,3820.44921875,14.433269760300117,0.26995568950053705,0.0,0.0,98.0,0,0,1,0,15,422,421
1788468967.5317214,1.9607881853295848,3820.44921875,7.5895757734188996,0.1663352110781378,0.0,0.0,97.0,0,1,1,0,14,423,422
1788468968.5315137,2.390496416658968,3820.44921875,12.55431719071224,0.24093099853985983,0.0,0.0,98.0,1,0,2,0,13,423,423
1788468969.5315094,2.560010986375219,3818.4453125,11.021576497167814,0.2358847250759724,0.0,0.0039062667638782855,97.0,0,0,1,0,15,424,424
1788468970.5321116,2.5484651987335116,3818.4453125,11.086642060793503,0.23432829063841043,0.0,0.0,98.0,2,0,1,0,13,425,424
1788468971.5318844,2.1804954367042764,3838.44921875,9.998932118966431,0.19270983993469662,0.0,0.0,98.0,0,0,2,0,14,426,425
1788468972.5315092,2.270852184614779,3818.4453125,8.486768287011088,0.19378018617941056,0.0,0.0,97.0,0,0,0,0,16,427,426
1788468973.5321074,1.7889298760749759,3818.4453125,9.157296262664074,0.19597632775155815,0.0,0.09369395300672201,96.0,2,0,0,0,14,427,427
1788468974.5317283,2.1608191352907204,3818.4453125,9.277524772736705,0.1998466864183915,0.0,0.035169582280117365,98.0,0,0,3,0,13,428,427
1788468975.5315073,2.3605217083984167,3818.4453125,8.787877646107184,0.19346316822932924,0.0,0.0,97.0,1,0,0,0,15,429,428
1788468976.5320606,2.1288219748012884,3818.4453125,13.648649569594614,0.22965216096267835,0.0,0.0,98.0,0,0,0,0,16,430,429
1788468977.5316534,2.9712099329391783,3838.44921875,8.933851961887099,0.2212700675190264,0.0,0.0,97.0,0,2,0,0,14,430,430
1788468978.531507,2.300336744012756,3838.44921875,11.738110351504284,0.23474410364142317,0.0,0.0,98.0,1,0,0,0,15,431,431
1788468979.5320861,2.538529889797575,3898.453125,11.097316889113507,0.22057538566308602,0.0,2.9357998233387734,97.0,0,0,2,0,14,432,431
1788468980.531766,2.3707591079429413,3878.44921875,10.631695358005953,0.2635025701407669,0.0,0.003907501166836515,97.0,1,0,1,0,14,433,432
1788468981.5323484,2.3186494873292784,3878.44921875,11.12260138626417,0.21539825965205908,0.0,0.0,98.0,1,0,1,0,14,434,433
1788468982.5315092,2.602183839586965,3938.453125,11.334383256211726,0.23192987278752616,0.0,0.0,98.0,1,2,0,0,13,435,434
1788468983.5320892,2.3686260254100864,3878.44921875,11.703679310855076,0.22139104737799867,0.0,0.0,97.0,0,1,1,0,14,435,435
1788468984.531912,2.090370298655177,3878.44921875,6.629095415566866,0.18962786042697363,0.0,0.027348594666919118,95.0,0,0,1,0,15,436,436
1788468985.5315104,2.3409404384230026,3878.44921875,12.289492558231501,0.22373223037914963,0.0,0.00390781990922619,96.0,1,0,0,0,15,437,436
1788468986.532101,2.598465442919137,3878.44921875,10.298028894049988,0.2344901961765458,0.0,0.0,96.0,0,0,2,0,14,438,437
1788468987.5310683,1.6416951994677451,3878.44921875,4.695067008785021,0.0987653142394951,0.0,0.0,95.0,0,2,1,0,13,438,438
1788468988.5317023,1.0293474400419635,3878.44921875,0.004667184342582958,0.004667184342582958,0.0,6.652032910464066,95.0,0,2,1,0,13,438,438
1788468989.5322628,2.10881796097097,3878.44921875,7.6763393702841904,0.17205989055569257,0.0,0.6558823634537506,95.0,2,0,1,0,13,439,438
1788468990.5318947,2.2708359362329165,3886.44921875,10.712878390368159,0.23366088209198713,0.0,0.01563075396636106,95.0,0,0,1,0,15,440,439
1788468991.5316908,2.0804240900508613,3886.44921875,7.871077959932266,0.2209026507774388,0.0,0.003907046443154549,98.0,2,0,1,0,13,440,440
1788468992.532272,2.328646440501132,3887.44921875,10.701461276390114,0.19147424359181478,0.0,0.0,98.0,1,0,1,0,14,441,441
1788468993.5315018,2.381834799823448,3944.08203125,10.101964819033217,0.230286611567014,0.0,0.0,98.0,2,0,0,0,14,442,441
1788468994.531506,2.1699906874103383,3944.08203125,8.154567055176022,0.20996575847061813,0.0,0.0,97.0,0,1,0,0,15,443,442
1788468995.5315154,2.0199812175589655,3944.08203125,9.829610978405915,0.16777550143133263,0.0,0.0,97.0,0,0,1,0,15,443,443
1788468996.5321367,2.4884538767805564,3944.08203125,10.98451956320245,0.22899609474589638,0.0,0.0039038244803915262,97.0,0,0,0,0,16,444,444
1788468997.531502,2.2914543179021125,3944.08203125,10.133151638427137,0.21925154867710553,0.0,0.0,97.0,3,0,0,0,13,445,445
1788468998.53208,2.358636880922144,3944.08203125,13.270074210194228,0.21090049200234087,0.0,0.0,98.0,0,0,1,0,15,446,445
1788468999.5317323,2.4208415191018955,3944.08203125,8.775200424723446,0.17200059339169624,0.0,0.0,98.0,1,1,0,0,14,447,446
1788469000.531508,1.570352311498119,3944.08203125,4.454546863698659,0.15535311395650697,0.0,0.0,97.0,0,0,1,0,15,447,447
1788469001.5315,2.3100181747912263,3944.08203125,12.659913486753718,0.22343620619649995,0.0,0.0,98.0,1,0,1,0,14,448,447
1788469002.5322485,2.068451978978794,3944.08203125,9.749183014516218,0.1840225108476756,0.0,0.0039033287646788773,98.0,1,0,1,0,14,449,448
1788469003.5320272,2.420535549399888,3944.08203125,9.539164625351983,0.1838728508962707,0.0,0.17191303617896417,97.0,0,1,0,0,15,449,449
1788469004.5315127,2.221142794168206,3944.08203125,9.599701918778592,0.21841796540483085,0.0,0.0,96.0,0,0,2,0,14,450,450
1788469005.5321255,1.96879364974959,3962.0859375,8.522347823642072,0.1780963641033779,0.0,0.023423147800005432,97.0,1,0,1,0,14,451,450
1788469006.5315104,2.5715818312466867,4002.0078125,11.382122487072145,0.2335878984398782,0.0,0.0,97.0,2,0,0,0,14,452,451
1788469007.5320942,1.7689671229161983,4022.01171875,6.333682253875794,0.1029519726321754,0.0,0.003903970521972582,96.0,1,0,2,0,13,452,452
1788469008.531512,2.201281626159766,4062.01171875,7.758121808399227,0.21338011604389648,0.0,0.0,97.0,2,0,0,0,14,453,452
1788469009.5315049,1.5900113726481668,4062.01171875,6.656008644165832,0.1219872616810442,0.0,0.0,97.0,1,0,1,0,14,453,453
1788469010.5321026,2.848297528766394,4064.01171875,9.021004758136595,0.23236119043721531,0.0,0.0,97.0,0,1,0,0,15,454,454
1788469011.531731,2.1808105954450636,4064.01171875,10.42541437650036,0.22280296082876494,0.0,0.0,96.0,0,0,0,0,16,455,455
1788469012.531509,2.3705261802371367,4064.01171875,12.902046157115048,0.23168938227054928,0.0,0.0039071172538193005,97.0,0,0,2,0,14,456,455
1788469013.5321062,2.748358574336337,4064.01171875,9.626746416146172,0.22160360407156962,0.0,0.0,98.0,1,0,1,0,14,457,457
1788469014.5317113,2.380940045526968,4104.01171875,11.69503759914975,0.22471335537827167,0.0,0.0,97.0,1,0,1,0,14,458,457
1788469015.531509,2.310467678799408,4140.015625,11.316175325596674,0.201042815530392,0.0,0.027349285970637578,98.0,0,0,1,0,15,459,458
1788469016.531863,2.1292461370198685,4140.015625,8.616072924544108,0.1763177318973857,0.0,0.0,97.0,1,0,1,0,14,459,458
1788469017.5324702,2.418531341713181,4140.015625,12.892385266953724,0.2371644835616037,0.0,0.0039038793609780286,97.0,0,0,1,0,15,460,459
1788469018.5320878,2.0207727908030444,4140.015625,9.263355832756934,0.19111884942876906,0.0,0.0,98.0,0,0,1,0,15,461,460
1788469019.5309901,2.552802157672114,4160.01953125,10.671725421867913,0.2356636513354178,0.0,6.507142754851182,97.0,0,0,1,0,15,462,461
1788469020.5316026,2.4684880576565145,4140.015625,11.663531395874976,0.21946244263288406,0.0,0.0,95.0,1,0,1,0,14,462,462
1788469021.5321977,2.6684120472741863,4140.015625,14.413231033168127,0.25636484940907356,0.0,0.0,96.0,1,0,2,0,13,463,463
1788469022.532028,2.420410874495754,4153.015625,12.866138622927553,0.2338043376656575,0.0,0.011720739642769254,97.0,0,1,1,0,14,464,463
1788469023.5316768,2.1007377592847454,4154.015625,8.718040865467747,0.20468843127710132,0.0,0.0039076223200982824,98.0,1,0,1,0,14,465,464
1788469024.5322695,2.0387915907161793,4154.015625,10.036743320490185,0.18528256119558043,0.0,0.0,98.0,1,0,1,0,14,465,465
1788469025.531899,2.650982195456079,4154.01953125,8.561605628763937,0.22366132013594897,0.0,0.011723093435096298,97.0,1,0,2,0,13,466,466
1788469026.5324736,2.0488227694336003,4154.01953125,10.777727526822176,0.21240999505803826,0.0,0.0,97.0,0,0,1,0,15,467,467
1788469027.531503,1.9318750818871457,4154.01953125,8.771817700829525,0.20380537311409652,0.0,0.0,97.0,0,1,0,0,15,468,467
1788469028.531503,2.8099999999999454,4154.01953125,13.891977310180664,0.2589397430419922,0.0,0.00390625,96.0,0,0,3,0,13,469,468
1788469029.5320878,2.808357557990556,4205.9765625,7.235729874281499,0.20731817448568024,0.0,0.0,96.0,1,1,1,0,13,470,469
1788469030.531509,2.2913264037390055,4165.9765625,9.72577146843084,0.20596506194362618,0.0,0.0,97.0,1,0,0,0,15,471,470
1788469031.531512,2.3999925613634785,4165.9765625,12.136232907527019,0.24952238946174074,0.0,0.0,97.0,0,0,1,0,15,471,471
1788469032.5315068,2.3900125361145164,4165.9765625,12.39775961654462,0.22768712261121213,0.0,0.0,98.0,0,1,0,0,15,472,472
1788469033.5322192,2.5881562111953635,4165.9765625,12.244608190233132,0.25790057017715234,0.0,0.09368326054036745,96.0,1,0,1,0,14,473,472
1788469034.5314991,2.701945465876146,4185.98046875,8.778549007893524,0.23700708422526368,0.0,0.0,96.0,0,0,3,0,13,474,473
1788469035.5315135,2.429965239068717,4225.98046875,10.511693310356469,0.22592316737412393,0.0,0.0039061941214448724,97.0,2,0,0,0,14,475,474
1788469036.5319812,2.2789339665309423,4227.9765625,9.646235009887361,0.2062242955999453,0.0,0.02733096519620062,98.0,0,0,1,0,15,476,475
1788469037.5316036,2.3708953805647526,4227.9765625,12.366313991871625,0.21957106603827586,0.0,0.0,97.0,0,1,1,0,14,476,476
1788469038.5315106,2.6702482883526932,4227.9765625,12.695519269112337,0.23333716428138487,0.0,0.0,97.0,3,0,2,0,11,477,476
1788469039.5321167,1.8788612972695347,4227.9765625,4.0039057902053115,0.09048890523979197,0.0,0.0039038840119461136,97.0,0,0,1,0,15,478,477
1788469040.531529,0.7904645574412202,4227.9765625,0.13389350115784504,0.0324315890949056,0.0,0.0,97.0,0,0,1,0,15,478,477
1788469041.532116,1.9088795134156609,4227.9765625,9.790222280679933,0.1993325336699735,0.0,0.0,97.0,0,0,3,0,13,478,478
1788469042.531891,2.250505978379135,4227.9765625,10.898151625867651,0.2023961209158954,0.0,0.0,98.0,1,0,0,0,15,479,478
1788469043.5325332,1.9887231179815197,4227.9765625,6.856293678551593,0.15081735822065157,0.0,0.0,98.0,1,0,2,0,13,480,479
1788469044.5321617,2.5309401332680137,4268.98046875,10.763003530383191,0.21716650615133853,0.0,0.003907701539754615,98.0,2,1,0,0,13,481,480
1788469045.5319443,1.5203305772515021,4283.984375,5.876741311091355,0.14436427598469212,0.0,0.0,98.0,1,0,1,0,14,481,481
1788469046.5315378,2.040829604738717,4273.98046875,8.654362604198493,0.1985212513765328,0.0,0.02735486985519006,97.0,0,1,0,0,15,482,481
1788469047.5321178,2.298666606937905,4273.98046875,8.565035168989622,0.19500673975996113,0.0,0.0,95.0,1,0,0,0,15,483,482
1788469048.5315094,1.6309923678692007,4273.98046875,8.52220646641309,0.17853346285753546,0.0,0.0,95.0,1,0,2,0,13,483,483
1788469049.5323718,2.178121674990862,4273.98046875,8.119484859291063,0.18053793770773677,0.0,0.00390288430868518,95.0,1,0,2,0,13,484,484
1788469050.5320115,1.9807135529944064,4705.984375,5.7752004451448,0.15847956243010328,0.0,0.0,96.0,2,1,0,0,13,485,484
1788469051.5306926,2.383143202829005,5173.984375,9.146252887481104,0.2082825228969254,0.0,6.543787057400117,97.0,1,1,2,0,12,485,485
1788469052.5322893,2.0667001221853285,5697.98828125,5.105132800492073,0.11909923373024667,0.0,0.0,96.0,0,2,1,0,13,486,485
1788469053.531908,1.7806788505270301,6037.984375,3.466280599278986,0.14026553263346694,0.0,0.0,95.0,0,1,0,0,15,487,486
1788469054.531509,2.5810301219043166,6135.4765625,8.749131690609474,0.1724778957360893,0.0,0.019539048282343065,94.0,0,0,3,0,13,487,487
1788469055.532101,2.2086924687867313,6134.9765625,4.9930434877919705,0.14307040123789938,0.0,0.0,95.0,0,0,4,3,9,488,487
1788469056.5315108,2.6115410337584444,5830.98046875,3.7049650641760437,0.09124704275866215,0.0,0.011725669153011728,95.0,5,0,3,0,8,488,488
1788469057.531507,2.830010795634371,6190.98046875,6.697761336369844,0.14141518179009166,0.0,0.0,92.0,0,1,1,0,14,489,488
1788469058.5315154,2.749977052403251,6494.9765625,5.186413401491868,0.16259820677346298,0.0,0.0,91.0,2,0,2,0,12,490,489
1788469059.5322304,2.9678779158900754,6684.9765625,5.124328646275954,0.16660317351403986,0.0,0.0,94.0,2,0,1,0,13,490,490
1788469060.5318549,3.0011269509667806,7064.98046875,6.25662951266347,0.19202767457663017,0.0,0.003907717384071329,96.0,0,0,3,0,13,491,490
1788469061.5317643,3.0802790703884226,7697.6640625,9.041412290732975,0.17973525509761265,0.0,0.0,97.0,1,0,1,0,14,492,491
1788469062.5324862,2.548160402846561,9065.6640625,7.609955085754475,0.17123639492896917,0.0,0.0,96.0,0,0,1,0,15,492,491
1788469063.5320616,2.961257419458439,9065.6640625,6.358928024962535,0.15477553730772617,0.0,0.0859740065826711,96.0,0,0,1,0,15,493,492
1788469064.5316665,2.270897139683315,3593.65234375,7.448871321625694,0.21280494160371718,0.0,0.07034028860526537,97.0,1,1,0,1,13,494,493
1788469065.5314984,1.9103210965086272,3593.65234375,9.159384099433446,0.2039212619041544,0.0,0.0039069066927953765,94.0,1,0,3,0,12,494,494
1788469066.5315073,1.7399846507475172,3593.65234375,7.116080452209299,0.10766411219307156,0.0,0.02734350878958101,96.0,2,0,1,0,13,495,494
1788469067.5320716,2.308697117310309,3593.65234375,7.942626905945212,0.19722298936466548,0.0,0.0,95.0,0,0,0,0,16,496,495
1788469068.5316746,2.6010325239071443,3593.65234375,7.684805679668581,0.2193463353272247,0.0,0.0,96.0,0,0,1,0,15,497,496
1788469069.5322497,1.5091321499951411,3593.65234375,6.964375954913318,0.1659850225747942,0.0,0.0,97.0,2,0,1,0,13,497,497
1788469070.5315077,1.8213513673434143,3593.65234375,9.093207851131611,0.15139177589573563,0.0,0.003909150427849643,97.0,0,1,0,0,15,498,497
1788469071.531517,2.209979450893776,3593.65234375,7.878600295683972,0.20458031210132313,0.0,0.0,95.0,0,0,1,0,15,499,498
1788469072.5318398,1.4295385181536038,3593.65234375,3.8477654756417228,0.14121456038599906,0.0,0.0,95.0,1,0,0,0,15,499,499
1788469073.532431,2.008812712022736,3593.65234375,9.132023266392377,0.18234824149830953,0.0,0.0,95.0,1,0,1,0,14,500,499
1788469074.5315125,1.5514248104974966,3593.65234375,3.9691479582632136,0.13744770253901012,0.0,0.0,95.0,0,2,1,0,13,500,500
1788469075.5320973,2.2187024123629433,3593.65234375,9.159071158992527,0.17993893856613571,0.0,0.0,95.0,2,0,1,0,13,501,501
1788469076.531676,2.0408597848987013,3593.65234375,4.223217588777392,0.17612820113453978,0.0,0.003907896340568968,96.0,0,1,2,0,12,502,501
1788469077.5315058,2.070352437887511,3593.65234375,8.2474023450075,0.1816696434319998,0.0,0.027348405542744997,96.0,0,1,1,0,14,503,502
1788469078.5315065,2.2099984192859874,3593.65234375,10.133666419744667,0.21878608313602224,0.0,0.0,98.0,0,0,1,0,15,503,503
1788469079.5315108,1.859992017780355,3593.65234375,6.292065320688302,0.16012313789928384,0.0,0.0,98.0,1,0,0,0,15,504,504
1788469080.5320888,2.2387061920617883,3593.65234375,7.875825166653641,0.2143955958070192,0.0,0.0,98.0,0,0,0,0,16,505,504
1788469081.531715,2.3608825931326307,3593.65234375,11.13040363142349,0.22644020515482013,0.0,0.003907710859925357,98.0,1,0,1,0,14,506,505
1788469082.5315125,1.7903624004549583,3593.65234375,7.451727513470396,0.15233643856915122,0.0,6.5442934286882775,98.0,2,0,1,0,13,506,506
1788469083.5316966,2.0596209079405883,3593.65234375,6.752849292837603,0.19031454972448653,0.0,0.0,98.0,1,1,1,0,13,507,506
1788469084.5315068,2.3904536631382283,3593.65234375,8.092285504165009,0.1687541790787093,0.0,0.0,97.0,1,0,1,0,14,508,507
1788469085.531505,2.3300038886134424,3593.65234375,9.3423970691632,0.2032702977400027,0.0,1.3789085513019226,97.0,1,0,2,0,13,509,508
1788469086.5320976,2.308632204288011,3593.65234375,7.36910242568783,0.20065721674356277,0.0,1.7567716651945093,97.0,1,0,1,0,14,510,509
1788469087.5315053,2.031202942874201,3593.65234375,6.547562633891722,0.1817253603446713,0.0,0.02345138865695569,97.0,1,0,0,0,15,510,510
1788469088.5315073,1.9199963378976828,3593.65234375,7.698093990146655,0.17116800085449055,0.0,0.0,96.0,0,0,0,0,16,511,510
1788469089.5320795,2.2487132759422632,3593.65234375,7.323222223916674,0.21591039063036135,0.0,0.0,97.0,0,0,1,0,15,512,511
1788469090.531714,2.2708299785511596,3593.65234375,8.896143385841965,0.17894037141546723,0.0,0.0,96.0,2,0,0,0,14,513,512
1788469091.532287,1.988860542325445,3593.65234375,6.50370397552176,0.169782641485336,0.0,0.0,96.0,0,0,3,0,13,513,513
1788469092.531522,1.8714313582885325,3593.65234375,4.714218905985451,0.14861601833983282,0.0,0.00390923996968812,95.0,1,0,1,0,14,514,513
1788469093.53151,2.050024438195866,3593.65234375,8.318773255029381,0.18525535172643334,0.0,0.11718889700051546,95.0,1,0,1,0,14,515,514
1788469094.5315087,1.3800019741087681,3593.65234375,7.456051048351834,0.15071508986724358,0.0,0.0,94.0,1,0,0,0,15,515,515
1788469095.531196,2.0506409621954664,3593.65234375,6.440901761581762,0.15227595180817138,0.0,0.003907471345647369,94.0,1,0,2,0,13,516,515
1788469096.5318296,1.888803484235706,3593.65234375,7.666057416306704,0.1793974258993591,0.0,0.640219434967349,94.0,2,1,0,0,13,517,516
1788469097.531597,1.4303328334915164,3593.65234375,1.268294776845503,0.06107702521720219,0.0,0.03125727345917133,94.0,2,0,0,0,14,517,516
1788469098.5315037,1.150107214909391,3593.65234375,1.2959229244860349,0.051408791741745716,0.0,0.0,95.0,1,0,0,0,15,517,516
1788469099.5312638,2.0604942076617907,3593.72265625,6.985153928959973,0.20382906247063767,0.0,0.011721561405843324,97.0,0,0,1,0,15,518,517
1788469100.5318444,2.088787356087358,3593.83203125,11.130257087705479,0.20790809244987596,0.0,0.0,96.0,1,1,1,0,13,518,518
1788469101.5315046,2.0607001156007057,3638.8359375,7.043146248675432,0.17495758880711798,0.0,0.0,96.0,0,0,1,0,15,519,519
1788469102.5320532,2.038881467281254,3656.8359375,5.895115694710367,0.17338300840798693,0.0,0.0039041082017487946,97.0,1,0,3,0,12,520,519
1788469103.5315158,1.580849541394211,3656.8359375,5.646397347359883,0.15040564878758603,0.0,0.0,97.0,2,1,0,0,13,520,520
1788469104.5321155,1.649011215398728,3656.8359375,7.935279553395083,0.15853721592472775,0.0,0.0,97.0,1,0,0,0,15,521,520
1788469105.531699,2.190912552888423,3656.8359375,7.819084153179074,0.1951076634139977,0.0,0.0,96.0,0,0,2,0,14,522,521
1788469106.5322785,2.118771969161632,3656.8359375,8.393048405486645,0.19468086500577234,0.0,0.0,97.0,1,0,0,0,15,523,522
1788469107.5317008,1.8710809013904377,3656.8359375,6.372578801736022,0.16891128350256127,0.0,0.031268063191679345,97.0,1,0,1,0,14,523,523
1788469108.5322714,2.138779749884127,3656.8359375,4.046562332234136,0.15696915931743463,0.0,0.0,96.0,1,0,1,0,14,524,523
1788469109.5319104,1.9907185811831942,3656.8359375,6.422483358336573,0.18895580269939588,0.0,0.0,95.0,0,1,1,0,14,525,524
1788469110.5315292,1.9007246157314626,3656.8359375,5.60885251883927,0.13142064609840187,0.0,0.0,96.0,1,0,1,0,14,525,525
1788469111.5321248,1.5490774165664147,3656.8359375,3.7668586700063527,0.11847687834689366,0.0,0.0,96.0,0,0,2,0,14,526,525
1788469112.5315163,2.3114063618266947,3656.8359375,8.27236725836834,0.2101937328353395,0.0,0.0,98.0,1,1,0,0,14,527,526
1788469113.5315113,2.4600123167655004,3656.8359375,9.945543493369428,0.21477139239293105,0.0,5.867216875923727,97.0,1,0,2,0,13,528,527
1788469114.5315106,1.7500012516984356,3656.8359375,4.534175301200367,0.13716707503824832,0.0,0.0,97.0,1,0,0,0,15,528,527
1788469115.5313592,1.9002876955712227,3656.8359375,8.896052597379526,0.16283211669781283,0.0,0.0,97.0,0,0,2,0,14,529,528
1788469116.531435,2.0598438285976117,3658.83203125,8.079023091949644,0.1804691817284132,0.0,0.0,94.0,1,1,0,0,14,529,529
1788469117.5315006,2.1598583886490865,3658.83203125,6.475418868019889,0.1985496041438247,0.0,0.0,95.0,1,0,0,0,15,530,530
1788469118.5320635,1.9289142021103218,3658.83203125,3.7509975182674813,0.12643182145822934,0.0,0.003904052384452893,95.0,0,0,1,0,15,531,530
1788469119.531506,1.530853332302991,3658.83203125,5.592152226425501,0.15409285285233706,0.0,0.011725285939819169,94.0,1,0,0,0,15,531,531
1788469120.532098,1.978828546695383,3658.83203125,6.613653730818362,0.17929239677877384,0.0,0.0,98.0,1,0,2,0,13,532,531
1788469121.5317125,2.3108909012286802,3658.83203125,10.26521941656985,0.21123732823366018,0.0,0.0,96.0,2,0,1,0,13,533,532
1788469122.5319388,1.6796199704764458,3658.83203125,5.793181960658869,0.13875301441891585,0.0,0.0,97.0,0,1,1,0,14,533,533
1788469123.5315387,2.2709085141383984,3658.83203125,6.5172099777084815,0.20297350634184877,0.0,0.12505002831161185,98.0,1,0,2,0,13,534,534
1788469124.5321014,1.9389090382266079,3658.83203125,6.701300842764634,0.16054275491199677,0.0,0.0936972795534739,98.0,0,2,0,0,14,535,534
1788469125.5317435,2.1207589481312263,3658.83203125,8.504955753943126,0.20531563252554436,0.0,0.0,97.0,0,0,1,0,15,536,535
1788469126.532345,1.8988577799367174,3658.83203125,5.577753860237746,0.19995772997076125,0.0,0.0,95.0,1,0,0,0,15,536,536
1788469127.5319498,2.020798817739424,3658.83203125,8.076475810263972,0.16942427288161224,0.0,0.0,95.0,0,0,1,0,15,537,537
1788469128.5315073,2.15095180667724,3698.8359375,7.503187636435801,0.1899501198345215,0.0,0.02735585509945502,96.0,0,0,2,0,14,538,537
1788469129.5311093,2.180867812246788,3698.8359375,7.035547811817628,0.18471152389845527,0.0,0.003907804996142045,96.0,0,0,1,0,15,539,538
1788469130.53171,2.22866151848674,3698.8359375,8.393824566821142,0.1922921219217489,0.0,0.0,94.0,1,0,0,0,15,539,539
1788469131.5315099,1.9503901427581116,3698.8359375,8.606330087409814,0.206411642877668,0.0,0.0,95.0,1,0,1,0,14,540,539
1788469132.5315137,2.089992027313274,3698.8359375,7.187702416601499,0.17157298441702112,0.0,0.0,96.0,1,0,2,0,13,541,540
1788469133.5322485,2.088465382978526,3718.7109375,6.70693426813736,0.1545418982195109,0.0,0.0,96.0,2,0,1,0,13,541,541
1788469134.5318623,1.6106220836105307,3738.7109375,3.5829983848055327,0.17134704165637096,0.0,0.003907759325529899,96.0,0,2,0,0,14,542,541
1788469135.5324233,2.1388001354410107,3738.7109375,6.764392705908536,0.18028826277677684,0.0,0.0,98.0,1,0,0,0,15,543,542
1788469136.532009,1.640679850955566,3738.7109375,9.195349101242533,0.16137897411752133,0.0,0.0,95.0,0,0,1,0,15,543,543
1788469137.530852,2.082408945131198,3738.7109375,5.411410370616491,0.16822343351827398,0.0,0.0,95.0,0,0,4,0,12,544,543
1788469138.5315006,2.218561266268925,3754.7109375,6.434614622170376,0.16647319624572077,0.0,0.027326029110150432,96.0,3,0,0,0,13,545,544
1788469139.5320752,1.8189548489605645,3754.7109375,7.387919214890507,0.17142173614880596,0.0,0.0039040068015118493,94.0,1,0,0,0,15,546,545
1788469140.5315034,2.1912528000389866,3754.7109375,6.144967945369004,0.19509216094063178,0.0,0.0,96.0,0,0,2,0,14,546,546
1788469141.5315073,2.049992179900619,3774.7109375,7.934013618417288,0.19926758091895708,0.0,0.0,96.0,1,1,1,0,13,547,546
1788469142.5315182,2.1699762013180584,3815.15234375,7.540586741688223,0.17755695161348004,0.0,0.0,96.0,0,1,1,0,14,548,547
1788469143.5321112,2.048785178961917,3793.15234375,8.574135809955749,0.18245940767600768,0.0,0.0,96.0,0,0,2,0,14,548,548
1788469144.5315108,1.9811893832362075,3853.15234375,7.962199406171975,0.17807779309344512,0.0,6.570350681070074,96.0,0,1,1,0,14,549,549
1788469145.53151,1.3200009441384122,3853.15234375,2.44345267542792,0.12726220650353898,0.0,0.003906252793969722,93.0,0,0,0,0,16,550,549
1788469146.5315142,1.8499925017664423,3880.71875,9.53990407505768,0.19256513747994014,0.0,0.0,95.0,1,0,2,0,13,550,550
1788469147.532056,1.8989708993778678,3940.72265625,7.057956043699424,0.15928219594207374,0.0,0.0,97.0,0,1,1,0,14,551,550
1788469148.531679,2.040769733838744,3940.72265625,8.60724274111186,0.20303373321675036,0.0,0.0,97.0,0,0,2,0,14,552,551
1788469149.5315049,2.540442152684501,3986.72265625,6.9388440504448,0.1717389510713296,0.0,0.0,95.0,0,2,0,0,14,552,552
1788469150.532098,1.6190396093014718,3986.72265625,7.408643554410131,0.16899288790104441,0.0,0.0039039342431075926,95.0,0,0,1,0,15,553,553
1788469151.5315108,1.7410223717929865,3996.72265625,4.175775751036358,0.1470198893517192,0.0,0.0,94.0,1,1,0,0,14,554,553
1788469152.5320773,1.7390148784279458,3996.72265625,8.127418816778977,0.18776937960483048,0.0,0.011712115291134898,96.0,1,0,1,0,14,554,554
1788469153.5316656,1.9708114794311853,4032.72265625,8.234171012243783,0.18822886258260732,0.0,0.08988075830211348,94.0,1,0,1,0,14,555,554
1788469154.5322676,2.228658332278984,4050.72265625,7.112555693834559,0.20396732866647652,0.0,0.0,97.0,0,0,2,0,14,556,555
1788469155.531872,1.5506133240469573,4050.72265625,3.7779654609441056,0.05338396167574407,0.0,0.011723387026566761,97.0,0,1,1,0,14,556,555
1788469156.5324833,0.8794623800420611,4050.72265625,1.3069984569445596,0.03753846916319503,0.0,0.0,97.0,1,1,0,0,14,556,556
1788469157.5320933,2.1608428427911273,4050.72265625,7.403812560403066,0.17377001947208795,0.0,0.0,94.0,1,0,1,0,14,557,556
1788469158.5310783,2.0821132364381087,4104.84765625,6.078995295279504,0.15733379601708525,0.0,0.0,93.0,0,3,0,0,13,558,557
1788469159.5316932,2.0787218323697854,4142.72265625,8.319428490143757,0.2143543196224436,0.0,0.042942345545491735,94.0,0,0,1,0,15,559,558
1788469160.5322604,1.858945610140326,4142.72265625,9.139919312466535,0.1631250204030183,0.0,0.0,93.0,1,0,0,0,15,559,558
1788469161.5318744,1.9507529900288805,4178.72265625,6.842732044024295,0.19637630778367562,0.0,0.003907758393487705,91.0,0,0,1,0,15,560,559
1788469162.5315008,1.870698896687186,4154.72265625,4.546183555038153,0.15602982013896888,0.0,0.0,90.0,1,0,1,0,14,560,560
1788469163.531514,1.9499744299429649,4188.72265625,8.020456999508148,0.18126154675839623,0.0,0.0,90.0,1,0,0,0,15,561,561
1788469164.5314999,2.07002911847083,4188.72265625,10.234872784017147,0.20578387767047465,0.0,0.0,90.0,0,0,1,0,15,562,561
1788469165.531503,2.19999318124959,4188.72265625,9.389440998379474,0.18857516015122366,0.0,0.0,91.0,1,0,2,0,13,563,562
1788469166.5320613,1.998883870595709,4146.84765625,4.504382785681709,0.139840243851876,0.0,0.0,90.0,2,0,1,0,13,563,562
1788469167.5316875,2.2208302359125787,4164.72265625,9.027870106775147,0.19582630530517542,0.0,0.003907710859925357,89.0,1,0,1,0,14,564,564
1788469168.5322566,1.928902251797741,4506.7265625,5.988136844004003,0.10502178978628639,0.0,0.0,89.0,0,1,2,0,13,564,564
1788469169.5315058,2.2817130647759005,5364.7265625,5.889307362767543,0.16771701356785898,0.0,0.023455109629684417,87.0,0,2,0,0,14,565,565
1788469170.5315208,2.149967706688609,5778.7265625,7.693644356824284,0.17644617173461455,0.0,0.0,83.0,0,1,0,0,15,566,565
1788469171.5320807,2.1987691140459673,6328.84765625,6.15867124555479,0.1724098162058708,0.0,0.0,83.0,0,0,2,0,14,567,566
1788469172.5316923,2.3909285980910453,6265.84375,7.750065053933348,0.1596794409297167,0.0,0.003907767713929651,84.0,0,1,3,1,11,567,567
1788469173.532265,1.8189583163554415,6263.84375,5.236757590357771,0.09673777481672531,0.0,0.0,84.0,0,0,6,2,8,567,567
1788469174.5318596,2.9111799349519747,6108.84375,3.884868687813111,0.11016160839421038,0.0,0.0,82.0,3,0,2,0,11,568,568
1788469175.531513,3.0710646171460194,6470.84375,5.5151975386670165,0.1657020880785146,0.0,6.28733582169646,82.0,1,0,1,0,14,569,568
1788469176.5315092,3.120011901900762,6832.84375,7.8337376927859985,0.20106010841410984,0.0,0.0,82.0,0,0,2,0,14,570,569
1788469177.5320973,2.838330554609868,7131.83984375,6.929018524003335,0.12957866893380648,0.0,0.0039039537777972636,82.0,0,0,3,0,13,570,569
1788469178.5317159,2.5009540382531177,7489.83984375,4.06747244737525,0.1006891972340523,0.0,0.0,82.0,1,1,2,0,12,570,570
1788469179.5323365,2.6783378140138234,8583.84765625,5.1927879269185615,0.15939929095402877,0.0,0.0,82.0,1,0,1,0,14,571,571
1788469180.532193,2.930420597362717,9357.83984375,9.359221041456928,0.18823082803689914,0.0,0.0,82.0,0,0,1,0,15,572,571
1788469181.5315034,2.071428263315269,3885.828125,7.439669495625818,0.19519245543029415,0.0,0.0,81.0,0,0,2,0,14,572,572
1788469182.531508,1.9499911666319318,3885.828125,7.242799374297116,0.17634693370062343,0.0,0.00390623230495124,82.0,2,0,0,0,14,573,572
1788469183.5320532,2.0388882690736,3885.828125,5.629311982034942,0.18293324272010306,0.0,0.08979478819832573,80.0,0,2,0,0,14,574,574
1788469184.531625,2.3710152681882657,3885.828125,10.803858692696592,0.2237915825086082,0.0,0.07425054406574776,82.0,0,0,3,0,13,575,574
1788469185.532068,2.1190612945824387,3835.82421875,5.7036225007518775,0.13437803402251866,0.0,0.0,81.0,1,2,1,0,12,575,575
1788469186.531862,2.020416192910814,3835.82421875,8.110211186996834,0.206664695333664,0.0,0.0,82.0,1,0,1,0,14,576,576
1788469187.5315087,2.0207139916747794,3835.82421875,5.528187936430404,0.15917871066312855,0.0,0.0,82.0,0,1,0,0,15,577,576
1788469188.5322685,2.0384511032900003,3835.82421875,7.806522515474125,0.1682424095727662,0.0,0.003903284128542503,82.0,1,0,1,0,14,578,577
1788469189.531662,1.98120167185146,3835.82421875,5.07659885107926,0.17960570261656203,0.0,0.03908620722560452,82.0,1,1,0,0,14,578,578
1788469190.5315065,2.3603669164724748,3835.82421875,9.492621705377557,0.18574168767460913,0.0,0.0,82.0,0,0,1,0,15,579,578
1788469191.5315108,2.2899901724287632,3895.69921875,6.642935854710249,0.18126505308843718,0.0,0.0,82.0,1,0,1,0,14,580,579
1788469192.5315046,1.520009422360636,3895.69921875,5.715401792632725,0.15045831487564726,0.0,0.0,82.0,0,0,1,0,15,581,580
1788469193.5320878,2.488548748436072,3915.703125,7.534294871031155,0.20340882825996306,0.0,0.0039039733126824327,82.0,1,1,1,0,13,581,581
1788469194.531707,2.280868450860229,3871.828125,6.110644984254803,0.16534043518900796,0.0,0.0,82.0,1,1,1,0,13,582,582
1788469195.532489,2.348163705598177,3871.828125,8.71562879980484,0.1998749757003076,0.0,0.0,82.0,0,0,2,0,14,583,582
1788469196.5320723,2.1208838903999236,3871.828125,8.730066336621384,0.1825702507014814,0.0,0.0,81.0,1,0,1,0,14,584,583
1788469197.5316627,2.1908973984071696,3931.83203125,9.646435875137684,0.2048683080084702,0.0,0.0,81.0,0,0,1,0,15,584,584
1788469198.5315151,2.2603335825177417,3931.83203125,7.061300026110688,0.1849848045334831,0.0,0.0039068265737650775,81.0,0,2,0,0,14,585,585
1788469199.5315144,2.0800014877333797,3871.828125,5.688143983943927,0.18222345034369256,0.0,0.0,82.0,1,0,0,0,15,586,585
1788469200.5318217,2.579207354002091,3871.828125,8.592410178966357,0.18960085022546277,0.0,0.027335349258138242,81.0,0,1,1,0,14,587,586
1788469201.531538,2.0905931391320873,3871.828125,9.819652888044542,0.22096131896247037,0.0,0.0,81.0,2,0,0,0,14,588,587
1788469202.532254,1.8386835559087316,3871.828125,5.689289823212836,0.17307668941061494,0.0,0.0,82.0,1,0,2,0,13,588,588
1788469203.5318592,2.050809703079976,3873.828125,8.40196648991282,0.17470963457938754,0.0,3.282546018649789,82.0,0,1,1,0,14,589,588
1788469204.532444,2.398597202554349,3873.828125,6.217314941036615,0.19303095223287886,0.0,0.003903966801032321,82.0,1,0,1,0,14,590,589
1788469205.531511,2.1520076766106984,3873.828125,8.566483652718803,0.1728697870914671,0.0,0.0,82.0,2,0,1,0,13,590,590
1788469206.5320902,2.0288250694053778,3873.828125,8.930567658223671,0.1939918503273856,0.0,0.0,81.0,1,0,0,0,15,591,591
1788469207.5316663,2.1809245118573655,3933.8359375,5.992393130060494,0.179247546705733,0.0,6.416782626989075,82.0,0,0,1,0,15,592,591
1788469208.5322437,2.038822682252748,3933.8359375,5.294084007390523,0.1644586756438233,0.0,0.0,82.0,2,0,1,0,13,592,592
1788469209.531388,2.1518412967716443,3933.8359375,6.827163383813979,0.18257886780656762,0.0,0.0039095953793087815,81.0,0,0,1,0,15,593,593
1788469210.531529,2.039712593521375,3933.8359375,8.731118180550407,0.174741918450879,0.0,0.0,82.0,1,0,1,0,14,594,593
1788469211.5321198,1.9188663313939835,3985.83984375,3.1166222119709817,0.15393794578798708,0.0,0.0,82.0,1,0,1,0,14,595,594
1788469212.531511,1.7910902055011968,3985.83984375,7.594813718658384,0.15698546979531944,0.0,5.358730516197169,82.0,1,1,1,0,13,595,595
1788469213.5320804,1.4491749215813656,3985.83984375,2.0342336297255077,0.0228913630068635,0.0,0.6871087990255182,82.0,2,0,2,0,12,595,595
1788469214.5318294,0.9302335395613841,3985.83984375,3.304689368702231,0.07605840909594966,0.0,0.003907230928937953,82.0,1,0,2,0,13,596,595
1788469215.532414,2.518527662794769,4005.83984375,7.585357833526658,0.1748531484794446,0.0,0.003903967731266721,82.0,2,0,0,0,14,596,596
1788469216.5315192,1.5213612911523864,4005.83984375,7.2859392476072955,0.18399107897744235,0.0,0.0,82.0,1,0,1,0,14,597,596
1788469217.531504,1.8900288395512574,4005.83984375,4.177623598077363,0.09561303120469977,0.0,0.011718928816662852,82.0,0,0,2,0,14,598,597
1788469218.5320764,1.9089072593854917,4005.83984375,7.348066637993378,0.19089071068850444,0.0,0.0,81.0,3,0,1,0,12,598,598
1788469219.5315075,2.331326213919188,4005.83984375,10.170355431570941,0.18125736238161147,0.0,0.003908473400481593,82.0,2,0,1,0,13,599,598
1788469220.532271,2.098398048746452,4005.83984375,7.00800141798487,0.18063488176074077,0.0,0.03903270179959242,82.0,1,0,0,0,15,600,599
1788469221.5318542,2.03084636675072,4005.83984375,5.572509943814704,0.17574386603303568,0.0,0.0,81.0,0,0,2,0,14,601,600
1788469222.531506,1.7606128537100154,4011.83984375,6.699506110887979,0.16253597796626823,0.0,0.007815220408868062,81.0,1,0,1,0,14,601,601
1788469223.5312345,2.270616605833523,4011.83984375,8.624848294784488,0.17124439415095757,0.0,0.0,82.0,1,1,0,0,14,602,601
1788469224.5315008,1.9594781644083281,4011.83984375,6.582243832025439,0.18049106394805192,0.0,0.003905209989653005,82.0,0,0,1,0,15,603,602
1788469225.5320454,2.2987482211736907,4011.83984375,8.044194950755232,0.18522666509078328,0.0,0.0,81.0,0,1,1,0,14,604,603
1788469226.5313807,1.4609711235748737,4011.83984375,2.0888785823554055,0.08688407726464602,0.0,0.0,82.0,1,1,1,0,13,604,603
1788469227.531986,2.208662997400247,4011.83984375,7.240686392128559,0.1841574726526582,0.0,0.0,82.0,0,0,2,0,14,604,604
1788469228.5317662,1.7003737794460758,4011.83984375,4.941344241950769,0.13846198605326202,0.0,0.0,82.0,1,0,2,0,13,605,604
1788469229.5314987,2.1205672637146766,4011.83984375,7.870646206150842,0.17978709247535643,0.0,0.003907295223531914,81.0,1,0,0,0,15,606,605
1788469230.532049,2.2887405745400704,4011.83984375,6.307594793133127,0.17000952196676747,0.0,0.02732871182754088,82.0,0,0,1,0,15,607,606
1788469231.531676,1.8606938279021896,4011.83984375,8.134547813601607,0.1815977141439727,0.0,0.0,82.0,1,0,0,0,15,607,607
1788469232.531868,2.4095375447935434,4011.83984375,6.24583437522124,0.16309659653658581,0.0,0.007811000858380557,81.0,0,0,2,0,14,608,608
1788469233.5315082,1.4705290575859464,4051.84375,6.842480970331247,0.15296717344873764,0.0,0.0,82.0,1,2,0,0,13,609,608
1788469234.5320752,2.0388440582345404,4051.84375,8.518882297967776,0.1460849309049387,0.0,0.0,82.0,1,0,1,0,14,609,609
1788469235.5317173,1.3904976122177612,4011.83984375,2.779678415608842,0.07678586377657143,0.0,0.003907648415630308,82.0,2,0,0,0,14,610,609
1788469236.5315015,2.040440263375807,4011.83984375,8.040793637810282,0.20646640112233536,0.0,0.0,82.0,0,0,1,0,15,610,610
1788469237.5320666,2.628514752396888,4011.83984375,9.265088496271094,0.1981797966675515,0.0,0.0,82.0,0,0,2,0,14,611,611
1788469238.5315187,2.081140227375556,4011.83984375,4.964131253628931,0.14316487142432524,0.0,6.652082081943585,82.0,1,0,1,0,14,612,611
1788469239.5315042,2.0200293783645638,4011.83984375,9.302104813669594,0.174770989663689,0.0,0.0,82.0,0,0,1,0,15,613,612
1788469240.5315075,2.2299925565963687,4011.83984375,8.881999886513135,0.19204552444521375,0.0,0.003906236961527476,82.0,1,0,0,0,15,613,613
1788469241.5315015,1.9600116825805007,4011.83984375,6.479555604193235,0.19852661208279182,0.0,0.0,82.0,1,0,1,0,14,614,614
1788469242.5317454,2.559375762604386,4011.83984375,7.466694252915207,0.19259905127776691,0.0,0.10934832970111746,81.0,2,0,1,0,13,615,614
1788469243.532488,2.6280482172498045,4051.71484375,15.024434777657413,0.24748637198240156,0.0,0.10539047924450716,81.0,2,0,2,0,12,616,615
1788469244.5315046,1.5715455783628287,4051.71484375,3.839973423569733,0.12621704227910072,0.0,0.0,82.0,0,1,1,0,14,616,616
1788469245.5315022,1.9700046968574612,4051.71484375,6.473076994602668,0.14996850483061036,0.0,0.0,81.0,0,0,0,0,16,617,617
1788469246.5320563,1.9389256708000617,4051.71484375,7.636454791799512,0.18782698871570222,0.0,0.0039040868049300534,81.0,0,0,1,0,15,618,617
1788469247.5315142,2.581399541511297,4052.68359375,9.750280413069563,0.19042039298382885,0.0,0.0,81.0,0,1,2,0,13,619,618
1788469248.5322614,2.2283349795752003,4087.72265625,9.446164064841458,0.18868748031537333,0.0,0.0,82.0,2,0,1,0,13,619,619
1788469249.5318408,2.481043453372415,4087.72265625,7.016444446564613,0.23067830002814524,0.0,0.011723680632742919,81.0,1,0,0,0,15,620,620
1788469250.5315244,2.01063612798234,4087.72265625,6.9842376907862835,0.17048125949653434,0.0,0.0,80.0,0,0,1,0,15,621,620
1788469251.5318737,2.3191899458718264,4091.71875,5.414791901079397,0.18333325786047802,0.0,0.0312390887105558,82.0,0,0,2,0,14,622,621
1788469252.5324895,2.1586706146721104,4087.71875,8.509372780348864,0.16741932770646434,0.0,0.0,82.0,0,0,2,0,14,623,622
1788469253.5320728,2.0608588746339396,4087.71875,6.1616598561831974,0.17690306342956422,0.0,0.0,82.0,0,1,0,0,15,623,623
1788469254.5316818,2.220868373902862,4087.71875,11.368652484434717,0.2087302965369989,0.0,0.0,82.0,0,0,0,0,16,624,623
1788469255.5315046,2.140379157474868,4087.71875,7.193165903631782,0.1820657908636598,0.0,0.0,81.0,0,0,1,0,15,625,624
1788469256.5322325,2.158428897041947,4087.71875,5.567906661263266,0.16434151300449307,0.0,0.015613634961238703,81.0,1,0,2,0,13,625,625
1788469257.5315099,2.501807923272953,4087.71875,9.01182337681177,0.20449920584986947,0.0,0.0,82.0,1,0,2,0,13,626,626
1788469258.5322685,2.1283853049178845,4087.71875,7.03609255635397,0.17548122852583667,0.0,0.0,82.0,1,0,1,0,14,627,627
1788469259.5318549,1.1604800398040669,4087.71875,4.105326352410658,0.1032302628770093,0.0,0.0,82.0,1,0,0,0,15,628,627
1788469260.5324218,2.3186853995606005,4087.71875,6.844770225621097,0.15561436391892453,0.0,0.0,82.0,0,0,1,0,15,628,628
1788469261.531372,1.6517339192497564,4100.71875,5.592682022797197,0.1625890444666831,0.0,0.03128283937973714,82.0,0,0,2,0,14,629,628
1788469262.5319862,2.418514629915629,4142.72265625,6.139836259316445,0.1926574026419626,0.0,0.0,81.0,0,1,2,0,13,630,629
1788469263.5315638,2.340989015707122,4107.72265625,9.043846534743205,0.18535720180549606,0.0,0.0,81.0,1,0,0,0,15,630,629
1788469264.532141,2.358638566977949,4107.72265625,7.593023607694095,0.19174570647350017,0.0,0.0,82.0,0,0,1,0,15,631,631
1788469265.531505,2.121348885888626,4107.72265625,10.10225074356391,0.17470978522233677,0.0,0.0,80.0,1,0,1,0,14,632,632
1788469266.5320587,1.6790704532639587,4109.72265625,5.233244992524948,0.11828263943463153,0.0,0.0,81.0,0,0,2,0,14,632,632
1788469267.531632,2.2509606407997462,4135.72265625,7.005000818124877,0.1726544025851792,0.0,0.0039079177791654365,81.0,2,1,0,0,13,633,633
1788469268.5322428,1.6989622256224615,4135.72265625,6.1755014336888525,0.17942912640050934,0.0,0.0,82.0,0,0,1,0,15,634,633
1788469269.5319746,2.2606063418711475,4135.72265625,8.096992758954483,0.15799659399229082,0.0,0.0,82.0,0,0,2,0,14,635,634
1788469270.5315855,1.2104709931995998,4135.72265625,0.859894597049328,0.00283351523801528,0.0,6.295418291724228,82.0,0,0,2,0,14,635,634
1788469271.5321817,1.6290286348778535,4135.72265625,0.8938056450085243,0.10458718000955489,0.0,0.0,81.0,1,0,0,0,15,635,635
1788469272.5319421,1.8904529727070418,4135.72265625,4.537558614351135,0.16632632206766082,0.0,0.003907186203511841,82.0,0,0,0,0,16,636,635
1788469273.5311508,2.091655150281046,4209.7265625,9.387990651362388,0.1815134151040865,0.0,0.07818687015105041,81.0,0,0,1,0,15,636,636
1788469274.5317438,1.6590162912566744,4175.72265625,7.4126359878297485,0.16123366638939132,0.0,0.0,82.0,0,2,2,0,12,637,636
1788469275.531512,2.1304937267071766,4175.72265625,7.335268469083774,0.1834445734322968,0.0,0.003907155455375343,82.0,1,1,0,0,14,638,637
1788469276.5321963,2.3983588957713886,4175.72265625,7.9248303739611465,0.17461082147178078,0.0,0.0,81.0,1,0,1,0,14,638,638
1788469277.5315144,2.0113715082437005,4175.72265625,8.281428548252107,0.16205870816835438,0.0,0.003908915400038746,82.0,1,0,2,0,13,639,638
1788469278.531515,2.319998893738484,4175.72265625,9.154602453898214,0.19538011771196476,0.0,0.0,82.0,1,0,1,0,14,640,639
1788469279.532322,1.7186129987236216,4175.72265625,4.219953407696473,0.18239750491282228,0.0,0.0,82.0,0,0,0,0,16,641,640
1788469280.5319407,2.1608237736738687,4175.72265625,7.769633208155594,0.16952301676364065,0.0,0.0,82.0,1,0,0,0,15,642,641
1788469281.531522,2.150900502510736,4175.72265625,11.72130837858028,0.23501317098814373,0.0,0.0273552026118723,82.0,0,0,1,0,15,642,641
1788469282.531776,1.3996446081378,4175.72265625,2.501311326846339,0.11842390979196347,0.0,0.011715775179727933,82.0,0,0,1,0,15,643,642
1788469283.5315073,1.4303843410381247,4175.72265625,6.887444054949267,0.14675364288223464,0.0,0.003907299882642683,82.0,0,0,1,0,15,643,643
1788469284.532077,1.7290147721039648,4175.72265625,4.579618147046222,0.16484213526170838,0.0,0.0,82.0,0,0,2,0,14,644,643
1788469285.5316825,2.020797371780925,4377.7265625,5.054596270758654,0.16484089176079372,0.0,0.0,82.0,2,1,1,0,12,645,644
1788469286.531509,2.3604096933019996,5097.7265625,11.244810634169978,0.20630698000942393,0.0,0.0,81.0,1,1,1,0,13,646,645
1788469287.5320668,1.878951733814535,5475.7265625,8.113180913129634,0.1451750493966131,0.0,0.015616287681299629,82.0,2,1,1,0,12,646,646
1788469288.5315068,1.6809414032353194,6109.7265625,4.146909019777168,0.1617822710406004,0.0,0.0039084389026122655,81.0,2,1,0,0,13,647,646
1788469289.5315123,3.409981300933689,6624.49609375,5.358908830904219,0.15904148627419845,0.0,0.0,82.0,0,0,4,1,11,648,647
1788469290.531308,2.8005722261420867,6841.96875,4.21825195358377,0.1222211703164485,0.0,0.0,83.0,0,0,3,2,11,648,648
1788469291.531512,2.7694347962890387,7203.96875,5.891130731604992,0.08626417109240173,0.0,0.0,83.0,1,0,2,2,11,649,648
1788469292.5315058,1.9700122118751215,7109.96484375,2.412290267836324,0.10927077318193977,0.0,0.027343919501759302,79.0,2,0,1,0,13,649,648
1788469293.5322173,3.217710788490346,7473.96484375,7.749558286207666,0.2188841937937068,0.0,0.003903472909173733,82.0,1,0,1,0,14,650,649
1788469294.5318358,2.7010303613131854,8809.97265625,8.409830982583077,0.17628718841110652,0.0,0.0,82.0,0,0,2,0,14,651,650
1788469295.5315068,2.600855727411138,9369.96484375,5.831692632635364,0.17779859592017408,0.0,0.0,80.0,1,0,3,0,12,651,651
1788469296.5315058,1.730001649858159,9369.96484375,4.125713468278378,0.1241923562930644,0.0,0.0,82.0,1,0,2,0,13,652,651
1788469297.5320332,1.988951063215532,3897.953125,7.572722706168641,0.19500747763144474,0.0,0.0,82.0,3,0,0,0,13,653,652
1788469298.5315099,1.8409634291471675,3897.953125,8.938877304955572,0.2017838753715612,0.0,0.003908295323427897,81.0,0,0,2,0,14,653,653
1788469299.5319147,1.7492918258856884,3897.953125,2.999689704628358,0.15441174718219866,0.0,0.0,82.0,0,0,2,0,14,654,654
1788469300.5312948,1.5709738283048342,3897.953125,3.998192620471293,0.1630134188864481,0.0,0.0,82.0,0,0,2,0,14,655,654
1788469301.531869,1.6790360453615165,3897.953125,5.466315534637593,0.1578559596179104,0.0,6.44551830099373,82.0,1,0,0,0,15,655,655
1788469302.5322392,1.4294707183775122,3897.953125,7.917237408233884,0.1730545154422565,0.0,0.0,82.0,0,0,1,0,15,656,656
1788469303.5312054,1.4615108850473686,3957.828125,6.46950239238104,0.18042524429780848,0.0,0.09384701744738862,81.0,0,1,0,0,15,657,656
1788469304.5318017,1.8389034896786032,3897.953125,5.835463882644059,0.16666202027494725,0.0,0.04684706580362919,82.0,0,0,1,0,15,658,657
1788469305.5323648,0.9494653136559443,3917.95703125,2.5272013545991032,0.12135538067599376,0.0,0.0,81.0,0,0,2,0,14,658,658
1788469306.5320404,1.950632956374374,3897.953125,4.79790447902583,0.17621799294672025,0.0,0.0,82.0,0,0,2,0,14,659,658
1788469307.531501,1.2906960760411865,3897.953125,6.1998882644782665,0.15015880088987657,0.0,0.0,82.0,1,0,0,0,15,660,659
1788469308.5320723,2.2786982915149614,3897.953125,10.263160101984893,0.2067281435413539,0.0,0.0039040198251006743,82.0,1,0,1,0,14,660,660
1788469309.531508,1.1706606468561682,3897.953125,3.426673635600917,0.13325391102013223,0.0,0.0,82.0,0,0,2,0,14,661,660
1788469310.5315058,1.7300037121852603,3897.953125,6.160148487409684,0.16258846838384042,0.0,0.0,82.0,1,0,1,0,14,662,661
1788469311.5315728,1.7498827655179237,3897.953125,6.048442932971915,0.19207430532460304,0.0,0.0,82.0,0,0,1,0,15,662,662
1788469312.5321627,1.9088740552870296,3897.953125,5.495148897559032,0.15869888757518266,0.0,0.0,81.0,1,0,2,0,13,663,663
1788469313.5318174,1.6805801868705295,3897.953125,7.063592930451224,0.1736954476853009,0.0,0.027353193145674453,82.0,3,0,0,0,13,664,663
1788469314.5315018,0.9202905046049344,3897.953125,3.348031233156371,0.10753592910054424,0.0,0.019537417302252814,82.0,1,0,0,0,15,664,664
1788469315.5320432,1.7190692123936944,3937.95703125,5.441006535091116,0.19416023781297845,0.0,0.0,81.0,0,0,2,0,14,665,664
1788469316.5316355,1.7207015227325042,3913.95703125,5.060579679310709,0.1565646470896061,0.0,0.0,82.0,1,0,2,0,13,666,665
1788469317.532385,1.3090187752176492,3913.95703125,5.924880069985382,0.14821100821260919,0.0,0.0,82.0,1,0,1,0,14,667,666
1788469318.5319831,1.810727865023661,3913.95703125,5.7316283047966685,0.15437228004077644,0.0,0.011723462523893186,82.0,1,0,1,0,14,667,667
1788469319.5315082,1.7808457767453691,3913.95703125,7.7482553779394285,0.19398556214327559,0.0,0.003908106076074491,82.0,0,0,1,0,15,668,667
1788469320.532094,1.3092330585419973,3913.95703125,4.282672279884416,0.12803207044670878,0.0,3.2363853934021973,80.0,1,0,1,0,14,668,668
1788469321.531506,1.5008824291396756,3913.95703125,7.863125435668077,0.2023427432071564,0.0,0.0,82.0,1,0,0,0,15,669,668
1788469322.5313451,1.5502494855889166,3913.95703125,3.795907554054019,0.1420039779389164,0.0,0.0,82.0,2,0,2,0,12,670,669
1788469323.5315068,1.7297203945094584,3913.95703125,6.720197607522511,0.1794858714530837,0.0,0.027339330657437863,82.0,0,0,1,0,15,671,670
1788469324.5320823,2.038826568761553,3913.95703125,8.974179346813392,0.18820135162762902,0.0,0.0039040030805024308,82.0,1,0,2,0,13,671,671
1788469325.5315058,1.6409459990088884,3938.95703125,4.275502721209499,0.16921643384385932,0.0,0.0,81.0,1,0,2,0,13,672,671
1788469326.5315068,1.329998731614296,4003.96484375,3.8648005821222475,0.16324027706119817,0.0,0.0,82.0,1,1,1,0,13,672,672
1788469327.5320678,1.5891085118461439,4011.9609375,5.429158494487398,0.12695247669752377,0.0,0.0,81.0,0,0,1,0,15,673,672
1788469328.5315075,1.5108465026097413,3953.95703125,4.732593916822561,0.16054565484258654,0.0,0.0,83.0,1,0,2,0,13,674,673
1788469329.532094,1.0293962491102286,3953.95703125,0.010727312758115538,0.00035455889347125547,0.0,0.0,83.0,1,0,2,0,13,674,673
1788469330.5316975,0.980388714416085,3973.83203125,0.7085262010269899,0.06645167091577839,0.0,0.6799570962550813,81.0,0,2,1,0,13,674,673
1788469331.5322502,1.6990610066861263,3993.8828125,4.30994070945632,0.19683164221128327,0.0,0.0,82.0,2,0,0,0,14,675,674
1788469332.5318687,1.49056860679864,3993.8828125,5.692774877501488,0.13580352917830593,0.0,0.0,81.0,0,0,1,0,15,676,675
1788469333.5324376,1.749005049217814,3993.8828125,6.951733866451894,0.18238659514998726,0.0,6.340143303412928,82.0,0,0,1,0,15,676,676
1788469334.5318844,1.4508024839787645,3993.8828125,4.675422425276432,0.15353875396470978,0.0,0.0,82.0,1,0,1,0,14,677,676
1788469335.5316303,1.5603965813530667,3993.8828125,4.422767322055176,0.15215926212630906,0.0,0.007814486084500808,82.0,1,0,2,0,13,678,677
1788469336.5315084,2.0202461304122363,3993.8828125,5.258249989925588,0.16098839403852314,0.0,0.0,82.0,1,1,0,0,14,678,678
1788469337.5320554,1.8489887284894875,3993.8828125,8.96479577028822,0.1805119289481623,0.0,0.0,81.0,0,0,2,0,14,679,678
1788469338.5316467,1.5906500182461683,3993.8828125,5.471275750788892,0.14185408065181665,0.0,0.0,80.0,1,0,2,0,13,680,679
1788469339.5314982,1.7002525466289011,3993.8828125,4.334057836063353,0.16829606257605192,0.0,0.0,82.0,2,0,1,0,13,680,680
1788469340.5320609,1.529139602312894,3993.8828125,7.2030326945402345,0.16754831933173586,0.0,0.0,82.0,0,1,0,0,15,681,681
1788469341.5316517,1.7006957993485734,3993.8828125,5.896426741668869,0.15413486848695843,0.0,0.003907848803650633,82.0,1,0,0,0,15,682,681
1788469342.531511,1.3401885202473536,3993.8828125,2.858680396421883,0.12109934058450338,0.0,0.0,82.0,1,0,0,0,15,682,681
1788469343.5320857,1.0593912856582008,3995.8828125,3.5837772123618623,0.09335303763849526,0.0,0.0234240408090711,82.0,1,0,1,0,14,683,682
1788469344.5315053,0.7904587117443641,4035.88671875,5.045567729915288,0.11193095205719643,0.0,0.0,81.0,0,0,1,0,15,683,682
1788469345.5315037,1.7200028705642831,3995.8828125,5.938638107887925,0.12195226041455814,0.0,0.0,82.0,2,0,1,0,13,683,683
1788469346.532076,1.8089649019806207,4001.8828125,4.348586891045926,0.15568407969682874,0.0,0.0,79.0,0,2,1,0,13,684,684
1788469347.5316854,1.1004297504260103,4001.8828125,3.810329752000279,0.15130611405726094,0.0,0.0039077761023654164,80.0,0,0,1,0,15,685,684
1788469348.532286,2.098739546556912,4001.8828125,7.202474824408845,0.17270206534800253,0.0,0.011711716219626132,82.0,0,0,1,0,15,685,685
1788469349.5315144,1.471135013796261,4037.88671875,4.945183423413793,0.15842644404719752,0.0,0.011727798260491121,81.0,0,0,1,0,15,686,685
1788469350.531501,1.940025902140319,4037.88671875,6.698977266008114,0.16513281999538415,0.0,0.0,82.0,0,0,0,0,16,687,686
1788469351.5320392,1.5691556205185102,4037.88671875,5.924716928933,0.1752387252323986,0.0,0.0,82.0,0,0,1,0,15,688,687
1788469352.5315018,1.0405591918034964,4077.890625,2.095010317147935,0.07604775706396631,0.0,0.003908350329790914,82.0,0,0,1,0,15,688,687
1788469353.5320454,1.9889188349379125,4037.88671875,6.113936477859135,0.20037154028133358,0.0,0.0,82.0,0,0,2,0,14,689,688
1788469354.5317547,1.7805174757966602,4037.88671875,6.711791437569236,0.16867199210128103,0.0,0.02735169928584801,81.0,1,1,0,0,14,689,689
1788469355.5323136,1.1793409216115607,4059.7578125,3.3834164790566184,0.12254732824864034,0.0,0.0,81.0,0,0,1,0,15,690,689
1788469356.5315125,1.2109700917025263,4097.76171875,6.348520047034749,0.1361163499202089,0.0,0.0,82.0,0,0,1,0,15,690,690
1788469357.53208,1.3192514089697216,4037.88671875,3.611040526282179,0.11895487008314183,0.0,0.0039040347093085874,82.0,0,2,0,0,14,691,690
1788469358.5315092,2.0011422000954,4055.88671875,7.5014034175352045,0.16755989513133632,0.0,0.0,82.0,0,0,3,0,13,692,691
1788469359.5315034,2.05001173026094,4055.88671875,6.640098419752616,0.16011997291549443,0.0,0.0,82.0,2,1,1,0,12,692,692
1788469360.5321338,1.5790046290780098,4055.88671875,9.241123788047886,0.17255586678700807,0.0,0.0,82.0,0,2,0,0,14,693,693
1788469361.5317135,1.9108031716325231,4055.88671875,6.0617501415012995,0.17411588819286442,0.0,0.0,82.0,2,0,1,0,13,694,693
1788469362.5312903,1.690715498926836,4055.88671875,6.780370511450249,0.2056114579052405,0.0,0.003907903797445408,82.0,1,0,0,0,15,695,694
1788469363.5318933,1.908849039263509,4097.76171875,9.208389278296277,0.16879871083743384,0.0,0.081981818194815,81.0,0,0,3,0,13,695,695
1788469364.531505,1.5305940931283122,4091.76171875,6.3718026386966224,0.16047603010583217,0.0,6.756528765876495,82.0,2,0,0,0,14,696,695
1788469365.5320792,1.2292942474966297,4091.76171875,2.359510016412849,0.12550587221615397,0.0,0.0,82.0,0,0,0,0,16,697,696
1788469366.5316896,2.030791147407006,4091.76171875,7.061432452351365,0.19297869853816305,0.0,0.0,82.0,0,0,0,0,16,697,697
1788469367.5315077,1.8603384204424218,4091.76171875,6.629315893179535,0.1883715933622683,0.0,0.0,82.0,1,0,2,0,13,698,698
1788469368.5322225,2.088507179135695,4091.76171875,5.9935377535378676,0.18343878996555407,0.0,0.0039034598892336075,82.0,0,0,2,0,14,699,698
1788469369.5318086,1.8907825848027684,4091.76171875,7.446731454325845,0.2097597462939182,0.0,0.0,80.0,1,0,1,0,14,700,699
1788469370.5315187,1.5604524016662336,4091.76171875,8.364243249843552,0.18267491643390266,0.0,0.0,79.0,1,0,3,0,12,700,700
1788469371.5322127,1.918668374148623,4091.76171875,3.0526270395964943,0.1596420483582566,0.0,0.0,82.0,0,2,0,0,14,701,701
1788469372.5315151,1.7812426175827931,4091.76171875,7.300862866579918,0.16073377299780645,0.0,0.0,82.0,0,0,1,0,15,702,701
1788469373.5315192,2.0399917316771528,4091.76171875,7.466909661897599,0.2240066985812483,0.0,0.003906234167580402,81.0,1,0,1,0,14,703,702
1788469374.5313768,1.9202733238155163,4091.76171875,6.255645423011193,0.17140539384368053,0.0,0.027347642551089048,82.0,0,0,1,0,15,703,703
1788469375.5319736,1.4991053913129673,4101.71484375,5.7270625025167945,0.16317548078813252,0.0,0.0,82.0,0,1,0,0,15,704,704
1788469376.5317655,1.570326846918594,4101.71484375,3.7551332071518524,0.16068369790751297,0.0,0.0,82.0,0,0,2,0,14,705,704
1788469377.5315137,1.9504910751763656,4101.71484375,5.352548668716947,0.15689222292599914,0.0,0.0,81.0,0,2,2,0,12,705,705
1788469378.5320807,1.559116044532269,4123.71484375,4.441098944356518,0.13654501341774286,0.0,0.0039040365698425564,81.0,2,0,3,0,11,706,706
1788469379.5316722,1.7707231828718621,4125.71484375,6.320563107634396,0.17105412858063188,0.0,0.011723538022192006,82.0,2,0,1,0,13,707,706
1788469380.532252,2.1487540793608133,4125.71484375,8.399207384024155,0.1863333790831732,0.0,0.0,82.0,0,0,1,0,15,708,707
1788469381.5318315,1.870786797502121,4125.71484375,6.760970676487284,0.16828652797588098,0.0,0.0,82.0,1,0,0,0,15,708,707
1788469382.5315034,1.7405710186292453,4125.71484375,3.9255718199787832,0.17874191972769388,0.0,0.0,82.0,0,0,2,0,14,709,708
1788469383.531519,2.029968541156212,4125.71484375,5.199450024544812,0.17135068469178558,0.0,0.0,82.0,0,1,1,0,14,710,709
1788469384.5315173,2.1400035715161483,4125.71484375,9.600091743622352,0.1928609252039138,0.0,0.04687507823122683,81.0,1,0,0,0,15,711,710
1788469385.532099,1.7090058006874265,4125.71484375,9.47275411604806,0.16643569395702953,0.0,0.0,81.0,0,0,0,0,16,711,711
1788469386.5318165,2.1506076025985386,4185.71875,3.367408365944301,0.17265906357534808,0.0,0.0,81.0,0,2,1,0,13,712,711
1788469387.5316157,2.2404497668034393,4185.71875,8.677287644433168,0.19714498426359892,0.0,0.0,82.0,0,2,1,0,13,713,712
1788469388.531505,1.3101449363832856,4185.71875,5.509071399958033,0.09003872346107625,0.0,0.0,82.0,1,0,2,0,13,713,713
1788469389.53207,1.0294185703768037,4185.71875,0.00043272373139389227,0.00323303721781516,0.0,0.003904044942267363,82.0,1,0,2,0,13,713,713
1788469390.531654,1.5106284825093494,4185.71875,4.489200032724644,0.12384035621204138,0.0,0.0,82.0,0,1,0,0,15,714,713
1788469391.5322185,1.4791649001875953,4185.71875,5.7328168605981125,0.17050081588458665,0.0,0.0,82.0,0,1,0,0,15,714,714
1788469392.5318494,1.740642422311025,4185.71875,5.643986914573612,0.1887026099300794,0.0,0.0,81.0,0,0,3,0,13,715,714
1788469393.5315104,1.9706681180150456,4185.71875,5.956064587555767,0.1814742222652581,0.0,0.0,83.0,3,1,0,0,12,716,715
1788469394.531175,1.7405838874651565,4185.71875,4.897638076966833,0.17216926626148937,0.0,0.08987389864334851,84.0,0,0,2,0,14,716,716
1788469395.5317755,2.22866151848674,4185.71875,8.320274645845203,0.24581737185485306,0.0,6.597600137056054,89.0,1,0,0,0,15,717,717
1788469396.5323064,1.0794268694785514,4185.71875,3.8831835151462006,0.14945201167345123,0.0,0.0,91.0,0,0,0,0,16,718,717
1788469397.5318706,1.7207499530108605,4185.71875,5.846173001348129,0.15892374816218388,0.0,0.0,90.0,1,0,1,0,14,719,718
1788469398.5321245,1.8495303750396255,4185.71875,4.727410628242712,0.1658323737435253,0.0,0.0,92.0,1,0,2,0,13,719,719
1788469399.5317152,1.870765825491862,4295.72265625,7.8230553116727215,0.1679001532943741,0.0,0.0,96.0,1,1,1,0,13,720,719
1788469400.531509,2.0004125492227263,4871.72265625,6.082027662736956,0.16678816598977594,0.0,0.003907055760200637,96.0,2,1,3,0,10,720,720
1788469401.531503,1.9300115037648458,5549.84765625,4.7260852222753895,0.16001510629121238,0.0,0.0,97.0,1,1,3,0,11,721,721
1788469402.531503,1.8700000000003456,5933.72265625,2.0435562133789062,0.1120309829711914,0.0,0.0,96.0,1,2,1,0,12,722,721
1788469403.5315192,2.4699599558644683,6670.10546875,7.574798801823015,0.18505177890754562,0.0,0.0,97.0,0,0,2,0,14,722,722
1788469404.5315018,2.2300388128360304,6768.09765625,2.180080210174404,0.09928685377605573,0.0,0.0,96.0,0,0,2,0,14,723,722
1788469405.532049,2.6685398533432205,7130.09765625,6.056070641965077,0.18866992057139603,0.0,0.03123291026852935,97.0,0,0,2,0,14,723,723
1788469406.5316496,2.230890908782573,7492.09765625,4.4702758102374425,0.15741435743539436,0.0,0.0,98.0,0,0,1,1,14,724,723
1788469407.5322464,2.448538805811907,7866.09765625,4.489928652902075,0.12754267708760494,0.0,0.0,97.0,0,0,3,0,13,724,724
1788469408.5315065,2.261673214908352,8540.09765625,4.431664336785566,0.12408281063112936,0.0,0.0,97.0,0,0,6,0,10,725,724
1788469409.532219,2.947899931670502,9452.09375,4.57252533300042,0.11303002030833213,0.0,0.0,97.0,4,0,4,0,8,725,725
1788469410.5318274,1.7306775313631475,9452.09375,3.801244173749279,0.12475606190053003,0.0,0.00390777983057065,94.0,2,1,3,0,10,726,725
1788469411.5323992,1.3192457505914834,4027.26953125,3.8600119808363806,0.14136624425560834,0.0,0.0,98.0,0,0,2,1,13,726,726
1788469412.5315127,1.8216147526863038,4021.265625,7.288582551461777,0.1853678697919575,0.0,0.0,94.0,1,0,0,0,15,727,726
1788469413.531505,1.1000083923979223,4021.265625,2.961619084313082,0.1208457629834212,0.0,0.01171883940764929,96.0,0,0,0,0,16,727,727
1788469414.5320692,1.609092313668323,4021.265625,5.785680551484868,0.1751112191332652,0.0,0.0,97.0,0,0,2,0,14,728,727
1788469415.5316465,2.1208965371990196,4021.265625,8.74385615753348,0.2151168351527991,0.0,0.02735531353256541,97.0,1,0,1,0,14,729,728
1788469416.532219,1.4091933171379427,4021.265625,3.350804023632826,0.15748450272296957,0.0,0.0,98.0,1,0,0,0,15,729,729
1788469417.5315053,1.7112211048047146,4021.265625,4.42021505920224,0.1710701019323071,0.0,0.0,98.0,0,0,0,0,16,730,729
1788469418.5320754,1.379213767023922,4021.265625,4.024204761127506,0.18542210000965045,0.0,0.0,98.0,1,0,1,0,14,731,730
1788469419.5316498,1.6907195316229287,4061.26953125,6.0585590667567635,0.14953873792820022,0.0,0.0,97.0,0,0,3,0,13,731,731
1788469420.5322757,1.7788866859551191,4021.265625,5.03609091314149,0.16265416927472445,0.0,0.015615227229243097,96.0,0,1,2,0,13,732,731
1788469421.531097,1.3115459736092794,4061.140625,2.7896604731987704,0.14730460022533276,0.0,0.0,95.0,1,0,2,0,13,733,732
1788469422.5317256,1.938781069355092,4081.14453125,5.883425094610574,0.2048663538515314,0.0,0.0,96.0,0,0,2,0,14,733,733
1788469423.5322938,1.6690517258014232,4061.140625,3.7395755270764774,0.16267117371393197,0.0,0.0,97.0,0,0,0,0,16,734,733
1788469424.5319076,0.9703747957162943,4061.140625,4.441276280301592,0.12028190056775087,0.0,0.14458709504460626,98.0,1,0,0,0,15,735,734
1788469425.532497,1.4891223548740948,4061.140625,7.60291042457353,0.17628579652571402,0.0,0.003903949126662943,98.0,0,0,1,0,15,735,735
1788469426.5315058,2.022004020383992,4061.140625,7.165932841974279,0.1666242258326498,0.0,6.733235850675406,97.0,2,0,2,0,12,736,735
1788469427.5315025,1.3900046396409085,4061.140625,1.6971778298591658,0.14068459739312256,0.0,0.0,96.0,0,0,1,0,15,737,736
1788469428.5315094,1.7099881769044452,4061.140625,4.738348624203181,0.18310801741301894,0.0,0.0,97.0,0,1,0,0,15,737,736
1788469429.5315008,1.290011072253811,4061.140625,4.829322303677304,0.15114723236569527,0.0,0.0,97.0,1,0,0,0,15,738,737
1788469430.5320606,2.0788362532799227,4065.14453125,9.903565985456979,0.19470187187310264,0.0,0.0,97.0,1,0,3,0,12,738,738
1788469431.5315068,1.1006095686028934,4083.14453125,2.1214867147537166,0.10170561364662674,0.0,0.003908414661230574,97.0,0,1,2,0,13,739,738
1788469432.5320957,1.599058324322353,4103.1484375,5.22491799653734,0.17818829415165077,0.0,0.0,97.0,1,0,1,0,14,740,739
1788469433.531678,1.7707396545111245,4083.14453125,4.73000120213178,0.1723981002501579,0.0,0.0,97.0,1,0,0,0,15,740,740
1788469434.5314877,1.3602588001540064,4087.14453125,4.974958900738428,0.16159747953144696,0.0,0.0,98.0,1,0,1,0,14,741,740
1788469435.5320551,1.8689394960405523,4087.14453125,7.572118367739863,0.2073923125972792,0.0,3.0139147955862295,98.0,0,0,2,0,14,742,741
1788469436.531627,1.9908524825710732,4089.14453125,9.459130429804786,0.2100461108243562,0.0,0.027355463603170226,98.0,1,0,1,0,14,742,742
1788469437.5315058,1.7502119797911009,4109.14453125,3.4582063600613857,0.1270552978733348,0.0,0.003906723169176564,98.0,0,1,2,0,13,743,743
1788469438.5321083,2.168693397470688,4175.1484375,5.0381957243453455,0.20851447199089027,0.0,0.0,98.0,1,1,0,0,14,744,743
1788469439.5317347,1.520568087146874,4133.1484375,6.992133300991691,0.17473263884665316,0.0,0.0,98.0,1,0,0,0,15,745,744
1788469440.5323126,1.768977660691835,4133.1484375,5.919641206196828,0.15565840816941198,0.0,0.0,97.0,1,0,2,0,13,745,745
1788469441.53151,1.8614938803672654,4133.1484375,5.114215481116638,0.1724702202704979,0.0,0.0,96.0,0,1,2,0,13,746,745
1788469442.5320995,1.3192224888821054,4133.1484375,3.8523704862971004,0.18544711464228733,0.0,0.003903949126662943,95.0,0,0,0,0,16,746,746
1788469443.5318553,1.7104175824176189,4133.1484375,3.9611788385225886,0.14282852564102563,0.0,0.0,96.0,1,0,1,0,14,747,746
1788469444.5324497,1.6090436206470158,4133.1484375,6.492741964884172,0.17965986918118745,0.0,0.015615718368079276,98.0,0,0,2,0,14,748,747
1788469445.5320928,1.690603397676122,4133.1484375,4.8406635459252,0.15759561553870713,0.0,0.6682072415925655,97.0,1,0,1,0,14,748,748
1788469446.5315053,1.8610933241728058,4133.1484375,6.939795412038627,0.18826100232833315,0.0,0.02735982289400359,97.0,0,0,2,0,14,749,748
1788469447.5322697,1.3289841644212153,4151.15234375,6.880935602297552,0.18539372151585107,0.0,0.0039032664603538764,97.0,1,1,1,0,13,750,749
1788469448.5315075,1.9314722148585834,4191.15234375,6.011663267007977,0.16412656608385326,0.0,0.0,98.0,1,0,2,0,13,750,750
1788469449.5315142,1.4899900532435182,4191.15234375,3.128088096030548,0.13365084118281528,0.0,0.0,97.0,1,0,1,0,14,751,751
1788469450.5321043,1.6690151375615216,4191.15234375,4.619671419438574,0.14577083997036774,0.0,0.0,97.0,1,0,0,0,15,752,751
1788469451.5315075,1.6209673312253217,4191.15234375,5.263991301113769,0.12652890726444313,0.0,0.011725747477039106,96.0,0,0,1,0,15,752,751
1788469452.5319963,1.0394919399082525,4191.15234375,0.0005547673051415586,0.00516353005490004,0.0,0.0039043417214086325,97.0,0,0,1,0,15,752,752
1788469453.5316072,1.190463208188055,4191.15234375,4.724311369933064,0.1159327512383511,0.0,0.0,96.0,0,0,2,0,14,753,752
1788469454.5318506,2.23945485987357,4221.15625,7.982709325260855,0.20599882011524734,0.0,0.10934838182977481,95.0,1,0,2,0,13,753,753
1788469455.531503,1.4505042159905794,4221.15625,4.929579574351169,0.14375343144012445,0.0,0.0,96.0,1,0,1,0,14,754,753
1788469456.5315106,1.5899878693553904,4221.15625,5.01199331670138,0.16809144522517985,0.0,0.0039062201979049842,97.0,2,0,1,0,13,754,754
1788469457.5321648,2.3884374350732864,4221.15625,9.263945515991239,0.22447205750327373,0.0,6.671416671908446,98.0,1,0,2,0,13,755,755
1788469458.5315173,1.5910302634706965,4235.16015625,7.819079546940205,0.16167619527491728,0.0,0.003908781111120654,98.0,0,3,0,0,13,756,755
1788469459.5324314,1.8483104652585547,4221.15625,4.598190912256815,0.14889458135964087,0.0,0.0,98.0,0,2,0,0,14,757,756
1788469460.5320697,1.8906838243873045,4221.15625,6.463374361731231,0.19186855902768254,0.0,0.0,98.0,0,0,0,0,16,758,757
1788469461.5316823,1.3205116060639717,4221.15625,3.4222176322108133,0.14903692841736751,0.0,0.0,97.0,0,0,1,0,15,758,757
1788469462.5315042,1.790318853421556,4269.078125,8.212539378861429,0.1938984017625133,0.0,0.0,97.0,0,0,1,0,15,759,758
1788469463.532172,2.438371629968807,4269.078125,9.761039573706162,0.20187438722643347,0.0,0.0039036431063792783,96.0,1,0,1,0,14,760,759
1788469464.5317705,1.9607872499773775,4269.078125,6.519948862525103,0.1760312167570636,0.0,0.0,95.0,2,0,1,0,13,760,760
1788469465.5323544,1.3791947060025829,4270.0859375,2.713553073054335,0.07713487069646463,0.0,0.0,95.0,1,1,1,0,13,761,760
1788469466.5316737,1.7011579527746221,4291.08203125,4.386150946844396,0.16287159881940588,0.0,0.027362375159521207,97.0,0,0,2,0,14,761,761
1788469467.5315037,1.4702499313831894,4296.08203125,5.3636866351535,0.15696523576095045,0.0,0.0,98.0,0,0,3,0,13,762,761
1788469468.532106,1.8688744790714538,4300.08203125,6.567110890839038,0.20295604063066647,0.0,0.0039038988951184584,98.0,0,2,0,0,14,763,762
1788469469.5317225,1.950747872013889,4300.08203125,5.922957447904642,0.15065819224670712,0.0,0.0,98.0,1,0,1,0,14,763,762
1788469470.5315104,1.8703968842569663,4302.08203125,5.906970311063969,0.165486164733556,0.0,0.0,96.0,1,0,1,0,14,764,763
1788469471.5322106,2.138502544885906,4302.08203125,7.271531942054316,0.1816545678458778,0.0,0.0,98.0,2,0,1,0,13,765,764
1788469472.5315135,2.041423149416146,4342.08203125,8.176391546459639,0.1628599649757359,0.0,0.0,97.0,1,0,2,0,13,765,765
1788469473.5322638,1.5988004148230959,4342.08203125,2.403769335246558,0.12001378932118564,0.0,0.0,97.0,1,0,1,0,14,766,765
1788469474.5318959,1.9507176297430826,4379.0859375,9.34204835429446,0.21861584764788644,0.0,0.00390768755958186,98.0,1,0,1,0,14,767,766
1788469475.532267,1.8393172128439457,4329.08203125,8.34445850327263,0.15636552307142682,0.0,0.0,98.0,3,0,0,0,13,767,766
1788469476.5315106,1.6812718857986815,4329.08203125,4.718120240097482,0.15857867482548266,0.0,0.0,97.0,1,0,3,0,12,768,767
1788469477.5321054,2.258656428387663,4329.08203125,8.142185508526856,0.20928712573559038,0.0,0.039039277315878126,98.0,1,0,1,0,14,769,768
1788469478.5319076,2.1604275214295807,4329.08203125,8.550255945309306,0.21257506306227247,0.0,0.0,97.0,1,0,1,0,14,769,769
1788469479.531515,2.540997787322396,4389.0859375,7.366807253729556,0.18409328499803346,0.0,0.003907784490837195,97.0,0,2,0,0,14,770,769
1788469480.5315065,2.130017774253046,4389.0859375,6.566284613600129,0.18474351549697934,0.0,0.0,96.0,1,0,0,0,15,771,770
1788469481.53207,2.0388513456035104,4389.0859375,6.979876173163132,0.17936043055119694,0.0,0.0,95.0,0,0,0,0,16,772,771
1788469482.5316856,2.140822784025029,4451.08984375,9.104970267312742,0.23649817348853672,0.0,0.01563100747681919,97.0,0,2,1,0,13,772,772
1788469483.532405,2.3583036513053286,4415.77734375,6.78384045442319,0.17498590172159814,0.0,0.0,98.0,0,0,1,0,15,773,772
1788469484.532037,1.9507176297430826,4415.77734375,5.2357069720883205,0.1991375134428125,0.0,0.08596912631080092,98.0,1,0,1,0,14,774,773
1788469485.531519,1.7809226667775504,4415.77734375,7.10983793206844,0.1463103132988926,0.0,0.09379859551144752,95.0,0,0,2,0,14,774,774
1788469486.532116,2.098747047756204,4415.77734375,7.162294772598604,0.19547046231326284,0.0,0.0,93.0,2,0,2,0,12,775,775
1788469487.5317204,1.9407676442914268,4415.77734375,3.778707713150052,0.14391487950923582,0.0,0.0,92.0,1,1,1,0,13,776,775
1788469488.5322626,2.088867491561127,4415.77734375,8.881483913798338,0.2108775292631282,0.0,6.644834910729647,97.0,0,0,1,0,15,777,776
1788469489.5315008,1.9414789164395936,4415.77734375,8.972376523731548,0.1811835483162094,0.0,0.0,98.0,0,1,0,0,15,777,777
1788469490.531512,2.0299772527380116,4415.77734375,6.199856902772324,0.16717914165981818,0.0,0.003906206228329484,97.0,1,0,3,0,12,778,777
1788469491.5321007,2.228688070572791,4415.77734375,8.781589092381218,0.19971439961132043,0.0,0.0,97.0,0,1,0,0,15,779,778
1788469492.5315013,2.0712414696343995,4415.77734375,5.249061618067699,0.17415567096634135,0.0,0.0,94.0,0,0,1,0,15,780,779
1788469493.5315053,1.9099922585804228,4415.77734375,8.313275021153602,0.19469563726762926,0.0,0.0,95.0,1,0,2,0,13,780,780
1788469494.5320926,1.838920140193321,4415.77734375,6.134027454943293,0.1599288213999014,0.0,0.0,95.0,2,0,1,0,13,781,780
1788469495.5317113,2.1908352149746353,4415.77734375,9.368465465612296,0.2126159603406393,0.0,0.003907739752737195,96.0,0,0,2,0,14,782,781
1788469496.5315073,2.330475618154725,4453.78125,8.714971546088089,0.17617197113210895,0.0,0.0,96.0,2,0,2,0,12,782,782
1788469497.5320983,1.9788304327386181,4461.734375,4.508543806053351,0.14263496587743518,0.0,0.027327598305654593,96.0,2,1,2,0,11,783,782
1788469498.5315115,1.670980444639817,4461.734375,5.324299598052694,0.17615640662114493,0.0,0.0,97.0,0,2,0,0,14,784,783
1788469499.5317516,1.7495799477082867,4461.734375,4.994265264243819,0.15142715283801367,0.0,0.0,98.0,0,0,0,0,16,784,784
1788469500.5323043,1.6390941476262255,4461.734375,7.352001681352288,0.1887775453686322,0.0,0.0039040923866862443,98.0,0,0,1,0,15,785,784
1788469501.5319204,1.7006528022319645,4461.734375,7.6697865382019295,0.17826915105180582,0.0,0.0,96.0,0,1,1,0,14,786,785
1788469502.5315104,1.9107835740439285,4461.734375,7.093879096996029,0.19516078866875416,0.0,0.0,96.0,1,0,1,0,14,787,786
1788469503.532105,1.9388471305981916,4461.734375,6.932664378890764,0.17206165271714294,0.0,0.0,96.0,0,1,2,0,13,787,786
1788469504.531504,1.8210945747908913,4677.73828125,8.30890339504693,0.19207673679672826,0.0,0.0,96.0,0,1,3,0,12,788,787
1788469505.5320728,1.7390107346501849,5271.73828125,7.811957518901801,0.18822548246356058,0.0,0.00390402912771732,96.0,2,1,1,0,12,789,788
1788469506.5316591,1.96081110173742,5993.7421875,5.836964400585893,0.19124980411771397,0.0,0.0,96.0,0,1,1,0,14,789,789
1788469507.5315146,2.73039449192576,6285.86328125,6.256385652948782,0.1817450851253476,0.0,0.02734770124124341,96.0,0,0,3,0,13,790,790
1788469508.5315561,3.239865594717863,6641.86328125,6.146916970359602,0.1527007651488457,0.0,0.0,99.0,0,0,2,2,12,791,790
1788469509.5315113,2.0200905458976375,7001.86328125,0.00038148682582932853,0.00028039281698455647,0.0,0.011719275289476971,99.0,0,0,2,2,12,791,790
1788469510.5322533,1.9085839097200032,7361.36328125,3.3110971130810003,0.055317843168273054,0.0,0.0,98.0,0,0,2,3,11,791,791
1788469511.531503,3.0222676172708436,7228.85546875,7.226091506474226,0.15021055045182036,0.0,0.0039091830728364505,99.0,1,0,3,1,11,792,791
1788469512.5315046,3.2099946427439594,7918.85546875,8.67538911635308,0.24746376699295783,0.0,6.95701963922084,96.0,2,0,2,0,12,793,792
1788469513.531504,3.1700022673623818,9286.85546875,8.653199663066623,0.20758071487954727,0.0,0.027343769557788056,96.0,1,0,1,0,14,794,794
1788469514.5316498,2.259670286603834,9286.859375,7.502241284450034,0.20592736541089263,0.0,0.0,98.0,0,0,3,0,13,795,794
1788469515.5315223,1.7102181450623897,3814.84765625,7.256704887655949,0.18989505621315814,0.0,0.003906748321140244,97.0,1,0,0,0,15,795,795
1788469516.531514,1.8500154377317284,3814.84765625,8.837786989818726,0.23629290348330068,0.0,0.003906282596562119,96.0,1,0,1,0,14,796,796
1788469517.5320995,1.9788412775569908,3814.84765625,11.381030128003507,0.21755068195465074,0.0,0.01171189203099534,98.0,2,0,1,0,13,797,796
1788469518.531504,1.8110786233904363,3814.84765625,5.990176072079672,0.21884600575503732,0.0,0.0,97.0,2,0,1,0,13,798,798
1788469519.5320592,1.9189344600779494,3814.84765625,11.919038905713222,0.2170806930222395,0.0,0.0,98.0,1,0,2,0,13,799,798
1788469520.5315373,1.7409085771742883,3814.84765625,6.016099272085809,0.10761155168691698,0.0,5.526321677721151,98.0,0,2,0,0,14,799,799
1788469521.532163,1.2592122237977417,3814.84765625,3.9748292084114856,0.16893499245162175,0.0,0.0,97.0,1,0,1,0,14,800,799
1788469522.531767,1.6906695275510528,3814.84765625,5.77681142897213,0.18867334996087193,0.0,0.003907797539642655,97.0,0,2,1,0,13,801,800
1788469523.5323727,1.7189586177233518,3814.84765625,8.31081824561069,0.22146255103536108,0.0,0.0,97.0,0,0,0,0,16,802,801
1788469524.5319664,1.5006096455659972,3814.84765625,9.204808472069837,0.17480894910079664,0.0,0.0,98.0,0,0,1,0,15,802,802
1788469525.531506,1.7107876231433015,3814.84765625,7.406667297971817,0.17502450282930454,0.0,0.0,96.0,0,0,3,0,13,803,802
1788469526.5315068,1.3699990201006864,3814.97265625,3.9953813585891544,0.18011938563390806,0.0,0.0,95.0,2,0,1,0,13,804,803
1788469527.5315108,1.6099934745096112,3814.97265625,5.9314878379599465,0.19132536589354987,0.0,0.003906234167580402,95.0,0,2,0,0,14,804,804
1788469528.5311403,1.910707922008538,3814.97265625,7.756520660664242,0.1309469918311371,0.0,0.0,94.0,3,0,0,0,13,805,804
1788469529.5315006,1.6793949971577187,3814.97265625,6.533190810366997,0.18849448796002682,0.0,0.0,96.0,0,0,2,0,14,806,805
1788469530.5320659,0.8894971757401909,3814.9765625,4.09131514830193,0.13715048222700113,0.0,0.0,97.0,0,2,0,0,14,806,806
1788469531.5316415,2.3610019739900197,3814.9765625,11.120579393224702,0.25617599326801704,0.0,0.0,96.0,0,0,1,0,15,807,807
1788469532.531502,2.0402845684224067,3814.9765625,11.376956825195013,0.2254676577042954,0.0,0.0,97.0,0,1,1,0,14,808,807
1788469533.5320878,1.9488583695853152,3814.9765625,6.019780492622763,0.19394004090297257,0.0,0.035135667720892376,97.0,0,1,1,0,14,809,808
1788469534.5315044,1.9411324766093252,3814.9765625,11.081184305666916,0.21259217573500241,0.0,0.0,97.0,1,0,1,0,14,810,809
1788469535.5315733,1.0199297238134721,3814.9765625,3.2047991306903914,0.09372828305392204,0.0,0.0,98.0,1,0,2,0,13,810,810
1788469536.5315108,1.8301143193128955,3874.98046875,6.782237278501264,0.21364688288767733,0.0,0.0,98.0,3,0,1,0,12,811,811
1788469537.5320926,1.6690290568112798,3874.98046875,7.229927772577979,0.15926156086718657,0.0,0.0,98.0,1,0,0,0,15,812,811
1788469538.5314307,1.3208742205708006,3874.98046875,5.016005618953279,0.16913259317365886,0.0,2.454749676013139,97.0,0,0,1,0,15,812,812
1788469539.5315123,1.5498736246159421,3874.98046875,8.20533222588986,0.19683377333867982,0.0,0.0,96.0,0,0,1,0,15,813,813
1788469540.5321026,1.4091681336642354,3874.98046875,4.714104623068161,0.16545065502599612,0.0,0.0,97.0,1,0,1,0,14,814,813
1788469541.531509,1.8510989275763712,3876.98046875,6.864007801872888,0.193113530323626,0.0,0.0,97.0,2,0,1,0,13,815,814
1788469542.5320709,1.8689497388522565,3876.98046875,10.343996810797918,0.20386492976201795,0.0,0.011712168316668894,98.0,2,0,2,0,12,815,815
1788469543.5315092,1.3607643606262831,3876.98046875,4.8981953020409605,0.20455310991453138,0.0,0.2462320620389375,95.0,1,2,1,0,12,816,816
1788469544.5320914,2.028818784839238,3876.98046875,8.370796803046932,0.20379980108398268,0.0,0.0,97.0,1,0,0,0,15,817,816
1788469545.5315065,1.4008192562193382,3876.98046875,5.5750750682693635,0.19210415637387876,0.0,0.0,97.0,0,0,0,0,16,818,817
1788469546.5315144,2.229982454914369,3876.98046875,10.431551875779176,0.23877432833842394,0.0,0.0,95.0,0,0,2,0,14,819,818
1788469547.531381,1.9102550465649064,3876.98046875,7.836074877245726,0.19376671537413823,0.0,0.0,94.0,2,0,1,0,13,819,819
1788469548.531513,1.8197596390625808,3876.98046875,9.31929900845273,0.19842960119269829,0.0,0.003905734115433705,94.0,1,0,1,0,14,820,820
1788469549.5321352,1.7788930437938064,3876.98046875,6.414208153895934,0.1969399420621914,0.0,0.66755334991377,97.0,1,2,1,0,12,821,820
1788469550.5315044,1.8511678195119017,3908.984375,8.084124229600793,0.2008923437933152,0.0,6.898883448983672,96.0,0,0,2,0,14,822,821
1788469551.531506,1.9599967289025904,3878.98046875,6.853652006253232,0.22715149162758794,0.0,0.0,97.0,2,0,0,0,14,823,822
1788469552.531508,1.6499968528808495,3878.98046875,8.301314732904943,0.18287242341533008,0.0,0.0,97.0,0,0,0,0,16,823,823
1788469553.5321047,1.579057678849586,3878.98046875,7.660119705290236,0.1755639465908249,0.0,0.019519601449387594,97.0,0,0,3,0,13,824,823
1788469554.5317345,1.5605778258713126,3878.98046875,7.776675504936973,0.1594199130833193,0.0,0.0,97.0,0,1,2,0,13,824,824
1788469555.5323362,2.048767116498642,3878.98046875,6.585358275345094,0.20290752921015587,0.0,0.0,98.0,0,0,3,0,13,825,825
1788469556.5319839,2.2407896154047613,3926.984375,8.78345345120451,0.22877362428109346,0.0,0.0,98.0,1,0,1,0,14,826,826
1788469557.5316088,1.2504689664092228,3926.984375,9.426513649456643,0.11814924449004718,0.0,0.0,98.0,0,0,1,0,15,827,826
1788469558.5315099,1.3601345767612416,3926.984375,4.827846421304903,0.14702630422502838,0.0,0.0,98.0,0,0,1,0,15,827,827
1788469559.531514,2.259990839995536,3926.984375,9.17403698953895,0.21862990457811884,0.0,0.003906234167580402,98.0,0,2,1,0,13,828,828
1788469560.5315127,1.2400014781967343,3926.984375,9.069535576743576,0.16276665063697177,0.0,0.0,98.0,2,0,0,0,14,829,828
1788469561.5315108,1.6500031471313377,3926.984375,3.4148681924213267,0.16179592475113821,0.0,0.0,98.0,0,0,1,0,15,829,829
1788469562.5321016,1.3591969847370262,3926.984375,9.950308593584323,0.14185535488857892,0.0,0.0,97.0,0,0,1,0,15,830,829
1788469563.5317297,1.270472530639083,3926.984375,0.10881084082405222,0.05087551255216154,0.0,0.0,97.0,0,0,2,0,14,830,829
1788469564.5323093,0.8894844587512813,3926.984375,1.7283559719639197,0.06834074584170789,0.0,0.03123189813033227,97.0,0,1,2,0,13,830,830
1788469565.5319145,1.7406872601756676,3932.984375,8.366786813488755,0.17781984082613184,0.0,0.0,98.0,3,1,1,0,11,831,830
1788469566.5315263,1.8707261138235938,3932.984375,5.411235211115764,0.1948922358894415,0.0,0.0,96.0,0,2,1,0,13,832,831
1788469567.5321245,1.4591271614909327,3932.984375,5.883032672649461,0.17124422746498355,0.0,0.0,98.0,0,0,1,0,15,832,832
1788469568.5317407,2.0607910427042304,3932.984375,14.129546301256424,0.23132906909018403,0.0,0.0,97.0,1,0,1,0,14,833,832
1788469569.5323288,1.679012440755338,3932.984375,5.12434917225648,0.1720408380633587,0.0,0.03123163022237811,97.0,1,0,0,0,15,834,833
1788469570.5319452,2.060790551184804,3932.984375,5.774205850890656,0.21334249212022338,0.0,0.0,97.0,0,1,1,0,14,835,834
1788469571.5315917,2.0107109366221474,3932.984375,7.506126304938847,0.19325986012758475,0.0,0.0,97.0,1,0,2,0,13,835,835
1788469572.532374,1.5787650089281342,3932.984375,7.443206510410152,0.17455941928513657,0.0,0.0,96.0,2,0,2,0,12,836,835
1788469573.5319977,1.6806322950746873,3952.984375,8.262968770198672,0.15721895492336013,0.0,0.08987756414323282,96.0,0,0,2,0,14,837,836
1788469574.5316238,1.950729261275011,3952.984375,8.89166978316784,0.20834986987017545,0.0,0.01953855429962678,96.0,2,0,0,0,14,837,837
1788469575.5315077,1.9802299241951113,3952.98828125,6.239801116739238,0.20545293225717765,0.0,0.0,98.0,0,0,2,0,14,838,838
1788469576.5320978,1.5290977008793962,3952.98828125,5.72777265612509,0.12449452306161464,0.0,0.0039039463359876706,98.0,1,1,0,0,14,839,838
1788469577.531712,1.900733229247859,3952.98828125,9.414880103112898,0.1747939149270897,0.0,0.0,97.0,1,0,0,0,15,839,839
1788469578.532304,2.048787131679726,3952.98828125,7.644286927118293,0.23141226848062577,0.0,0.0,97.0,0,2,3,0,11,840,840
1788469579.5315125,2.4319249894533868,3989.9921875,11.251753764748326,0.21237399140631413,0.0,0.0,97.0,1,0,1,0,14,841,840
1788469580.5316353,1.769782696225969,3989.9921875,8.053072134935977,0.16078119222784107,0.0,0.003905770427758623,96.0,2,0,1,0,13,842,841
1788469581.5322483,1.5290627240508328,3989.9921875,6.93781444527178,0.18498430379746836,0.0,5.223360714817573,97.0,0,0,1,0,15,842,842
1788469582.531907,1.840627979907501,3989.9921875,7.401917491896368,0.1838548412985559,0.0,1.6490001008854787,97.0,0,0,0,0,16,843,842
1788469583.5324953,1.8589066308360722,3989.9921875,10.030289477314822,0.18848776833427414,0.0,0.0,96.0,1,0,1,0,14,844,843
1788469584.5315266,1.5815320216664615,3989.9921875,4.690741176939465,0.13558647342718474,0.0,0.0,97.0,2,0,1,0,13,844,844
1788469585.531506,1.5700321919367775,4029.8671875,5.670254621958134,0.17042127996208112,0.0,0.003906330095383693,98.0,0,0,3,0,13,845,845
1788469586.53151,1.689993150261585,3987.8671875,8.241008735382914,0.20382893917752123,0.0,0.0,96.0,0,2,0,0,14,846,845
1788469587.5321198,1.9987814702464533,4167.8671875,4.197281730321781,0.18527752050878024,0.0,0.0,95.0,3,1,1,0,11,847,846
1788469588.531748,2.0207511022019777,4209.87109375,7.1248606819637255,0.22333244688145834,0.0,0.0,96.0,0,0,2,0,14,848,847
1788469589.5315094,1.7004058137457108,4189.8671875,6.460892523149412,0.14375398105026038,0.0,0.011721547429317653,96.0,1,1,1,0,13,848,848
1788469590.5321267,1.8188772694473254,4207.8671875,4.995573630302226,0.19181999636397687,0.0,0.0,95.0,0,1,0,0,15,849,848
1788469591.5319567,2.170368946327479,4207.8671875,10.719960053328997,0.2373106962505404,0.0,0.003906914145895487,96.0,0,0,0,0,16,850,849
1788469592.5315852,1.7806614376355827,4207.8671875,6.770672967072176,0.17670328705817143,0.0,0.0,92.0,2,0,0,0,14,850,850
1788469593.5315137,1.6101151644110339,4207.8671875,7.073685194387035,0.15813528074842084,0.0,0.0,92.0,1,0,2,0,13,851,850
1788469594.5315118,2.120004043586705,4263.87109375,7.903836066887029,0.15848952958970947,0.0,0.027343802154163654,91.0,1,0,4,0,11,852,851
1788469595.531511,2.8500020384802185,5045.87109375,10.632922148410426,0.21198764704774406,0.0,0.0,90.0,0,1,0,0,15,853,852
1788469596.5320141,1.9190346043074646,5381.87109375,6.7619543734245475,0.16955333768307893,0.0,0.003904285897435286,88.0,0,1,1,0,14,853,853
1788469597.5315065,2.5913153339258526,6103.87109375,8.391692617793867,0.195124487885167,0.0,0.0,91.0,1,1,1,0,13,854,854
1788469598.5315225,3.209948724135312,6609.49609375,7.35811019101553,0.17682937441633084,0.0,0.0,92.0,0,0,4,0,12,855,854
1788469599.5323231,2.967624091696559,6936.9921875,7.128904614044675,0.1474058654555798,0.0,0.0234187507236171,94.0,0,0,5,1,10,855,855
1788469600.5321443,3.330595556895105,7320.99609375,4.572665571970696,0.10125254140044458,0.0,0.0,94.0,2,1,2,2,9,856,855
1788469601.5317724,2.080773908447474,7202.98828125,3.1876756606174856,0.12431858467867345,0.0,0.003907703403785206,90.0,0,0,2,0,14,856,856
1788469602.532345,3.1881741918547872,7564.98828125,5.465753378959594,0.18046153340262577,0.0,0.0,92.0,0,0,3,0,13,857,857
1788469603.5315104,2.962472786241263,8164.98828125,7.832452157736835,0.20096959938226636,0.0,0.08600929225258262,88.0,0,0,4,0,12,858,857
1788469604.531513,3.0299920535297993,9532.98828125,6.745664071487239,0.16906217105772933,0.0,0.07812479510957093,86.0,0,1,1,0,14,858,858
1788469605.5321445,2.2086051094682846,4060.9765625,4.6469969999664045,0.16901976267068036,0.0,0.0,86.0,1,0,0,1,14,859,858
1788469606.5317779,2.040748317459585,4060.9765625,8.939088897400904,0.21023257677628562,0.0,0.0,86.0,1,0,0,0,15,860,859
1788469607.532341,1.5591219887405314,4060.9765625,6.152139817655253,0.13502813900367577,0.0,0.0156162058167126,83.0,2,0,2,0,12,860,860
1788469608.5319557,1.7906899249359474,4120.98046875,6.7613597768305205,0.1867441603095675,0.0,0.0,85.0,0,0,2,0,14,861,861
1788469609.5315673,1.8507187893169919,4120.98046875,3.4381896998932664,0.14698301203885347,0.0,0.0,84.0,0,2,2,0,12,862,861
1788469610.5321567,1.7389750989805233,4120.98046875,6.285354281477019,0.14406487265462822,0.0,0.0,84.0,1,1,1,0,13,862,862
1788469611.5317912,2.2908372911379504,4120.98046875,7.237549582364503,0.19020070497530153,0.0,0.0,83.0,1,0,1,0,14,863,863
1788469612.5315242,1.5304086632017417,4120.98046875,4.817753764204004,0.16129890794203164,0.0,0.003907293359890718,83.0,0,0,0,0,16,864,863
1788469613.5321407,2.0887122035599464,4120.98046875,8.624457634105255,0.17150699684766577,0.0,6.535033322293413,84.0,0,0,2,0,14,865,864
1788469614.5317595,1.7006483403915,4120.98046875,7.860311660372004,0.1554919795215738,0.0,0.0,84.0,1,1,0,0,14,865,865
1788469615.5323572,2.178697758845779,4120.98046875,6.226816504245724,0.17474982790504504,0.0,0.0,84.0,1,0,2,0,13,866,865
1788469616.5315146,1.1209444755979092,4120.98046875,4.92369373647325,0.12149270897710922,0.0,0.0,85.0,0,0,1,0,15,866,866
1788469617.531509,2.1200121308070634,4120.98046875,10.63945277854602,0.2100098229016661,0.0,0.003906272351869689,86.0,1,0,3,0,12,867,867
1788469618.531511,1.9799957513896005,4120.98046875,7.216239703617732,0.14951101646443649,0.0,0.0,87.0,2,0,1,0,13,868,867
1788469619.5321183,2.058749819805773,4120.98046875,6.359397557835625,0.16757897766682686,0.0,0.0,86.0,1,0,1,0,14,869,868
1788469620.5313714,1.6412259390030992,4120.98046875,2.392133367977589,0.07929526139592014,0.0,0.0156366800591052,87.0,0,0,1,0,15,869,868
1788469621.5319786,0.9594173917544511,4120.98046875,0.042391783744526554,0.013180358321036416,0.0,0.0,87.0,1,0,1,0,14,869,868
1788469622.530778,1.5518632849459275,4120.98046875,3.9358379554614316,0.14638834278446736,0.0,0.0,88.0,1,0,2,0,13,870,869
1788469623.5324059,2.286278117421649,4120.98046875,7.394664104817464,0.19054292985795257,0.0,0.0038999012647067503,87.0,0,1,0,0,15,870,869
1788469624.5315177,1.7515555726308942,4120.98046875,6.4676074594942605,0.1802338054001607,0.0,0.0,87.0,0,0,1,0,15,871,870
1788469625.5315142,1.96000700953133,4120.98046875,6.3944043913044615,0.15438516516148507,0.0,0.027343847789220055,88.0,1,0,1,0,14,872,871
1788469626.532117,1.898855517685812,4123.98046875,7.240387034791957,0.18704394171603725,0.0,0.0,89.0,0,1,0,0,15,872,872
1788469627.5315118,1.3708294976388333,4123.98046875,6.220766140094653,0.12664638245550922,0.0,0.0,89.0,0,0,1,0,15,873,872
1788469628.531514,1.99999570847433,4123.98046875,7.975755743550851,0.19010216929447088,0.0,0.003906241618114814,88.0,1,0,1,0,14,874,873
1788469629.5315022,2.0800242999063028,4123.98046875,6.634081141942967,0.17145547898256067,0.0,0.0,89.0,1,0,2,0,13,874,874
1788469630.5316548,2.159670460439851,4159.984375,8.881204612028194,0.16852000884874743,0.0,2.2066945351356297,89.0,0,0,1,0,15,875,875
1788469631.5322452,2.1687197518097934,4199.9921875,7.622372390261105,0.18237029341542801,0.0,0.0,88.0,0,0,3,0,13,876,875
1788469632.531858,1.8907320759031356,4159.984375,7.380648177299484,0.17648091435549576,0.0,0.0,87.0,0,1,0,0,15,876,876
1788469633.5315082,1.8006297883749744,4159.984375,4.283684770001791,0.15478588840920837,0.0,0.1094132683908294,86.0,0,0,1,0,15,877,876
1788469634.5320954,1.3592018427519408,4159.984375,2.8414805968499084,0.06579922116238524,0.0,0.0,86.0,0,0,1,0,15,878,877
1788469635.5315433,2.3813149083438576,4159.9921875,9.71408792200741,0.20210935718327439,0.0,0.0,86.0,1,0,0,0,15,878,878
1788469636.5322986,1.7686641102072684,4169.99609375,4.692839880766328,0.14509971716309245,0.0,0.003903301796891081,85.0,2,0,4,0,10,879,878
1788469637.5321252,2.1703761919717475,4239.87109375,5.077476340603738,0.17055225169348268,0.0,0.0,85.0,2,0,0,0,14,880,879
1788469638.5319753,1.7202579789805048,4241.87109375,4.845125099107585,0.14162566245596048,0.0,0.003906835889762559,88.0,0,0,1,0,15,880,880
1788469639.531528,2.0209038962624817,4261.87109375,8.604848550768194,0.17846746563089455,0.0,0.011723993828874343,88.0,0,0,2,0,14,881,880
1788469640.5321403,2.028757874912754,4261.87109375,7.417917916009828,0.16247433803080008,0.0,0.6519445911145253,89.0,2,0,0,0,14,882,881
1788469641.5315275,2.331428549616864,4261.87109375,4.72351060444198,0.18690308115925294,0.0,0.0,90.0,0,0,1,0,15,882,882
1788469642.5315108,1.99003321226214,4261.87109375,7.637870466931506,0.13846819228493212,0.0,0.0,90.0,1,0,2,0,13,883,882
1788469643.5321147,1.529076568853861,4261.87109375,7.007041731666014,0.15716883929492614,0.0,0.003903892383716594,91.0,0,2,0,0,14,883,883
1788469644.5317447,1.9507218170788887,4261.87109375,6.409571565406206,0.188462375070121,0.0,6.592283063725209,91.0,1,1,2,0,12,884,884
1788469645.531697,2.0600982331386564,4261.87109375,4.8482717643625435,0.13223897166117007,0.0,0.0,91.0,1,0,1,0,14,885,884
1788469646.5323365,2.168613304881242,4261.87109375,9.309706537024427,0.2041588892600547,0.0,0.0,88.0,0,0,1,0,15,886,885
1788469647.5321398,1.9403816640074336,4261.87109375,7.568813388596914,0.17559262845956783,0.0,0.0,90.0,1,0,1,0,14,886,886
1788469648.5315278,2.1012860301110536,4271.76171875,6.060037640720303,0.16717747320502216,0.0,0.0,88.0,1,0,1,0,14,887,887
1788469649.5321088,2.2686818366922883,4271.76171875,9.272462608485966,0.18655332792755142,0.0,0.003903981684835924,88.0,2,0,2,0,12,888,887
1788469650.531745,2.2708261873154085,4271.76171875,6.811243523983383,0.18954592873746237,0.0,0.0,90.0,2,0,2,0,12,889,888
1788469651.5323825,2.218585582292583,4271.76171875,9.230083169366148,0.19899270379782785,0.0,0.01171128369031241,89.0,0,1,1,0,14,889,889
1788469652.532363,1.8500361688054705,4291.8125,6.439181330888065,0.18157074184437544,0.0,0.0,89.0,1,0,1,0,14,890,889
1788469653.5319293,2.0208764205477,4291.8125,5.074840339321429,0.18140840098414188,0.0,0.0,89.0,1,0,1,0,14,891,890
1788469654.5324996,2.068820157571739,4291.8125,8.613701826389141,0.1918671259486034,0.0,0.0039040235461420126,88.0,1,0,0,0,15,892,891
1788469655.5321088,2.0207896600372135,4291.8125,10.480304054819548,0.1942058332826496,0.0,0.0,88.0,1,0,1,0,14,892,892
1788469656.5317345,2.280853762723543,4291.8125,5.8606560778718615,0.18788408708971283,0.0,0.02735398906775388,88.0,0,3,1,0,12,893,892
1788469657.532348,1.9088290269172286,4291.8125,6.3780253745821,0.17269507779236798,0.0,0.0,89.0,0,0,1,0,15,894,893
1788469658.5319455,1.5506240495191679,4294.8125,6.44174233938906,0.15721735546494123,0.0,0.0,89.0,0,1,0,0,15,894,894
1788469659.5315099,2.3210110109132827,4294.8125,8.984098899051801,0.18579088209666983,0.0,0.003907952267835936,90.0,2,0,1,0,13,895,895
1788469660.5315173,1.9399856616122273,4294.8125,9.084807961214352,0.19110729114388814,0.0,0.0,92.0,1,0,2,0,13,896,895
1788469661.5315108,1.5900102353756345,4294.8125,3.6331706275002817,0.1490764677678656,0.0,0.0,90.0,1,1,0,0,14,896,896
1788469662.5320916,2.348635941230938,4294.8125,10.120432526198908,0.19858842816090586,0.0,0.0,90.0,1,0,1,0,14,897,897
1788469663.5316777,2.00082813206562,4364.8203125,7.065360418721891,0.18887421742473826,0.0,0.08597308379971416,91.0,0,0,3,0,13,898,897
1788469664.5314322,1.810444592936157,4370.8203125,5.660009815719173,0.1413024762989492,0.0,0.08986581845116727,93.0,1,0,1,0,14,898,898
1788469665.5320356,1.3691737892958724,4386.8203125,5.459910623124331,0.15542760199054764,0.0,0.0,92.0,1,0,1,0,14,899,898
1788469666.5316656,2.040755131712977,4354.81640625,6.830945402923903,0.16775902796063302,0.0,0.031261567581388074,94.0,0,0,1,0,15,900,899
1788469667.5315135,1.9102905763127547,4354.81640625,6.7431178353259416,0.17449744447936483,0.0,0.0,94.0,0,1,1,0,14,901,900
1788469668.531507,2.4600158358640005,4354.81640625,8.83145676835364,0.1944935921018092,0.0,0.0,93.0,1,0,1,0,14,901,901
1788469669.5315087,1.9999966621450085,4354.81640625,8.671014619564453,0.1773602386661361,0.0,0.0,92.0,0,1,1,0,14,902,902
1788469670.5320976,1.4891230645250577,4354.81640625,7.084189903959565,0.14556514122514103,0.0,0.0039039509871153415,90.0,2,0,1,0,13,903,902
1788469671.5316918,2.33094587084622,4390.8203125,7.292435580577408,0.1871286613897527,0.0,0.0,87.0,1,0,2,0,13,903,903
1788469672.532269,2.4285981854897125,4406.82421875,12.075924917644116,0.21585784153119397,0.0,0.011711989706259047,87.0,0,0,2,0,14,904,904
1788469673.5318987,1.5205630098233651,4396.8203125,3.171386042242909,0.148561171412278,0.0,0.0,88.0,1,1,0,0,14,905,904
1788469674.532266,2.259170512535956,4396.8203125,7.465177447016619,0.19157528258915252,0.0,0.0,93.0,1,0,1,0,14,906,905
1788469675.5319076,2.2007886374762924,4396.8203125,10.421374160137818,0.21742219580657418,0.0,7.17444591336436,95.0,1,1,0,0,14,906,906
1788469676.53147,1.6707309416003566,4396.8203125,2.9274768638718616,0.15881524705370512,0.0,0.0,94.0,1,0,2,0,13,907,906
1788469677.5317252,2.509359842531085,4436.82421875,7.123954145685223,0.2098692512276617,0.0,0.0,95.0,1,0,1,0,14,908,907
1788469678.532305,1.4291713179006782,4456.82421875,1.4872329353097264,0.024668694909567815,0.0,0.0,95.0,0,0,1,0,15,908,907
1788469679.5315082,1.0208133788853069,4456.82421875,1.4376603748733585,0.04004331225145921,0.0,0.0,95.0,0,2,0,0,14,908,908
1788469680.5321045,2.1087425887074893,4456.82421875,10.431347656133655,0.20186213083524251,0.0,0.0039039221503024326,94.0,0,0,3,0,13,909,908
1788469681.531741,2.0807565388010643,4456.82421875,5.137692208437411,0.16862610693289581,0.0,0.0,93.0,1,0,1,0,14,910,909
1788469682.532337,2.478522685357733,4456.82421875,10.486026986249536,0.19780385264596584,0.0,0.0,91.0,0,0,1,0,15,911,910
1788469683.5319395,2.300914484130337,4456.82421875,8.899053268861579,0.18298746111337566,0.0,0.0,90.0,1,0,1,0,14,911,910
1788469684.5315557,1.6406297621527985,4456.82421875,7.185407759307023,0.1731335508863752,0.0,0.0,86.0,0,0,2,0,14,912,911
1788469685.5315104,2.020091509196419,4456.82421875,8.048059733235673,0.16990477607427934,0.0,0.0,86.0,2,0,2,0,12,912,912
1788469686.5322337,2.767997735707709,4870.828125,7.323444526030546,0.20674436988395978,0.0,0.042937690507650325,86.0,2,1,0,0,13,913,913
1788469687.5311668,2.4726381148250107,5572.828125,10.077600780365977,0.20377347142329674,0.0,0.0,85.0,0,1,1,0,14,914,914
1788469688.5318148,2.418432803068534,6202.828125,8.78861726243036,0.15635753160216934,0.0,0.0,85.0,2,2,0,0,12,915,914
1788469689.5315075,3.831177403372419,6470.37890625,7.688406552325713,0.15405239427953393,0.0,0.0,86.0,0,0,3,1,12,916,915
1788469690.5314898,3.4700612222022285,6820.37890625,4.3116214418379535,0.11557973692429838,0.0,0.0,84.0,0,0,3,4,9,916,916
1788469691.531634,2.5796279061122904,6718.375,1.099954254073211,0.04783321878972822,0.0,0.0039056866311045126,84.0,4,0,1,1,10,916,916
1788469692.5322592,2.5384131528647034,7078.375,4.550106435043172,0.1272531371770672,0.0,0.0,81.0,0,0,2,0,14,917,916
1788469693.5315168,3.5626450339879057,7432.24609375,6.933835974985625,0.2007763904762132,0.0,0.08991050274504377,82.0,0,1,2,0,13,918,917
1788469694.5315232,2.709982555024902,8144.25390625,6.024710972977574,0.17942885289692206,0.0,0.0,84.0,1,0,1,0,14,918,918
1788469695.531531,2.839977655586714,9324.24609375,5.668925505985809,0.11117656974153484,0.0,0.0,84.0,1,0,2,0,13,919,918
1788469696.532107,2.4286010789376737,9324.25,6.5796574467679525,0.21570464553270172,0.0,0.0039040012200003815,86.0,1,1,1,0,13,920,919
1788469697.5315094,1.8110825118677671,3852.23828125,7.447161205564106,0.1727106536886209,0.0,0.031268689776723445,87.0,1,0,0,0,15,921,920
1788469698.5315912,2.139825010305128,3808.34765625,7.704057099441264,0.1634874162235821,0.0,0.0,87.0,0,0,2,0,14,921,921
1788469699.5321774,1.6490332191735568,3788.34375,1.9870562145158066,0.10256857487544567,0.0,0.0,89.0,1,1,1,0,13,922,921
1788469700.5318232,1.6505847856979199,3788.34375,7.915646231245907,0.16533414996787363,0.0,0.0,88.0,0,1,1,0,14,922,922
1788469701.5315142,2.4507572606585146,3788.34375,7.3619559037330715,0.20209644245849281,0.0,0.0,86.0,1,0,1,0,14,923,923
1788469702.5322185,2.4682616317603445,3788.34375,9.847614799947966,0.18277456377473103,0.0,0.003903500809337906,86.0,0,0,2,0,14,924,923
1788469703.5318644,2.570910234856929,3788.34375,8.874176538505479,0.19474630314354138,0.0,0.0,85.0,2,0,0,0,14,925,924
1788469704.5316715,1.880362685540452,3788.34375,5.879425157297195,0.16354663592063423,0.0,0.0156280143412595,86.0,0,0,1,0,15,925,925
1788469705.5322688,2.128728641212538,3828.34765625,8.872195041518449,0.17726229618741288,0.0,0.0,85.0,0,1,1,0,14,926,925
1788469706.531509,2.351786981847469,3831.0390625,7.49309742486311,0.18869528099549596,0.0,6.489305834220328,85.0,0,0,1,0,15,927,926
1788469707.5321062,2.098746547674583,3871.04296875,6.290545030760275,0.1750558579149063,0.0,0.0039039184294543785,84.0,0,3,0,0,13,928,927
1788469708.5315478,2.1011732453680683,3831.0390625,8.50511908266344,0.15601381882755616,0.0,0.0,83.0,1,0,1,0,14,928,928
1788469709.5323021,2.2183265911737906,3831.0390625,7.615080329379521,0.19467355081682577,0.0,0.0,83.0,0,1,1,0,14,929,929
1788469710.531895,2.3909736497386027,3831.0390625,8.695593851637506,0.1821782971695818,0.0,0.0,82.0,0,2,1,0,13,930,929
1788469711.532503,2.22864505651185,3831.0390625,5.32635540812237,0.18294941877892346,0.0,0.0,82.0,1,1,0,0,14,931,931
1788469712.53151,2.1521365873213005,3831.04296875,9.28937267012558,0.1816034786427184,0.0,0.0,82.0,0,0,2,0,14,931,931
1788469713.532102,2.3386155551855765,3839.046875,8.947259891912552,0.20243962822035047,0.0,0.003903938894206449,82.0,0,0,1,0,15,932,931
1788469714.5310555,2.2323364918702793,3900.05078125,6.444670702071689,0.16282720838661605,0.0,0.0,80.0,0,1,1,0,14,933,932
1788469715.5315182,2.4388713623728426,3840.046875,8.081308884490777,0.19322132049010485,0.0,0.0,82.0,1,0,2,0,13,934,933
1788469716.5315144,2.4400093078973444,3847.04296875,11.004681605078144,0.20995029430501672,0.0,0.0,82.0,0,1,0,0,15,935,934
1788469717.531504,2.370024862550138,3849.04296875,9.319181929589487,0.1921120769813984,0.0,0.0,82.0,0,0,3,0,13,935,935
1788469718.5322378,2.4082327126764707,3867.04296875,8.40359728992977,0.17371494898486722,0.0,0.003903385491241922,82.0,1,1,1,0,13,936,935
1788469719.5315099,1.9814422758264958,3867.04296875,5.404979086196461,0.18026121556547198,0.0,0.0,84.0,1,0,2,0,13,937,936
1788469720.5318139,2.359282816507694,3871.04296875,9.645098328502455,0.18393075187000413,0.0,2.4133288873836007,83.0,2,0,1,0,13,938,937
1788469721.5315056,2.3407215864682214,3873.04296875,4.299335250968815,0.19045406749469534,0.0,0.0,81.0,0,0,1,0,15,939,938
1788469722.5321045,2.7783360337934373,3949.05078125,9.0623100941285,0.198356087090785,0.0,0.04294303109786086,80.0,2,0,1,0,13,939,939
1788469723.5317342,2.310855626771008,3949.05078125,9.065741323536743,0.20065966235533664,0.0,0.10550781575151971,82.0,0,0,2,0,14,940,940
1788469724.5323412,2.058750310351757,3929.046875,8.478243444488127,0.1962414668143965,0.0,0.08198148611458594,84.0,0,0,1,0,15,941,940
1788469725.531978,2.5109123397838684,3929.046875,8.980103892882527,0.2012869742748248,0.0,0.0,84.0,1,0,1,0,14,942,941
1788469726.5315704,2.60105982094658,3929.046875,10.335578800241855,0.19947168758251155,0.0,0.0,84.0,1,1,0,0,14,943,942
1788469727.532161,2.2886484093403605,3929.046875,7.779242233511828,0.19576146575196562,0.0,0.027327611328777937,84.0,1,0,0,0,15,944,943
1788469728.5315094,2.08135620749349,3929.046875,7.5209347521490155,0.18745906964238468,0.0,0.0,84.0,0,0,1,0,15,944,944
1788469729.5322793,2.647961457360879,3949.05078125,8.516064078590924,0.17912712062061215,0.0,0.0039032450727605954,84.0,1,1,0,0,14,945,944
1788469730.531919,2.300828874690633,3973.08984375,5.176901411541185,0.19098009369887806,0.0,0.6603941573075514,86.0,1,0,2,0,13,946,945
1788469731.5315125,2.751118339721972,3933.0859375,7.32143856352587,0.20444597730429265,0.0,0.0,84.0,0,0,3,0,13,947,946
1788469732.5320945,1.4991275381273088,3933.0859375,1.0842574423749836,0.021511909825352744,0.0,0.0,84.0,1,0,2,0,13,947,946
1788469733.5315142,1.4208245198444382,3933.0859375,3.096755386021036,0.08030783397385892,0.0,0.0,83.0,0,1,1,0,14,947,947
1788469734.5320904,1.699020926099482,3933.0859375,5.7182004712726915,0.1353704475470254,0.0,0.0039040002897500216,85.0,0,0,0,0,16,948,947
1788469735.531519,2.3813609223679,3933.0859375,8.730477083580338,0.1982944755215228,0.0,0.0,86.0,0,0,1,0,15,949,948
1788469736.5323875,2.337969335963199,3937.0859375,9.574587768735528,0.21125183333662859,0.0,0.0,88.0,0,0,1,0,15,950,949
1788469737.5315099,2.752415571623099,3977.08984375,8.268771492925993,0.21103497021803203,0.0,6.7442000867174166,86.0,0,0,2,0,14,950,950
1788469738.5321274,2.3385559320770795,3983.09375,11.510102471017852,0.18193359184196695,0.0,0.0,86.0,1,1,1,0,13,951,951
1788469739.5315242,2.5215209789458886,3983.09375,6.241493935503202,0.19538457941673382,0.0,0.003908607668256924,87.0,0,0,2,0,14,952,951
1788469740.5323246,2.358112634631652,4009.09375,9.232183351633207,0.17510894757818699,0.0,0.0,86.0,1,0,1,0,14,953,952
1788469741.5319586,2.1507871289828926,4009.09375,6.71566403968356,0.176919835077964,0.0,0.0,85.0,0,0,0,0,16,954,953
1788469742.5315845,2.560957999969394,4009.09375,9.075705476258337,0.17724564037555438,0.0,0.0,83.0,0,0,2,0,14,954,954
1788469743.5323653,2.35815870052681,4047.09375,10.36986796436708,0.20806374341018954,0.0,0.0,83.0,0,0,3,0,13,955,955
1788469744.532013,1.4505111349722466,4087.09765625,1.8783436279015633,0.0748459392304856,0.0,0.0,83.0,2,0,2,0,12,956,955
1788469745.5316157,2.5610172497601202,4107.09765625,7.475429073533179,0.19309847403949496,0.0,0.003907802199951438,83.0,0,1,1,0,14,956,956
1788469746.5315084,2.550273614675371,4067.09375,7.882334482793154,0.20786035946887993,0.0,0.0,82.0,1,0,1,0,14,957,957
1788469747.5315108,2.829993252770225,4067.09375,11.945513855185855,0.1849093796983249,0.0,0.0,82.0,1,1,1,0,13,958,957
1788469748.5321052,2.088758488913975,4067.09375,4.501197460825482,0.15900602292653182,0.0,0.0,81.0,0,0,2,0,14,959,958
1788469749.531717,2.2108581345184204,4067.09375,5.979022466796862,0.16880102349907314,0.0,0.0,81.0,2,0,1,0,13,960,959
1788469750.5322826,2.0788243648067413,4067.09375,10.28203368570745,0.16947984547770664,0.0,0.003904042151455104,81.0,1,0,0,0,15,960,960
1788469751.5313334,2.4423181124701436,4067.09375,8.079948968134437,0.16398735849241217,0.0,0.0,80.0,0,1,1,0,14,961,960
1788469752.5319476,2.208643525666722,4071.1171875,4.943246411620061,0.1759897828863346,0.0,0.0,82.0,0,0,1,0,15,962,961
1788469753.5315118,1.9508502374251486,4071.1171875,8.502722496205106,0.164768504339679,0.0,0.1406863151989421,82.0,1,0,1,0,14,962,962
1788469754.5315144,2.489993469732481,4071.1171875,6.913750636277914,0.1993021506491525,0.0,0.0,81.0,0,0,2,0,14,963,963
1788469755.5321088,2.288639684025662,4077.1171875,6.323937993665169,0.1656329815332979,0.0,0.003903929592019819,81.0,2,0,1,0,13,964,963
1788469756.5317478,2.6709641265124904,4077.12109375,7.199577369722786,0.21851225556252518,0.0,0.00390766053153151,82.0,0,0,2,0,14,965,964
1788469757.5323613,1.9587983731713254,4077.12109375,7.5187783678196904,0.1694574322764284,0.0,0.0,82.0,0,0,1,0,15,966,965
1788469758.5315125,2.1818518907380917,4077.12109375,8.56836399455562,0.165190715538816,0.0,0.0,83.0,0,2,1,0,13,966,966
1788469759.5321214,2.408533393314568,4077.12109375,8.938106554951347,0.20431856403051998,0.0,0.0,84.0,0,0,2,0,14,967,967
1788469760.5317085,2.26093363214774,4077.12109375,9.12885837142451,0.154955001369088,0.0,0.00390786371706914,84.0,0,1,1,0,14,968,967
1788469761.532347,1.9787366064472225,4077.12109375,6.384704056390997,0.1576246931723796,0.0,0.0,84.0,0,0,3,0,13,968,968
1788469762.5321538,2.260436533354028,4096.99609375,8.49657970179521,0.18171386438134882,0.0,0.0,83.0,2,0,1,0,13,969,969
1788469763.5315175,2.2114072050639537,4124.99609375,7.686538546414466,0.17479384536105838,0.0,0.031269898261656846,83.0,1,0,5,0,10,970,969
1788469764.532151,2.648322345621579,4177.0,10.612436951403646,0.22490368626251234,0.0,0.0,84.0,1,0,1,0,14,971,970
1788469765.5317974,2.0307180106183718,4187.0,8.641857117201045,0.1733477293688426,0.0,0.003907631639891137,83.0,0,0,1,0,15,972,971
1788469766.532383,1.9388646860907752,4156.99609375,7.21943213336002,0.21936160276022457,0.0,0.0,82.0,0,0,0,0,16,973,972
1788469767.5315168,1.4512570421302804,4156.99609375,6.031935219920628,0.1254099880424877,0.0,0.0,82.0,1,0,1,0,14,973,972
1788469768.5315044,2.210027399402838,4196.99609375,8.727057887795011,0.1914687052661595,0.0,6.898523026275007,82.0,1,0,3,0,12,974,973
1788469769.5316532,2.259663822596957,4545.0,8.490557168084887,0.1869514804544917,0.0,0.011717006823478258,82.0,1,1,3,0,11,975,974
1788469770.5322225,2.4286172823741223,5422.0078125,7.957092872195529,0.18352359429760393,0.0,0.0039040272671904443,82.0,1,2,1,0,12,975,975
1788469771.5318353,1.9407514429911725,5998.0078125,7.575749162826641,0.1995573237165727,0.0,0.0,81.0,0,1,1,0,14,976,976
1788469772.5324216,2.6084707285116013,6610.01171875,6.444292422517068,0.16095833860525363,0.0,0.0,82.0,0,0,2,0,14,977,976
1788469773.5320363,2.7410560862146394,6970.01171875,5.762222230702594,0.1617425384383479,0.0,0.0,82.0,0,0,5,0,11,978,977
1788469774.5315135,2.6013601261988573,7313.01171875,4.6447787284258455,0.12773612149105784,0.0,0.0,83.0,0,0,3,3,10,978,978
1788469775.5321214,2.838274421745577,7180.00390625,4.91122731455514,0.10782362217032092,0.0,0.0,82.0,2,2,1,0,11,979,978
1788469776.5315175,2.9217644952456383,7540.00390625,7.498441112360384,0.17201893901169696,0.0,0.003908610465600339,81.0,0,0,3,0,13,979,978
1788469777.5323308,3.2173834764868667,8246.0,9.1714963974448,0.22376745443652082,0.0,0.0,83.0,1,0,2,0,13,980,979
1788469778.531993,2.4408246060526606,9638.0,5.453147676052324,0.16682347986005824,0.0,0.0,83.0,1,0,2,0,13,981,980
1788469779.531517,2.7613140637565294,9638.0,10.810995756991137,0.20541238859358615,0.0,0.0,83.0,0,0,1,0,15,982,981
1788469780.53176,2.1594753586318136,4165.98828125,6.677702765675015,0.20247976139143517,0.0,0.0,83.0,1,0,0,0,15,983,982
1788469781.5323806,1.9687781692563502,4165.98828125,11.51597211946798,0.21665097654058096,0.0,0.003903827270892588,82.0,1,0,2,0,13,983,983
1788469782.5320148,2.3308524722318884,4165.98828125,8.401205885369338,0.1784605404064616,0.0,0.0,83.0,0,0,3,0,13,984,983
1788469783.53151,2.121070572471968,4165.98828125,6.826574291652543,0.1940276042075413,0.0,0.0,83.0,0,0,1,0,15,985,984
1788469784.532111,1.8988591372905754,4125.984375,7.402355686109305,0.17150111608206586,0.0,0.1912913193405299,83.0,0,0,1,0,15,986,985
1788469785.5319111,1.040207828082986,4125.984375,0.024295892705461307,0.0036628411915107933,0.0,0.0,83.0,0,0,1,0,15,986,985
1788469786.531511,1.0404162355530293,4064.98046875,2.7286202012771947,0.07391358065327076,0.0,0.0039078133847378705,82.0,0,0,1,0,15,986,985
1788469787.5320926,1.968855105018144,4064.98046875,8.331019554926284,0.19393896647948183,0.0,0.0,82.0,2,0,0,0,14,987,986
1788469788.5316606,1.8908168602352426,4064.98046875,7.354161677589367,0.17299305520439873,0.0,0.0,80.0,0,1,1,0,14,988,987
1788469789.531519,1.7502478712166554,4064.98046875,10.321060826809674,0.1865555796657375,0.0,0.0,82.0,1,0,2,0,13,988,988
1788469790.53152,1.6899983882915421,4064.98046875,6.873950124788165,0.1819465809377852,0.0,0.0,82.0,1,0,0,0,15,989,989
1788469791.5321078,2.0787778029297774,4064.98046875,9.90574274978138,0.20152069329508168,0.0,0.0,82.0,0,0,3,0,13,990,989
1788469792.5315104,1.821088058155183,4064.98046875,5.7787383838629625,0.18481329491545156,0.0,0.003908585289653748,82.0,1,0,0,0,15,991,990
1788469793.5320816,1.6490579741221612,4064.98046875,6.432210069816761,0.17450949555603212,0.0,0.0,82.0,0,0,2,0,14,991,991
1788469794.5315046,1.8510680161954687,4124.984375,6.076315088871734,0.13893705073899945,0.0,0.0,82.0,0,3,1,0,12,992,991
1788469795.5320861,1.7789655263619524,4064.94140625,5.868924544581358,0.19633225098606227,0.0,0.0,82.0,1,0,1,0,14,993,992
1788469796.5315094,1.5609002250776849,4064.94140625,6.5500575516742465,0.1711392368826912,0.0,0.0,82.0,1,0,2,0,13,994,993
1788469797.5318868,2.0092416788156866,4064.94140625,7.8166099325363145,0.1454357564920123,0.0,0.003904776272573594,82.0,3,0,1,0,12,994,994
1788469798.531514,1.140425249359025,4064.94140625,3.6844440628324198,0.1274002203809442,0.0,0.0,82.0,0,0,1,0,15,995,994
1788469799.5320938,2.1887308994419064,4064.94140625,6.891025787659744,0.1957311586909446,0.0,6.968615609845365,82.0,2,1,0,0,13,996,995
1788469800.5315068,1.8911100561517982,4064.9453125,10.823029112261388,0.20064592129188075,0.0,0.0,82.0,0,0,0,0,16,997,996
1788469801.5320876,1.9188855349629248,4084.94921875,7.002875565319748,0.17386352263900076,0.0,0.0,82.0,0,0,1,0,15,997,997
1788469802.5315058,1.991158339106658,4144.953125,8.155633865984202,0.1699043671264144,0.0,0.015634094999265245,82.0,1,1,2,0,12,998,997
1788469803.5315058,1.599999999999909,4068.94921875,4.051974296569824,0.16702747344970703,0.0,0.0,82.0,1,0,2,0,13,999,998
1788469804.5315013,1.94000878814869,4068.94921875,6.358714298146168,0.18581951393384094,0.0,2.460948647981718,82.0,2,0,1,0,13,999,999
1788469805.5315156,1.7699746803090823,4068.94921875,5.745451753829663,0.12212197129290639,0.0,0.0,82.0,1,0,1,0,14,1000,999
1788469806.5315065,2.010018210576276,4072.94921875,7.3295475298896156,0.18479419283374016,0.0,0.0,82.0,1,0,2,0,13,1000,1000
1788469807.5321057,2.0487724863864343,4077.94921875,7.479465509218057,0.21733232590317852,0.0,0.0,81.0,1,0,1,0,14,1002,1001
1788469808.5316951,2.0408378798558395,4097.94921875,8.184369441074736,0.16540451683473334,0.0,0.003907854396169234,81.0,0,1,1,0,14,1002,1002
1788469809.5315056,2.3004360310181413,4117.94921875,8.934419360969537,0.22928387658164082,0.0,0.0,82.0,1,0,2,0,13,1003,1003
1788469810.5322714,1.9884772231955958,4117.94921875,8.661326365402775,0.18006459058166782,0.0,0.0,82.0,1,0,0,0,15,1004,1003
1788469811.5318875,1.9907641626126285,4117.94921875,9.713712472219532,0.20191027535040715,0.0,0.0,81.0,0,0,2,0,14,1005,1004
1788469812.531497,1.9207501098342672,4117.94921875,6.138004792177578,0.1720680826948772,0.0,0.0,82.0,1,0,2,0,13,1006,1005
1788469813.532085,1.7689599573009316,4117.94921875,8.19371278387903,0.16490014940061046,0.0,5.992570476819077,82.0,1,0,1,0,14,1006,1006
1788469814.5315075,2.0011555668790297,4117.94921875,8.169813940373322,0.18983358787294108,0.0,0.6175441007165755,80.0,0,0,1,0,15,1007,1007
1788469815.5320966,1.9088754198167157,4138.953125,7.615159735749474,0.17175092779574794,0.0,0.0,81.0,0,0,2,0,14,1008,1008
1788469816.5317082,2.0307887255747064,4120.94921875,10.44436690179897,0.21165771255821164,0.0,0.003907767713929651,82.0,0,0,1,0,15,1009,1008
1788469817.5323143,2.0287704433283564,4120.94921875,7.466192469297182,0.1855574400394963,0.0,0.0,82.0,1,0,3,0,12,1010,1009
1788469818.5319517,2.020732787744564,4156.953125,6.462680277037948,0.20785812192045236,0.0,0.003907667055509431,81.0,0,0,0,0,16,1011,1010
1788469819.5315022,1.2405575301512288,4156.953125,6.4270131396694845,0.13614478896312607,0.0,0.0,81.0,1,0,2,0,13,1011,1011
1788469820.5320425,2.1988120774825974,4156.953125,10.032652380396371,0.20170567868521197,0.0,0.046849689150901805,81.0,1,0,0,0,15,1012,1011
1788469821.5315833,2.0109234043306485,4156.953125,7.312564849829858,0.21629919821161164,0.0,0.0,81.0,1,0,3,0,12,1013,1012
1788469822.5321426,2.1587925226071722,4199.95703125,8.276986644108991,0.1786329572397031,0.0,0.0,82.0,2,0,1,0,13,1014,1013
1788469823.5317724,1.6506111619794215,4199.95703125,7.058315650035024,0.15417848567682652,0.0,0.0,82.0,2,0,0,0,14,1014,1014
1788469824.5315142,2.330601778441846,4206.95703125,11.129257437182538,0.21664777506360863,0.0,0.003907258882849246,82.0,0,0,3,0,13,1015,1015
1788469825.5315151,2.1099979877492387,4221.95703125,7.609735861076487,0.21934106889622793,0.0,0.0,81.0,1,0,2,0,13,1016,1016
1788469826.5321286,1.9388106346695957,4221.95703125,9.358864698679518,0.17988804532513106,0.0,0.0,82.0,2,0,0,0,14,1017,1016
1788469827.5317054,1.6707070314834789,4221.95703125,5.8087602971857795,0.1747871034404294,0.0,0.0,82.0,1,0,1,0,14,1018,1017
1788469828.532279,1.3192432357729476,4221.95703125,4.621666972461762,0.1455816580130626,0.0,0.0,81.0,0,0,2,0,14,1018,1018
1788469829.5318677,1.8707693951621525,4221.95703125,10.62674406373738,0.18529215549665254,0.0,6.115796506160051,82.0,1,0,1,0,14,1019,1018
1788469830.531502,1.9807244184632298,4221.95703125,6.376387924927911,0.1876334738132547,0.0,0.027353754200683558,82.0,0,1,2,0,13,1020,1019
1788469831.5320792,2.068805861713762,4281.9609375,9.459132061309711,0.20508467912479375,0.0,0.007807993137506032,82.0,0,2,1,0,13,1021,1020
1788469832.531681,1.9107607866556895,4257.9609375,6.79121239774328,0.17599246678818137,0.0,0.0,81.0,0,0,1,0,15,1022,1021
1788469833.5313997,1.4604108631178454,4279.9609375,6.474554055639661,0.15882573470281347,0.0,0.0,82.0,1,0,1,0,14,1022,1022
1788469834.5320237,1.2692080885015065,4297.96484375,4.4612543338318735,0.11984118833783147,0.0,0.019519071242942148,81.0,1,0,1,0,14,1023,1022
1788469835.5320077,1.6500263575945933,4279.9609375,6.086326547593758,0.1340486958653028,0.0,0.0,81.0,0,0,3,0,13,1023,1023
1788469836.5315137,2.4111911363687164,4279.9609375,12.174300468103864,0.23758608779285115,0.0,0.0,81.0,0,0,1,0,15,1024,1024
1788469837.531513,1.7800012731558683,4279.9609375,6.043549091970271,0.1260672517303837,0.0,0.0,81.0,1,0,1,0,14,1025,1024
1788469838.5319974,1.029501241082897,4279.9609375,0.004655489932169398,0.004655489932169398,0.0,0.0,81.0,1,0,1,0,14,1025,1024
1788469839.5315242,1.790847538080461,4321.96484375,7.223888258503229,0.14771967495794094,0.0,0.00390809955063057,82.0,0,1,2,0,13,1025,1025
1788469840.5324836,1.7583130808266805,4301.9609375,6.814368005548876,0.19316832796294145,0.0,0.0,82.0,0,0,0,0,16,1026,1026
1788469841.5320382,1.950868850472431,4301.9609375,7.975340351051274,0.19518198965947245,0.0,0.0,81.0,0,0,0,0,16,1027,1026
1788469842.5316644,2.1007853582957807,4301.9609375,9.67799928256871,0.20433626157239568,0.0,0.0,82.0,0,2,1,0,13,1028,1027
1788469843.5323212,2.278503380582152,4301.9609375,10.44511216068204,0.19711898260186478,0.0,0.09759214726311925,82.0,0,1,3,0,12,1029,1028
1788469844.531505,2.48202559795856,4301.9609375,8.52259178917273,0.1968664822503908,0.0,0.09382657250349032,81.0,1,0,2,0,13,1029,1029
1788469845.5317848,2.289359746221907,4301.9609375,4.311512612272693,0.20891927187301945,0.0,0.0039051578640521686,81.0,1,1,0,0,14,1030,1030
1788469846.5323732,1.9088767843474437,4301.9609375,7.251961269280295,0.19360689596670966,0.0,0.0,82.0,0,0,0,0,16,1031,1030
1788469847.5319872,2.1208186353139933,4301.9609375,9.095370627652686,0.18923816122604012,0.0,0.0,84.0,0,0,2,0,14,1032,1031
1788469848.5316167,2.2708413523343687,4301.9609375,7.067387275654403,0.18723367718084788,0.0,0.0,84.0,2,0,0,0,14,1033,1032
1788469849.5322216,1.409147651769364,4301.9609375,2.9037078126142974,0.08211509561596449,0.0,0.0,87.0,0,0,1,0,15,1033,1033
1788469850.531509,1.451034054944843,4301.9609375,3.0839533654712183,0.11038826716674838,0.0,0.003909035708363605,87.0,0,0,2,0,14,1034,1033
1788469851.5321481,1.549009872563008,4301.9609375,7.654115513874841,0.16063436014186375,0.0,0.027326283034130452,88.0,1,0,2,0,13,1034,1034
1788469852.5317729,2.560961054014871,4859.96484375,11.552431947680867,0.21340940151166424,0.0,0.0,89.0,1,1,1,0,13,1035,1034
1788469853.532421,2.4184322268427656,5525.96484375,8.328876920617304,0.17902022457346553,0.0,0.0,92.0,1,1,1,0,13,1036,1035
1788469854.5320783,2.0507030751755138,6011.96484375,8.17435520238424,0.1533194716931092,0.0,0.0,94.0,1,1,2,0,12,1036,1036
1788469855.531511,3.211821738222929,6482.0859375,5.8506848285692135,0.15659249628750516,0.0,0.003908466873810958,95.0,0,0,4,0,12,1037,1036
1788469856.531535,3.459917509138857,6833.5859375,7.183583650978781,0.1522266333905842,0.0,0.011718470609888794,95.0,0,1,5,2,8,1037,1037
1788469857.5325046,3.1069873148415486,6689.078125,3.0243835049356047,0.105999207787973,0.0,0.0,93.0,2,0,3,0,11,1038,1037
1788469858.5324464,2.7301588246234143,6437.203125,3.131627110723261,0.1371720957735464,0.0,0.0,94.0,0,0,1,0,15,1038,1038
1788469859.532397,2.6101288167633068,6791.203125,4.052470889442948,0.09315950489461736,0.0,0.0,94.0,1,0,1,0,14,1039,1038
1788469860.5321236,3.1608643892893564,7457.203125,9.279443626842497,0.20215508267398527,0.0,0.003907318519196872,93.0,0,0,2,0,14,1040,1039
1788469861.5317566,2.9010644765448057,8825.203125,5.866291099071853,0.1974983095880642,0.0,7.2018613015516015,91.0,0,0,3,0,13,1041,1040
1788469862.5315075,2.170540784626064,8825.203125,7.3864686154611485,0.154259014289363,0.0,0.0,94.0,0,0,1,0,15,1041,1040
1788469863.5320807,2.4485965666425074,3353.19140625,8.355115485756931,0.2090810225538684,0.0,0.0,94.0,2,0,0,1,13,1042,1041
1788469864.5317125,2.0207438727711398,3353.19140625,4.953113462253981,0.1512378481000582,0.0,0.0,91.0,0,0,3,0,13,1043,1042
1788469865.5323126,2.1387165571268247,3353.19140625,6.851634606288903,0.21722155888945466,0.0,0.0039039072669527723,93.0,0,1,1,0,14,1043,1043
1788469866.53193,2.2908766310197435,3353.19140625,10.288422803544924,0.22699936246317706,0.0,0.0,94.0,2,0,1,0,13,1044,1044
1788469867.5315382,2.0007837504634662,3353.19140625,3.9856253582152243,0.14325603715635488,0.0,0.011723342287869207,95.0,2,0,1,0,13,1045,1044
1788469868.5315077,2.0700631733143244,3353.19140625,8.54045705282754,0.19283024842066712,0.0,0.0,97.0,0,0,2,0,14,1046,1045
1788469869.5321178,2.3585610109266217,3353.19140625,7.52581249376022,0.190426039639607,0.0,0.0,98.0,1,0,0,0,15,1046,1046
1788469870.5315075,1.9611970196653594,3353.19140625,5.869252511603762,0.17729708684499818,0.0,0.0,98.0,0,0,2,0,14,1047,1047
1788469871.531516,2.5599780275322868,3353.19140625,10.273725067591087,0.1994249393229924,0.0,0.003906216472675081,96.0,0,0,1,0,15,1048,1047
1788469872.531352,2.0903428830872,3353.19140625,7.925104253703725,0.1692324714518449,0.0,0.0,95.0,1,0,3,0,12,1048,1048
1788469873.53198,1.9088012832210983,3353.19140625,6.941845697982672,0.13253090705652548,0.0,0.10149875933359034,95.0,2,1,1,0,12,1049,1049
1788469874.5315106,1.99093463666453,3394.375,7.180964307480199,0.19583740326095123,0.0,0.0,95.0,0,0,1,0,15,1050,1049
1788469875.5315113,2.1899984335906555,3394.375,8.772405071922488,0.18561445311466232,0.0,0.0,94.0,1,0,2,0,13,1051,1050
1788469876.5315094,2.03000387192531,3394.375,7.474089573077341,0.20104923448416612,0.0,0.007812514901189616,93.0,1,0,1,0,14,1052,1051
1788469877.5321047,1.82891119211983,3394.375,6.42942565063247,0.16201101743923527,0.0,0.0,91.0,1,0,1,0,14,1052,1052
1788469878.531662,1.9008415848788027,3394.375,7.976113234108863,0.16631814307968593,0.0,0.0,92.0,0,0,2,0,14,1053,1052
1788469879.5315094,2.110322009584109,3414.37890625,8.665122432316943,0.1876220889417941,0.0,0.0,91.0,1,0,1,0,14,1054,1053
1788469880.5321352,1.5190493048607503,3394.375,6.5048191189319615,0.13729276811687785,0.0,0.0,89.0,1,0,0,0,15,1054,1054
1788469881.5317678,2.4308931174977726,3400.37890625,7.4823861973595935,0.19848295741972538,0.0,0.003907685695566384,93.0,1,1,0,0,14,1055,1054
1788469882.5315819,2.080386882249796,3400.37890625,6.98774205179224,0.19726607025499318,0.0,0.027348835967076855,94.0,0,0,2,0,14,1056,1055
1788469883.532185,1.8588787262018307,3404.37890625,8.111940572345725,0.17024642861738157,0.0,0.0,96.0,0,0,2,0,14,1056,1056
1788469884.5318666,2.0606563751499585,3404.37890625,8.909210850166279,0.177184276149973,0.0,0.0,94.0,3,0,1,0,12,1057,1056
1788469885.5316823,1.6202986170841571,3404.37890625,4.166831245554164,0.17722821173850867,0.0,0.0,95.0,1,1,1,0,13,1058,1057
1788469886.5322645,1.92887697277827,3404.37890625,9.097447403297698,0.1914635767806772,0.0,0.0,95.0,1,0,1,0,14,1058,1058
1788469887.5318964,2.5209279996951484,3394.375,7.763896812600769,0.18145756017515907,0.0,1.957751934286723,96.0,2,0,0,0,14,1059,1058
1788469888.5319831,2.199809090969592,3394.375,4.385561860914857,0.17810897072187834,0.0,0.0,95.0,1,1,0,0,14,1060,1059
1788469889.5315993,1.7206604822577467,3394.375,8.985051615977698,0.188026123537754,0.0,0.0,95.0,0,0,1,0,15,1061,1060
1788469890.5315185,2.360190759818104,3394.375,7.741121349367484,0.17245160605775203,0.0,0.0,95.0,0,0,1,0,15,1061,1061
1788469891.5321429,1.8988143456528466,3394.375,4.942352289999126,0.17152280373025666,0.0,0.0,95.0,2,0,1,0,13,1062,1062
1788469892.5317595,2.330893611175171,3394.375,8.663705644291882,0.19596173917689239,0.0,7.22151856466579,94.0,0,0,0,0,16,1063,1062
1788469893.5323775,2.1386783375140737,3409.37890625,9.922730513217388,0.193560193056964,0.0,0.0,94.0,1,0,3,0,12,1063,1063
1788469894.5320017,1.5205713511589187,3414.37890625,1.4406353095168587,0.03302479912839564,0.0,0.0,94.0,0,1,2,0,13,1064,1063
1788469895.5310466,1.0810324993591613,3474.3828125,1.5737830579113943,0.043987325006479255,0.0,0.0,91.0,0,0,2,0,14,1064,1063
1788469896.531512,1.3693627080901505,3454.37890625,9.764121159433552,0.17039856481587395,0.0,0.0,92.0,1,0,2,0,13,1065,1064
1788469897.531525,2.1199727061923523,3454.37890625,7.115908560976435,0.20513079713271973,0.0,0.6640539505688355,93.0,1,0,1,0,14,1065,1065
1788469898.5317035,2.2296018477001547,3454.37890625,8.900752386203465,0.16885507763549112,0.0,0.0,94.0,2,1,0,0,13,1066,1065
1788469899.5317287,1.3999646195770994,3454.37890625,6.75471973412232,0.11978991085754612,0.0,0.011718453846905763,92.0,1,0,0,0,15,1066,1066
1788469900.5315092,2.110463422969124,3464.3828125,9.501199389609774,0.20893297845677344,0.0,0.0,96.0,0,2,0,0,14,1067,1067
1788469901.5315228,1.6499775770369967,3500.3828125,7.477833214642231,0.15644433085278067,0.0,0.0,96.0,1,0,0,0,15,1068,1067
1788469902.531508,1.8900279383024092,3500.3828125,7.407686061033197,0.18760577000564108,0.0,0.0,96.0,0,1,1,0,14,1068,1068
1788469903.5315146,2.329984445675663,3500.3828125,7.273910601259033,0.17264250898593625,0.0,0.11718671769425977,96.0,1,0,1,0,14,1069,1069
1788469904.5321364,2.378521045950084,3539.38671875,9.89555273019782,0.20584277201904638,0.0,0.10149938812155222,95.0,0,2,1,0,13,1070,1069
1788469905.5315108,1.681051683334442,3539.38671875,6.5276185204977475,0.1643989999236583,0.0,0.0,96.0,2,0,1,0,13,1071,1070
1788469906.5321493,1.918774891100392,3539.38671875,4.4267780991197965,0.18985356620543048,0.0,0.0,98.0,1,0,1,0,14,1071,1071
1788469907.5318244,2.340760664173119,3559.390625,9.89036287417352,0.17336757183084617,0.0,0.0,96.0,1,0,1,0,14,1072,1071
1788469908.5316424,1.4202583639936524,3575.390625,4.583102442541995,0.10215328763925284,0.0,0.003906960728415437,95.0,1,0,0,0,15,1072,1072
1788469909.5322428,2.518488055962781,3575.390625,6.389428000520394,0.19584914490059382,0.0,0.0,95.0,1,0,1,0,14,1073,1073
1788469910.5318763,2.4809091275518456,3575.390625,7.431060204394854,0.19123600238219773,0.0,0.0,96.0,1,1,1,0,13,1074,1074
1788469911.5324883,1.958801173540991,3653.26953125,3.9733620594962296,0.15210760588066682,0.0,0.0,94.0,1,0,1,0,14,1075,1074
1788469912.5321178,1.8206745644263977,3633.265625,7.11819402540099,0.1585384294317572,0.0,0.023446186870192596,92.0,1,0,1,0,14,1075,1075
1788469913.531541,1.931113740000315,3633.265625,7.586358881505576,0.1703634522416526,0.0,0.0039085041693653335,93.0,0,0,2,0,14,1076,1075
1788469914.5317426,2.409514570281365,3635.265625,8.610222902690703,0.20425591558249778,0.0,0.0,93.0,0,0,1,0,15,1077,1076
1788469915.532277,1.5091932841910962,3683.9609375,4.716945793040276,0.12561187223969425,0.0,0.0,93.0,0,1,0,0,15,1077,1077
1788469916.5319374,1.3904724080998696,3683.9609375,4.406887964093407,0.11022116307196082,0.0,0.0,95.0,0,0,1,0,15,1078,1077
1788469917.5315437,2.3809372061075766,3713.95703125,7.903708701864905,0.1723586473767326,0.0,0.0,94.0,1,0,2,0,13,1078,1078
1788469918.5321343,1.8489081036155135,3681.95703125,3.3551171719467847,0.174344098488818,0.0,0.0,94.0,0,0,3,0,13,1079,1079
1788469919.5315123,2.191363102515863,3734.08203125,6.698804183033356,0.16856379102010047,0.0,0.003908681332969121,94.0,0,3,0,0,13,1080,1079
1788469920.5315144,1.8899959445085444,3771.38671875,9.969093865908434,0.2199149181284277,0.0,0.0,93.0,0,0,1,0,15,1081,1080
1788469921.5323303,2.028345137343609,3790.16796875,4.5841057753650425,0.14576368252715874,0.0,0.0,93.0,1,0,2,0,13,1081,1081
1788469922.5315213,1.9315625457093268,3814.171875,4.874510577771754,0.15533997262170446,0.0,0.03909412535842446,93.0,1,0,1,0,14,1082,1081
1788469923.5321333,1.758923502771233,3830.171875,4.085412203520194,0.17300793853325488,0.0,0.0,92.0,1,0,1,0,14,1083,1082
1788469924.531752,1.5505911338863008,3834.171875,4.883815102660455,0.15091641315093715,0.0,8.171083822973474,95.0,0,0,1,0,15,1083,1082
1788469925.5315084,2.1305191303610274,3834.171875,10.850062552435062,0.24111710111554624,0.0,0.0,94.0,0,1,2,0,13,1084,1083
1788469926.5321121,2.6484012241608412,3876.171875,8.102302782381775,0.18746503318214006,0.0,0.0,94.0,1,0,1,0,14,1085,1084
1788469927.531747,2.380869062073847,3978.17578125,6.380091648176517,0.22245707077392457,0.0,0.0,93.0,1,2,1,0,12,1086,1085
1788469928.5315113,2.090492929817746,3958.171875,10.272703100053299,0.20569787864732317,0.0,0.0,95.0,0,0,2,0,14,1086,1085
1788469929.5321221,1.8488706572951386,3994.171875,6.466792125362115,0.1574517747290478,0.0,0.0039038654081402645,96.0,1,0,1,0,14,1087,1086
1788469930.5315068,2.0912868908562445,4030.17578125,5.43113559746195,0.15754094438015107,0.0,0.0,96.0,1,1,1,0,13,1088,1087
1788469931.532106,2.318610813862193,4086.17578125,6.922375695676033,0.18426154869273548,0.0,0.0,94.0,0,2,0,0,14,1088,1088
1788469932.5315056,1.75105122255764,4104.17578125,6.336677492601006,0.1657317429849711,0.0,0.011725789436769912,94.0,0,0,1,0,15,1089,1089
1788469933.5321014,2.0287912298959085,4118.17578125,7.215211197666414,0.16785157654528934,0.0,0.0,92.0,0,0,3,0,13,1090,1089
1788469934.531731,2.2308265267426095,4152.17578125,8.176434082642658,0.18430481187764594,0.0,0.09378474748077038,93.0,1,0,2,0,13,1090,1090
1788469935.5323234,2.148726943384664,4308.17578125,8.255265632844539,0.1605150985670235,0.0,0.0,91.0,0,2,2,0,12,1091,1091
1788469936.5319636,2.080748598488525,4308.17578125,7.036411749203097,0.194581418838746,0.0,0.0,91.0,0,0,0,0,16,1092,1091
1788469937.531518,1.3706107500771132,4308.17578125,6.424861923917724,0.1579607077986898,0.0,0.003907991417875292,91.0,0,0,0,0,16,1093,1092
1788469938.5321562,2.128641401998355,4308.17578125,9.946056939500084,0.20511982303470042,0.0,0.0,90.0,0,0,1,0,15,1093,1093
1788469939.5315144,1.651059687776081,4308.17578125,6.345097780996905,0.153750871979563,0.0,0.003908758730531357,87.0,0,0,3,0,13,1094,1094
1788469940.5315125,2.0000038147049963,4670.1796875,5.257299913978413,0.17249426363804557,0.0,0.0,85.0,0,1,2,0,13,1095,1094
1788469941.5321233,1.7689194937360442,5154.3046875,6.098275236807656,0.1527940134376461,0.0,0.0,85.0,1,1,1,0,13,1095,1095
1788469942.5317616,1.8506693519135424,5732.1796875,11.20943277108997,0.16716708957550191,0.0,0.0,84.0,1,1,1,0,13,1096,1096
1788469943.5315244,1.520360669819449,5849.2890625,3.8999386880384916,0.12327734493212877,0.0,0.0273502382009053,83.0,0,0,4,0,12,1097,1096
1788469944.5321553,2.91815906312925,6521.296875,3.7500794624667915,0.12484685307187363,0.0,0.0,83.0,0,0,6,1,9,1097,1097
1788469945.5317488,3.1912972740770873,6417.296875,5.288840645146363,0.12367030569820772,0.0,0.0,83.0,2,2,2,2,8,1098,1097
1788469946.5323257,2.418604530581545,6799.296875,6.96189504003599,0.12339338970110972,0.0,0.0039039974990016024,79.0,2,0,1,0,13,1098,1097
1788469947.5319762,2.50087410961263,7149.296875,6.928478515029677,0.1890919706413651,0.0,0.0,82.0,1,0,2,0,13,1099,1098
1788469948.5311346,3.042560672563075,7578.484375,10.013052481474782,0.20112752441434445,0.0,0.0,82.0,0,1,2,0,13,1100,1099
1788469949.5317743,2.598337902881645,8114.4765625,6.4869507577698,0.1642626007657398,0.0,0.0,81.0,0,0,1,0,15,1100,1100
1788469950.5323734,2.328604825990672,9482.4765625,4.930606218951172,0.14635853791099301,0.0,0.0,81.0,0,0,2,0,14,1101,1100
1788469951.5315154,2.552189953718276,4010.46484375,9.999869711659494,0.20830480790225034,0.0,0.003909604708515631,82.0,2,0,1,0,13,1102,1101
1788469952.5320945,1.07937491377214,4010.46484375,3.781077328483847,0.1338145648055285,0.0,0.0,80.0,1,0,3,0,12,1102,1102
1788469953.5313964,2.1715159126740966,4010.46484375,5.4726896370070355,0.06407346895148515,0.0,0.039089788174575604,82.0,0,0,3,0,13,1102,1102
1788469954.5315058,1.2298654107519265,4010.46484375,1.0845675905885506,0.04433909615394243,0.0,0.0,82.0,1,2,1,0,12,1103,1102
1788469955.531286,2.2204881119824207,4010.46484375,6.989277866886441,0.1841072432704676,0.0,6.966375112021752,81.0,0,0,1,0,15,1104,1103
1788469956.53192,1.9187835775536513,4010.46484375,7.851034188292821,0.20987556954874276,0.0,0.003903775182197222,82.0,0,0,2,0,14,1105,1104
1788469957.531726,1.8703629864383944,4010.46484375,7.556063326727857,0.165206546337299,0.0,0.0,82.0,1,0,0,0,15,1105,1105
1788469958.5315082,1.6103505349247487,4010.46484375,5.073361391771003,0.1559720999067342,0.0,0.0,80.0,1,0,1,0,14,1106,1105
1788469959.5315113,1.6099950099151878,4037.46875,4.862198064667025,0.16752381853827453,0.0,0.0,82.0,0,0,2,0,14,1107,1106
1788469960.5320923,2.0887863606538493,4048.46875,6.738676511130899,0.16243080047112748,0.0,0.0,82.0,1,0,1,0,14,1107,1107
1788469961.5316818,1.3705626938243647,4048.46875,4.657300918622462,0.1444646759443226,0.0,0.003907854396169234,82.0,1,0,1,0,14,1108,1107
1788469962.5315065,1.9403400206368695,4048.46875,8.375250770882749,0.18298876207831563,0.0,0.0,82.0,1,0,1,0,14,1109,1108
1788469963.531511,1.859991574325255,4048.46875,8.456488448791378,0.1842910047700189,0.0,0.0,82.0,0,0,0,0,16,1110,1109
1788469964.5321195,1.5690453234522685,4048.46875,6.29295072311273,0.1692733798824644,0.0,0.16396273782088305,82.0,0,1,0,0,15,1110,1110
1788469965.531743,2.090787103851742,4048.46875,7.6210703063043725,0.1480774436673047,0.0,0.0,82.0,1,0,2,0,13,1111,1110
1788469966.5315442,1.5203022985741714,4048.46875,3.638225145285408,0.15329071151099208,0.0,0.003907026877502402,82.0,0,2,1,0,13,1111,1111
1788469967.531241,1.60048537669198,4050.46875,5.77542456151062,0.1428407891950264,0.0,0.0,81.0,2,1,1,0,12,1112,1111
1788469968.531507,1.639563752853721,4110.47265625,4.417520057586606,0.1797331375642963,0.0,0.0,81.0,1,0,2,0,13,1113,1112
1788469969.5315013,1.9100109291700578,4110.47265625,7.32162087414288,0.16237351822005208,0.0,0.0,82.0,1,0,0,0,15,1114,1113
1788469970.532057,1.2493056937284277,4110.47265625,2.8526054803431795,0.09908510032442659,0.0,0.0,82.0,0,0,1,0,15,1114,1113
1788469971.5316691,2.0708032791466153,4110.47265625,5.879892011714711,0.1755661120568076,0.0,0.0,81.0,2,0,0,0,14,1115,1114
1788469972.5322626,2.13873082613352,4115.16796875,8.163311366560134,0.18206568682324814,0.0,0.0039039333128891513,82.0,0,0,1,0,15,1116,1115
1788469973.5318918,1.7506490371830032,4115.16796875,8.869740592627892,0.15952207012630615,0.0,0.0,81.0,1,0,1,0,14,1116,1116
1788469974.5315404,1.420499204593673,4115.16796875,3.5130124522100825,0.09454807373540067,0.0,0.02735336276452897,81.0,2,0,2,0,12,1117,1116
1788469975.5315046,2.150076892741295,4115.16796875,10.065107766667605,0.181491666734221,0.0,2.5821235939357496,81.0,2,0,1,0,13,1117,1117
1788469976.5320873,1.9988352886577452,4115.16796875,7.952873034073049,0.2098481967466238,0.0,0.0,82.0,0,0,1,0,15,1118,1118
1788469977.5315044,1.8510790558551018,4115.16796875,7.457197391419893,0.1724542738675132,0.0,0.003908528411857365,82.0,1,0,1,0,14,1119,1118
1788469978.5315058,1.5699977540999066,4115.16796875,6.319539566698694,0.1577298769046637,0.0,0.0,82.0,1,0,2,0,13,1120,1119
1788469979.531347,1.7802826853435922,4115.16796875,7.922093418649869,0.15720956362947874,0.0,0.0,82.0,0,2,1,0,13,1120,1120
1788469980.5319767,1.5490246357778283,4115.16796875,7.095503038519685,0.17313927154156178,0.0,0.0,82.0,0,0,1,0,15,1121,1121
1788469981.531609,1.440529598388442,4115.16796875,3.061731622257595,0.11495620309476187,0.0,0.0,82.0,1,0,0,0,15,1122,1121
1788469982.532194,1.728988816841667,4115.16796875,7.347734453055061,0.1691820612916116,0.0,0.0,82.0,0,0,2,0,14,1122,1122
1788469983.5312953,2.09187976236939,4115.16796875,8.230930895458457,0.19497749094089417,0.0,0.003909763311844431,81.0,0,0,2,0,14,1123,1123
1788469984.5320792,1.249020867201049,4115.16796875,3.0127863784760405,0.12721388834360273,0.0,0.027322331470042826,81.0,1,1,1,0,13,1124,1123
1788469985.531528,2.271251968038544,4121.171875,9.513229987080129,0.23439739388815628,0.0,0.6605203445044743,80.0,1,0,1,0,14,1125,1124
1788469986.5321333,1.9488202918239346,4121.171875,9.433988357439151,0.17961596371367716,0.0,6.913783527284676,81.0,1,0,1,0,14,1125,1125
1788469987.5317395,1.3905476915330377,4125.171875,4.41744652310757,0.13989808836984324,0.0,0.0,81.0,1,0,1,0,14,1126,1125
1788469988.53233,1.8589022014726588,4125.171875,8.785253269112685,0.18519336605841477,0.0,0.003903944475539705,82.0,1,0,1,0,14,1127,1126
1788469989.5319738,2.1007482809861466,4125.171875,8.935221009299253,0.20039639287256042,0.0,0.015630567566858503,82.0,0,0,2,0,14,1128,1127
1788469990.5312386,1.8613686325219452,4136.17578125,7.330952801332309,0.18204914082295848,0.0,0.0,80.0,2,0,2,0,12,1129,1128
1788469991.5308797,1.9607035395687111,4136.17578125,9.062915727655916,0.18182793880651088,0.0,0.0,81.0,2,0,0,0,14,1129,1129
1788469992.5325036,1.9767899521917356,4139.171875,6.211331991626032,0.1782726728499458,0.0,0.0,82.0,1,0,2,0,13,1130,1129
1788469993.532019,2.291110512655276,4143.171875,9.514109178533545,0.21526757215838385,0.0,0.003908144296969352,82.0,1,0,1,0,14,1131,1130
1788469994.5316184,2.0308134285351924,4183.17578125,6.0137737130732445,0.16884223340800414,0.0,0.11723445746625502,81.0,0,0,1,0,15,1132,1131
1788469995.531508,1.5701733279823387,4143.171875,7.397589942012584,0.1639966798932053,0.0,0.0,81.0,1,0,1,0,14,1132,1132
1788469996.5320957,1.5790719765609436,4165.171875,5.839127195230426,0.17134038113605968,0.0,0.0,81.0,1,0,2,0,13,1133,1133
1788469997.5315225,1.8810781554904596,4171.171875,7.844844581216155,0.1743095016579594,0.0,0.01563396073379613,82.0,0,0,1,0,15,1134,1133
1788469998.531589,1.7198855953025767,4189.171875,5.993148782608426,0.1530478715047479,0.0,0.0,82.0,0,1,0,0,15,1135,1134
1788469999.5321755,2.098769051583008,4229.1875,8.5696989394686,0.21098827572863282,0.0,0.003903960289403931,82.0,0,0,1,0,15,1135,1135
1788470000.5315092,1.7711802789882667,4230.38671875,9.470197010193704,0.16056460811607468,0.0,0.0,82.0,0,0,2,0,14,1136,1136
1788470001.5315206,1.8999782564749665,4266.390625,7.218927739016658,0.17822347766711044,0.0,0.0,82.0,0,0,1,0,15,1137,1136
1788470002.532048,1.639135549583883,4266.390625,6.932438241627102,0.16933665926687758,0.0,0.0,81.0,1,0,1,0,14,1138,1137
1788470003.5315113,1.6108645191266968,4266.77734375,9.80572621577065,0.15956477649495365,0.0,0.0,82.0,1,0,2,0,13,1138,1138
1788470004.532116,1.8588760686608559,4312.19140625,5.23680388101524,0.18137169870664596,0.0,0.0039038895931224446,82.0,0,1,1,0,14,1139,1138
1788470005.5319417,1.9703433992924573,4357.19140625,8.826957823316775,0.22082935005543006,0.0,0.0,80.0,1,1,1,0,13,1140,1139
1788470006.532505,2.34867679518092,4333.1875,9.186725561022593,0.22731562928390553,0.0,0.0,82.0,0,1,1,0,14,1141,1140
1788470007.532131,1.700636171854228,4333.1875,5.810348614925579,0.10175696770723644,0.0,0.0,82.0,0,0,1,0,15,1141,1141
1788470008.5317469,1.0203919247132645,4333.1875,0.004731088109718503,0.0064540857153147155,0.0,0.0,82.0,0,0,1,0,15,1141,1141
1788470009.5316284,0.8000948064612327,4343.1875,3.100176045297268,0.08011336716258044,0.0,0.0039067129221731,82.0,1,0,1,0,14,1142,1141
1788470010.5322266,1.8588880276530373,4391.1953125,4.7859316104863385,0.180943015569195,0.0,0.031231317668907334,82.0,0,1,2,0,13,1142,1142
1788470011.531872,1.8606596567420999,4371.19140625,5.839005136642024,0.16132733672850497,0.0,0.0,81.0,0,0,1,0,15,1143,1143
1788470012.532491,1.6789608329951646,4371.19140625,10.34656150968572,0.17600514665586503,0.0,0.0,82.0,1,0,1,0,14,1144,1143
1788470013.5321019,1.7706889735228553,4376.1953125,7.153300806740904,0.18234004472565465,0.0,0.0,82.0,0,1,1,0,14,1145,1144
1788470014.5317168,2.2108512794542996,4396.19921875,5.595361831034928,0.17104154398287114,0.0,0.003907754665323376,82.0,2,0,2,0,12,1145,1145
1788470015.5315092,1.830380101458565,4391.19140625,7.537279360371324,0.1578964061188053,0.0,0.023442368102697717,81.0,0,1,1,0,14,1146,1146
1788470016.532109,2.3485911714101895,4371.1875,7.405199174613159,0.21173269284839474,0.0,0.0,81.0,1,1,1,0,13,1147,1146
1788470017.5315163,1.5909429655582876,4371.1875,4.290769303438269,0.15555828044061074,0.0,6.839991621773655,82.0,1,0,3,0,12,1148,1147
1788470018.5315094,1.990013759231115,4371.1875,7.376774293531063,0.17874364461080877,0.0,0.0,82.0,2,0,0,0,14,1149,1148
1788470019.5313816,1.920245392687508,4371.1875,9.170864959625806,0.20198637597501817,0.0,0.003906749252700674,82.0,1,0,0,0,15,1150,1149
1788470020.531517,1.009863242549693,4371.1875,0.3044917699515027,0.04753041332369617,0.0,0.011717163241214511,81.0,1,0,1,0,14,1150,1149
1788470021.5315144,2.110005533709406,4408.19140625,6.263639664658621,0.16103596005333914,0.0,0.0,81.0,1,0,5,0,10,1150,1150
1788470022.5315125,1.7100032615724194,4462.1953125,4.782243313299777,0.1682360996934885,0.0,0.0,82.0,0,0,1,0,15,1151,1151
1788470023.5320907,1.3292314848063087,4462.1953125,4.569246191498189,0.15468427911356677,0.0,0.0,82.0,0,1,0,0,15,1152,1151
1788470024.531516,1.7410003592645913,4462.1953125,7.127327170009547,0.15654308052636828,0.0,0.08207841133387438,82.0,0,0,0,0,16,1153,1152
1788470025.5315154,1.3500009655963,4462.1953125,3.666018247140584,0.15899574207955033,0.0,0.10156257264321278,81.0,0,0,0,0,16,1153,1153
1788470026.531431,1.5201282990979461,4464.1953125,3.7490232358516433,0.19682256583888696,0.0,0.0,84.0,1,1,2,0,12,1154,1154
1788470027.5315042,1.7198741146678602,4698.19921875,6.185336375649613,0.16564491915936902,0.0,0.0,85.0,0,1,2,0,13,1155,1154
1788470028.531509,1.6699920368565926,5152.19921875,3.1689855147098793,0.13734847379458526,0.0,0.0,87.0,0,1,2,0,13,1155,1155
1788470029.5320935,1.6490359696876085,5760.19921875,4.329163763630766,0.17093107152286194,0.0,0.011711903193800164,88.0,1,1,1,0,13,1156,1156
1788470030.531717,1.920723081051179,5546.09765625,1.8787914780959878,0.16325993238287748,0.0,0.003907721112164523,89.0,0,1,2,0,13,1157,1156
1788470031.5316994,2.7800490483351967,6011.40234375,5.9222255336498,0.1831869020058509,0.0,0.0,89.0,0,0,2,1,13,1158,1157
1788470032.5315824,2.6603114254258333,6402.40625,2.763302989427521,0.12249854726474452,0.0,0.0,90.0,0,0,7,1,8,1158,1158
1788470033.5324469,2.7775987498607044,6265.3984375,4.043796823672619,0.1289016253248625,0.0,0.0,87.0,3,0,1,0,12,1159,1158
1788470034.5315144,2.8126226442240294,6621.3984375,4.804804704475213,0.1794065616279905,0.0,0.0,86.0,1,0,3,0,12,1160,1159
1788470035.5321324,2.4185054097123935,6977.3984375,4.73212297850602,0.1532608861406144,0.0,0.0039038375027639475,85.0,0,1,1,0,14,1160,1160
1788470036.531528,2.1713123218384185,8789.40625,4.729555469301863,0.15044149617977517,0.0,0.0,84.0,0,0,1,0,15,1161,1161
1788470037.532148,2.1686556757076896,8809.3984375,4.055316966983281,0.17049901546473306,0.0,0.0,84.0,0,0,1,0,15,1162,1161
1788470038.5317903,1.470525901044043,3337.38671875,5.817506375208572,0.1631776729844753,0.0,0.0,84.0,0,0,0,1,15,1163,1162
1788470039.5323958,1.1493040008154876,3337.38671875,6.579555494557339,0.13669319135998384,0.0,0.0,82.0,1,0,2,0,13,1163,1163
1788470040.5317082,1.5910940349572724,3337.38671875,4.685097651869772,0.1937672674177248,0.0,0.027362564476955304,84.0,2,0,3,0,11,1164,1164
1788470041.5322986,1.7289793413040877,3337.38671875,6.883168524440166,0.1996015993213845,0.0,0.0039039454057634665,84.0,1,2,0,0,13,1165,1165
1788470042.5319388,1.360489468242217,3337.38671875,4.001294601810963,0.15713909218075292,0.0,0.0,84.0,0,0,0,0,16,1166,1165
1788470043.531721,1.6103505349256584,3337.38671875,3.623909146559431,0.1825090958606054,0.0,0.0,86.0,0,0,1,0,15,1167,1166
1788470044.5323198,1.4391384323584246,3337.38671875,5.311765231491024,0.16253849645504984,0.0,0.0,86.0,1,1,0,0,14,1167,1167
1788470045.5315182,1.7113717727432083,3337.38671875,8.462434459842202,0.1793544267613343,0.0,0.027365685328024105,86.0,1,0,3,0,12,1168,1167
1788470046.532122,1.2092699929176023,3337.38671875,2.7376604661225743,0.17000616655022974,0.0,0.0039038933139155306,86.0,1,1,1,0,13,1169,1168
1788470047.5315049,1.6910434199268596,3337.38671875,6.499926998871107,0.1901312016367521,0.0,0.0,86.0,0,0,3,0,13,1170,1169
1788470048.532062,1.4991646890921062,3337.38671875,5.389337806116845,0.18336569651776266,0.0,7.0546630031017665,87.0,2,0,0,0,14,1170,1170
1788470049.5317004,1.400506536583492,3337.38671875,5.808825490061861,0.1827862946531746,0.0,0.0,89.0,0,0,1,0,15,1171,1171
1788470050.5315135,1.5802953890773168,3337.38671875,7.845026612487838,0.2112401991644251,0.0,0.01172094088021519,86.0,1,1,1,0,13,1172,1171
1788470051.5323582,1.4887424339179751,3349.2578125,3.8590477451893794,0.19087308327340183,0.0,0.003902953109058048,88.0,2,0,0,0,14,1173,1173
1788470052.5319836,1.4505433091024522,3349.2578125,5.6241329939206715,0.1510136705580823,0.0,0.0,89.0,0,0,2,0,14,1173,1173
1788470053.5316055,1.5005674123554662,3349.2578125,5.971291176749784,0.17460081980233347,0.0,0.0,90.0,0,0,3,0,13,1174,1174
1788470054.5321903,1.4891290965864592,3349.2578125,4.35634467280331,0.16921351414913943,0.0,0.0,92.0,0,1,1,0,14,1175,1174
1788470055.531825,1.5305590478086888,3349.2578125,3.387171064870687,0.1804515008209366,0.0,0.09378425538044997,93.0,0,0,0,0,16,1176,1175
1788470056.532401,1.4391710097405406,3349.2578125,5.109282487275777,0.17853085266589147,0.0,0.0,92.0,0,0,1,0,15,1176,1176
1788470057.5321567,1.6003911020472346,3373.2578125,6.413749240153112,0.20531045036593082,0.0,0.007814409677963235,89.0,1,0,2,0,13,1177,1177
1788470058.5315113,1.7211108033527718,3376.5078125,4.953643205680317,0.20426104895103228,0.0,0.0,89.0,1,1,0,0,14,1178,1178
1788470059.5320938,1.1993014589631534,3376.5078125,5.533457222939576,0.1535922942221678,0.0,0.0,90.0,1,0,1,0,14,1179,1179
1788470060.5317438,1.7506127117778993,3376.5078125,7.4479192603765085,0.204773093915431,0.0,0.0,89.0,1,0,1,0,14,1180,1179
1788470061.5315592,1.2802362496509938,3376.5078125,2.9689106790699005,0.1011443819407516,0.0,0.0,90.0,2,0,1,0,13,1180,1180
1788470062.532154,1.0193936092726459,3376.5078125,0.04915937122554594,0.012543845916852344,0.0,2.9435615096172105,90.0,1,0,1,0,14,1180,1180
1788470063.5317657,0.9503691080275092,3376.5078125,2.7273318346878783,0.09970913557573625,0.0,0.0,90.0,0,0,2,0,14,1181,1180
1788470064.5315108,1.5003824016540928,3376.5078125,5.534895134663333,0.19378832810467336,0.0,0.0,88.0,1,0,1,0,14,1181,1181
1788470065.5315232,1.7299785521310027,3376.5078125,5.960484040935009,0.1850772800401301,0.0,0.0,86.0,1,0,1,0,14,1182,1181
1788470066.5321183,1.3591911551655134,3386.5078125,5.585807281738467,0.2077192146397255,0.0,0.0,88.0,2,0,1,0,13,1183,1182
1788470067.5315025,1.681035240655904,3386.5078125,5.547761408738797,0.18523370233849057,0.0,0.0,90.0,1,0,1,0,14,1184,1183
1788470068.5315065,1.3499945283161507,3386.5078125,5.5529836652940965,0.19600979514920294,0.0,0.003906234167580402,90.0,0,1,1,0,14,1184,1184
1788470069.532107,1.8388956026977097,3386.51953125,6.483395654284205,0.20227300508027143,0.0,0.0,89.0,1,0,1,0,14,1185,1185
1788470070.5309305,0.9711426422454236,3386.51953125,2.5369042450068258,0.11838727980275789,0.0,0.0,89.0,1,0,1,0,14,1186,1185
1788470071.5325224,1.3578384286904956,3392.3046875,3.128555925389808,0.16611834235860623,0.0,0.027300290098907852,90.0,0,0,2,0,14,1187,1186
1788470072.5315077,1.4014220362158831,3421.2109375,3.6333321241188643,0.15081450140905306,0.0,0.0,90.0,0,1,1,0,14,1187,1187
1788470073.5321028,1.8189175752951723,3431.2109375,7.962621044605414,0.22367804041174227,0.0,0.6558597026305757,90.0,0,2,1,0,13,1188,1188
1788470074.531562,1.150622179770993,3431.2109375,1.0047490050180867,0.07581423441974258,0.0,0.0,91.0,2,0,2,0,12,1189,1188
1788470075.5323122,1.3789656863096542,3431.2109375,4.733535837234512,0.14121907348509213,0.0,0.0,90.0,1,0,2,0,13,1189,1189
1788470076.5319445,1.3905112095562242,3431.2109375,4.4324299829086415,0.1791544571335077,0.0,0.0273538063930173,90.0,0,0,0,0,16,1190,1189
1788470077.531566,1.4105340404634072,3432.5546875,6.158805890978544,0.15341082009847554,0.0,0.0,89.0,0,0,2,0,14,1191,1190
1788470078.5318189,1.2696788193641866,3432.5546875,2.9698774719243737,0.12499508386040309,0.0,0.003905262116645393,90.0,1,0,1,0,14,1191,1191
1788470079.5315082,1.2203791222566052,3432.5546875,3.4242558015130453,0.1473503106724754,0.0,0.0,87.0,0,0,1,0,15,1192,1191
1788470080.5315192,1.4099845363404078,3432.55859375,6.13703863530702,0.1542093530582808,0.0,7.140546687806215,87.0,1,0,2,0,13,1192,1192
1788470081.5321395,1.439107228038541,3442.96484375,6.827576314551719,0.1844949589054413,0.0,0.0,85.0,1,0,1,0,14,1193,1193
1788470082.5315197,1.3108125573756348,3442.96484375,2.685869994637026,0.10324774840971596,0.0,0.0,84.0,2,0,1,0,13,1194,1193
1788470083.531504,1.3900218728649574,3442.96484375,4.14526214296852,0.18022343987155712,0.0,0.0,85.0,1,0,3,0,12,1195,1194
1788470084.5315034,1.6400007820136397,3476.5,6.657823876296938,0.1843815729053368,0.0,0.003906251862646037,85.0,2,0,0,0,14,1195,1195
1788470085.5315125,1.1999891282101989,3476.5,4.200541586737562,0.1654876974743595,0.0,0.21484180355345367,86.0,1,0,2,0,13,1196,1195
1788470086.5321121,1.22926290602525,3499.62890625,3.1476763710800966,0.17105526828771983,0.0,0.015615636509461094,87.0,0,1,1,0,14,1197,1196
1788470087.531744,1.5705781585396683,3499.62890625,4.747601102853491,0.19004378977093847,0.0,0.0,86.0,1,0,0,0,15,1197,1197
1788470088.5315087,1.770416612910932,3506.0703125,5.980640147167505,0.21492198181058098,0.0,0.0,89.0,0,1,1,0,14,1198,1198
1788470089.5321047,1.379177945884644,3506.0703125,4.294318247885772,0.16108638859474972,0.0,0.0039039230805155544,90.0,0,0,1,0,15,1199,1198
1788470090.5317333,0.9503530144681402,3506.0703125,5.254406539294296,0.11248379940020216,0.0,0.0,90.0,1,0,2,0,13,1200,1199
1788470091.5315046,1.6203704870454356,3517.0546875,6.151704665368578,0.1954764036825017,0.0,0.0,92.0,1,0,3,0,12,1200,1200
1788470092.5322037,1.0992315895512013,3528.6171875,6.129007756533109,0.13798414003882556,0.0,0.0,92.0,1,1,0,0,14,1201,1200
1788470093.5315068,1.3709554154107064,3528.6171875,4.079129050783023,0.18497960457424414,0.0,0.0,91.0,0,0,1,0,15,1202,1201
1788470094.5316067,1.3698631542534614,3563.30859375,8.062200054687759,0.19333338578018144,0.0,0.019529299074098574,93.0,0,1,1,0,14,1202,1202
1788470095.531517,1.440129100928371,3551.7421875,4.528917997638491,0.13482348767074684,0.0,0.0,90.0,1,0,3,0,12,1203,1202
1788470096.531521,1.5899935555729818,3551.7421875,2.723532128323035,0.1934215335450005,0.0,0.0,92.0,3,0,0,0,13,1204,1203
1788470097.5315099,1.550017368987391,3551.7421875,5.043142563748478,0.18138325810745504,0.0,0.0,91.0,0,0,2,0,14,1205,1204
1788470098.531532,1.1499745016979732,3551.7421875,4.9924496894309245,0.1520495079507257,0.0,0.0,90.0,3,0,0,0,13,1205,1205
1788470099.5315142,1.6300291471935062,3551.7421875,4.606973057503536,0.18664884535393753,0.0,0.00390631985044212,91.0,0,1,1,0,14,1206,1206
1788470100.532095,1.6590364521031538,3574.87109375,5.453255622221057,0.18054203977372912,0.0,0.0,90.0,0,1,2,0,13,1207,1206
1788470101.5315087,1.530897521258284,3563.3046875,4.3584359631618055,0.1943220705918277,0.0,0.0,90.0,0,0,1,0,15,1208,1207
1788470102.532106,1.3991643651160857,3563.3046875,5.204782014144556,0.16712888292033304,0.0,0.02342351057672627,93.0,1,0,2,0,13,1208,1208
1788470103.5317104,1.5906291517656337,3580.6484375,6.1355187477117665,0.19683326396582587,0.0,0.0,90.0,1,0,1,0,14,1209,1208
1788470104.5323365,1.4091177694170238,3580.6484375,5.479482383551787,0.18355035704669842,0.0,0.0039038058771530618,92.0,2,0,1,0,13,1210,1209
1788470105.531525,1.6713564341779785,3580.6484375,5.864687775895392,0.18367224223913717,0.0,0.0,93.0,0,1,3,0,12,1211,1210
1788470106.5322661,1.918577866890941,3587.5859375,8.267917405316084,0.20560283203010998,0.0,0.0,95.0,1,0,0,0,15,1211,1211
1788470107.5315232,1.9614571906581506,3587.5859375,7.621352227578433,0.18575544690431448,0.0,0.027364079110743778,95.0,0,0,1,0,15,1212,1211
1788470108.5321343,1.8388763236958927,3587.5859375,9.16971540913734,0.1846539335175501,0.0,0.0,96.0,1,0,0,0,15,1213,1212
1788470109.5317516,2.1508230378566346,3588.59375,6.779426808363777,0.20201688697423784,0.0,0.003907745344943675,98.0,0,0,1,0,15,1214,1213
1788470110.5323687,2.0787173746676135,3617.875,9.010363859732392,0.1790667951426913,0.0,0.0,98.0,0,0,1,0,15,1214,1214
1788470111.531519,2.5121346206152375,4115.25390625,5.905951693495659,0.18903105418136176,0.0,7.615846366035592,97.0,0,2,1,0,13,1215,1214
1788470112.5315452,2.4399360101320795,4597.25390625,7.984956182198514,0.21441850995156891,0.0,0.0,98.0,0,1,4,0,11,1216,1215
1788470113.531569,4.0199041580157795,5476.16015625,9.11838535343758,0.1640194888236803,0.0,3.023365417351309,99.0,0,0,3,3,10,1217,1216
1788470114.531517,2.7101408602494446,6209.5390625,9.072650393911807,0.1545185291860968,0.0,0.0,98.0,3,0,1,0,12,1217,1217
1788470115.5321546,2.9081459659782323,6585.03125,7.320095554468001,0.2099586893236038,0.0,0.0039037612301041366,97.0,1,0,1,0,14,1218,1218
1788470116.5312483,2.0118231725406033,3421.51953125,9.790025684267498,0.14437121271599138,0.0,0.0,96.0,0,0,1,1,14,1219,1218
1788470117.5318928,1.0293366487124627,3421.51953125,2.6685683392951216e-05,4.0028525089426825e-05,0.0,0.003903734256340292,96.0,0,0,1,1,14,1219,1218
1788470118.5315034,1.4605686542054785,3410.984375,4.25801690616793,0.1323967466085462,0.0,0.0,93.0,1,0,2,0,13,1219,1219
1788470119.5320714,2.5185696714030623,3410.984375,9.862101667839815,0.21454833647311236,0.0,0.0,98.0,1,0,2,0,13,1220,1219
1788470120.5315168,2.181209615126178,3410.984375,7.450159328126245,0.20477874645334493,0.0,0.00390841745829773,96.0,1,0,0,0,15,1221,1220
1788470121.5321004,2.2486875564722433,3410.984375,8.714967193677396,0.22865778106497597,0.0,0.0,96.0,0,0,1,0,15,1222,1221
1788470122.5315094,2.2913542812506873,3410.984375,8.556027028800106,0.21645941803391125,0.0,0.011725680342094433,96.0,1,0,2,0,13,1222,1222
1788470123.5321052,2.268648321114433,3410.984375,9.52431648566778,0.19614835387793994,0.0,0.0,98.0,0,0,0,0,16,1223,1222
1788470124.5315113,2.32137866837156,3410.984375,9.87275720553374,0.1874644694312461,0.0,0.0,95.0,0,0,2,0,14,1224,1223
1788470125.5320835,2.2287247134890067,3410.984375,9.148974052017964,0.20927661326602973,0.0,0.0039040161040664293,96.0,0,1,0,0,15,1225,1224
1788470126.5315208,1.781002112623387,3410.984375,11.519400068321524,0.2268799392358295,0.0,0.0,96.0,0,0,2,0,14,1225,1225
1788470127.5316696,1.7497396856394198,3410.984375,7.484645266855593,0.15978343370851658,0.0,0.011717006823478258,96.0,1,2,1,0,12,1226,1226
1788470128.5315115,2.7604363463636767,3410.984375,11.308746742985392,0.24207794610935937,0.0,0.0,98.0,0,0,2,0,14,1227,1226
1788470129.531508,1.6600059366437052,3430.98828125,2.873852517077388,0.07714489869439135,0.0,0.0,98.0,0,0,2,0,14,1227,1227
1788470130.5322807,2.4181314744690776,3410.984375,11.547016172548478,0.2187774044113881,0.0,0.0,97.0,0,0,2,0,14,1228,1227
1788470131.5310678,2.3628657670401036,3410.984375,9.125621327326801,0.2361042648303967,0.0,0.003910993390889037,98.0,1,0,1,0,14,1229,1228
1788470132.531671,1.8488847545549123,3410.984375,6.948630324668548,0.17241949526714662,0.0,0.031231161394517867,98.0,1,0,2,0,13,1230,1229
1788470133.531811,1.9697243337195336,3410.984375,4.639112673011051,0.12242606542100856,0.0,0.0,98.0,1,0,1,0,14,1230,1230
1788470134.5315046,2.060631311233711,3410.984375,5.779766798099413,0.16957709945984029,0.0,0.0,98.0,1,0,1,0,14,1231,1230
1788470135.5315092,2.3099895358563654,3410.984375,10.421238421552179,0.20620634128559007,0.0,0.0,98.0,0,1,1,0,14,1232,1231
1788470136.5322635,1.888575341133645,3410.984375,4.4159631473069005,0.13887896226963492,0.0,0.003903305516563795,98.0,0,0,2,0,14,1232,1232
1788470137.531895,1.5505715331055985,3410.984375,2.605277003824213,0.09788688018721806,0.0,0.0,98.0,0,0,2,0,14,1233,1232
1788470138.5324962,2.1786899718981014,3410.984375,10.6890187965858,0.21521597512024562,0.0,0.027327318311504933,97.0,0,0,2,0,14,1233,1233
1788470139.5321019,2.2408836797727174,3410.984375,8.601480209414094,0.21029372831025725,0.0,0.0,96.0,2,0,0,0,14,1234,1234
1788470140.5315046,1.9411593351690137,3410.984375,11.575541670771905,0.2077065240962174,0.0,0.0,95.0,0,0,1,0,15,1235,1234
1788470141.5320876,2.4585668192212955,3410.984375,5.706251195866134,0.19200099886840982,0.0,0.0039039742429199365,96.0,0,0,2,0,14,1236,1235
1788470142.531707,2.1808298407610085,3410.98828125,8.757593421721714,0.17239454786739264,0.0,0.0,96.0,1,0,1,0,14,1236,1236
1788470143.5323372,2.1486460515223267,3410.98828125,10.03876579809085,0.21206939234638894,0.0,6.6325393196530715,95.0,0,0,1,0,15,1237,1237
1788470144.531508,2.3419419847067404,3440.45703125,10.523905311267994,0.19729571211021407,0.0,1.2432184013366339,95.0,2,0,1,0,13,1238,1237
1788470145.5320983,2.2286843532427203,3460.45703125,8.986243739247708,0.1875380648973737,0.0,0.0,95.0,0,1,2,0,13,1239,1238
1788470146.5317154,1.8106933149007785,3460.45703125,5.614309449428506,0.17247986857150216,0.0,0.0,95.0,0,0,0,0,16,1239,1239
1788470147.5315118,1.6703400970571056,3460.45703125,7.373476254635205,0.18709177407623795,0.0,0.003907045511452384,97.0,0,0,1,0,15,1240,1239
1788470148.5315037,2.3300188876728716,3480.4609375,10.11479852274651,0.19647376063057456,0.0,0.0,96.0,0,0,1,0,15,1241,1240
1788470149.5315087,1.5099924397840179,3460.45703125,5.629710620898476,0.13752200890488933,0.0,0.39843550511703313,95.0,2,0,0,0,14,1241,1241
1788470150.532092,2.388606462475704,3460.45703125,9.497808185427251,0.2187654211555558,0.0,0.0,96.0,0,1,1,0,14,1242,1241
1788470151.5315137,2.1912674366950378,3460.45703125,7.127490828693011,0.1913967916050992,0.0,0.0,95.0,1,0,2,0,13,1243,1242
1788470152.53211,2.3086234028023376,3500.4609375,6.850408346349187,0.18298300731151435,0.0,0.0039039221503024326,96.0,0,0,1,0,15,1244,1243
1788470153.5317397,2.2708408107235156,3580.46484375,7.488593527256925,0.18383252427821256,0.0,0.01563078751874366,96.0,0,0,2,0,14,1244,1244
1788470154.5323107,1.719018419000521,3568.4609375,6.323469946260144,0.1585512804230182,0.0,0.0,98.0,0,0,1,0,15,1245,1244
1788470155.5319433,2.0607571284133788,3568.4609375,8.579556726674033,0.17689909971062043,0.0,0.0,98.0,0,1,0,0,15,1246,1245
1788470156.5315459,2.4109582203284483,3608.46484375,5.729936553057181,0.20109158031091173,0.0,0.0,96.0,1,0,2,0,13,1247,1246
1788470157.532112,1.8089761091991519,3568.4609375,5.412374263643768,0.16773266855355592,0.0,0.003904040290915815,97.0,0,1,0,0,15,1247,1247
1788470158.5315049,1.851123657424334,3568.4609375,5.095051765870072,0.1348541590425783,0.0,0.0,97.0,0,0,2,0,14,1248,1247
1788470159.5320868,1.9688541667413837,3568.4609375,9.07871505178418,0.1820115351302021,0.0,0.011711933891623151,97.0,1,0,2,0,13,1248,1248
1788470160.5315788,2.1310827391905005,3570.4609375,8.61526277660774,0.19773420610265846,0.0,0.0,97.0,0,0,2,0,14,1249,1249
1788470161.531517,2.420149445225386,3592.46484375,4.881246624678562,0.17936765103855587,0.0,0.0,97.0,1,0,0,0,15,1250,1249
1788470162.5315068,1.9500199916017202,3592.46484375,12.167142674239871,0.20656129887958807,0.0,0.0,97.0,0,0,1,0,15,1251,1250
1788470163.532084,1.8189500813140231,3592.46484375,10.241092280289989,0.18626238316782728,0.0,0.031231972550024127,98.0,0,0,2,0,14,1251,1251
1788470164.5317202,1.5805750554891076,3576.4609375,3.456286023252364,0.11773005868662734,0.0,0.0,97.0,1,0,2,0,13,1252,1251
1788470165.5323055,2.328637007748049,3576.4609375,10.795886063507577,0.2238279586700118,0.0,0.0,96.0,2,0,1,0,13,1253,1252
1788470166.531202,2.422673180455121,3576.4609375,12.09104856795609,0.21960838976570027,0.0,0.0,98.0,1,0,2,0,13,1253,1253
1788470167.5318458,1.9887198010769311,3576.4609375,8.367457357677047,0.18389403488774372,0.0,0.0,96.0,1,0,2,0,13,1254,1254
1788470168.5324457,2.2186691066095445,3612.46484375,10.437728565914192,0.21784398663750174,0.0,0.03123126557727041,95.0,0,0,1,0,15,1255,1254
1788470169.5315056,2.15202308345235,3612.46484375,8.763516078924942,0.1703318640088527,0.0,0.0,96.0,1,1,0,0,14,1256,1255
1788470170.532089,1.9488630133174571,3672.46875,5.368075446935022,0.13914764063915158,0.0,0.0,96.0,1,0,1,0,14,1256,1256
1788470171.5308645,2.102574640118924,3612.46484375,10.772089350439037,0.21994534475580832,0.0,0.0,95.0,0,0,1,0,15,1257,1256
1788470172.531509,1.7388793871449104,3612.46484375,0.8130517771354682,0.0503044193159554,0.0,0.0,96.0,0,0,1,0,15,1257,1257
1788470173.5321047,1.2792378198354633,3612.46484375,2.095139562185788,0.062182570875973925,0.0,0.0039039240107291194,96.0,1,0,2,0,13,1258,1257
1788470174.5317333,2.1908137912476264,3752.33984375,12.89304909002358,0.20599578414719136,0.0,7.44417143323254,97.0,0,3,0,0,13,1258,1258
1788470175.532307,2.2886871287269903,3752.33984375,10.788728313369282,0.21866080810920935,0.0,0.0,98.0,0,0,2,0,14,1259,1258
1788470176.531505,2.642118455020334,3754.33984375,7.870385195114892,0.21076125862902867,0.0,0.0,97.0,2,0,1,0,13,1260,1260
1788470177.5315883,2.119823613538365,3754.33984375,10.958545557880473,0.19427590315575569,0.0,0.0039059249954644638,97.0,1,0,0,0,15,1261,1260
1788470178.532196,1.918833869091985,3754.33984375,9.726918717429465,0.17955167836471755,0.0,0.0039038775005938975,98.0,0,0,1,0,15,1261,1261
1788470179.531846,2.520882304959702,3754.33984375,8.654433419289473,0.2109846414217012,0.0,0.0,98.0,0,0,2,0,14,1262,1262
1788470180.5315065,2.2407607563304697,3867.34765625,6.086284367785389,0.16641640113716585,0.0,0.0,98.0,1,0,3,0,12,1263,1262
1788470181.5320766,2.3186782170252496,3868.34375,5.567014996324489,0.19174803029526807,0.0,0.0,96.0,0,0,1,0,15,1264,1263
1788470182.5315182,2.1311900060163853,3897.34765625,7.361733718006032,0.19957623661664872,0.0,0.0,95.0,1,0,2,0,13,1264,1264
1788470183.5322776,2.488110620420705,3917.34765625,10.877146789425773,0.22108836973724053,0.0,0.0039032859883611367,94.0,0,1,0,0,15,1265,1265
1788470184.5319066,1.4805492531385547,3917.34765625,4.05393121647187,0.07560864616714384,0.0,0.011723099027177402,95.0,1,1,0,0,14,1266,1265
1788470185.5315163,1.8707301295341026,3957.34765625,6.997572666753644,0.17403146970651379,0.0,0.0,95.0,0,0,3,0,13,1266,1266
1788470186.5322824,2.368185877507042,3977.34765625,7.494464942012146,0.19779884155323255,0.0,0.0,94.0,1,0,2,0,13,1267,1266
1788470187.5315053,1.8013996986442706,4013.34765625,7.54048310146992,0.14628427993495655,0.0,0.0,96.0,0,0,2,0,14,1268,1267
1788470188.5321124,2.098726044532855,4013.34765625,10.779234902367252,0.21924538642076796,0.0,0.0,97.0,0,0,1,0,15,1268,1268
1788470189.5317583,2.4508677336177014,4075.35546875,8.289132442874353,0.203579501046909,0.0,0.003907633503855043,96.0,0,0,2,0,13,1269,1269
1788470190.5315185,2.230534991789752,4099.21484375,6.242416351043976,0.13997001882527785,0.0,0.0,95.0,0,0,2,0,9,1270,1269
1788470191.5322936,2.2682418884331073,4169.3515625,5.745325552613367,0.19185549683089323,0.0,0.0,96.0,0,0,1,0,5,1270,1270
1788470192.5319467,1.5105239993133788,4151.4765625,7.521559684119318,0.1039083448986596,0.0,0.01172281663374951,96.0,0,0,0,0,2,1271,1271
1788470193.5317361,0.7401558202715837,4649.35546875,3.111644645266955,0.047038444267818565,0.0,0.0,96.0,0,1,0,0,0,1271,1271
1788470194.5323417,2.7083598627930816,5788.84765625,0.0010445944619337769,0.0037056416678818657,0.0,0.003903885872336451,97.0,0,0,2,6,0,1271,1271
1788470195.5319605,1.3205034172446617,5686.84375,0.001675290772901981,0.0011276729462244542,0.0,0.0,96.0,0,0,1,0,0,1271,1271
1788470196.5315897,1.0003708783893779,6040.84375,0.011076265237914313,0.010843482402595528,0.0,0.0,96.0,0,0,1,0,0,1271,1271
1788470197.532196,0.9993940689293211,6394.84375,0.001540203872097315,0.0009206911760185683,0.0,0.0,96.0,0,0,1,0,0,1271,1271
1788470198.531826,1.0003701626044184,6748.84375,0.006267005537174629,0.0058243368556022395,0.0,0.0,96.0,0,0,1,0,0,1271,1271
1788470199.5324242,0.9894081437507662,7400.84375,0.0013457830977934924,0.004017334105665418,0.0,0.058558720629201255,96.0,0,0,1,0,0,1271,1271
1788470200.532005,1.0004193156139491,8768.84375,0.0,0.0,0.0,0.0,96.0,0,0,1,0,0,1271,1271
1788470200.7895558,1.0483372120811658,3286.92578125,0.0,0.0,0.0,0.0,96.0,0,0,0,0,0,1271,1271
